0.0,0.0,0.6915746927261353,0.0490476340055465,-0.0660687983036041,0.6924015283584595,0.1727184057235717,0.0466532111167907,0.3960674405097961,0.0337223559617996,-0.0272546410560607,0.0377495884895324,-0.0490430071949958,0.0660778284072876,0.6907495856285095,-0.0210823584347963,0.0481462776660919,0.3584383428096771,-0.1062303483486175,-0.0875986814498901,0.0,0.0445419140160083,0.1025728285312652,0.8564229011535645,0.114749863743782,0.1521543860435485,1.0722103118896484,0.169350117444992,0.2036539018154144,1.1235833168029783,0.1523177623748779,0.1525239646434784,1.206397294998169,0.0484702698886394,0.231093168258667,1.0568232536315918,-0.0235827267169952,0.1547822058200836,0.9044827818870544,0.0203925520181655,0.2666195034980774,0.725782573223114,0.1644603312015533,0.0599710941314697,1.0201162099838257,0.0829926431179046,-0.0985131189227104,0.8523778915405273,0.1987982243299484,0.0755928456783294,0.7038917541503906
0.0,0.0,0.6720303297042847,0.0485792532563209,-0.064895361661911,0.6735642552375793,0.1711922436952591,0.0334797501564025,0.3763112723827362,0.0331400409340858,-0.0471001267433166,0.0153402090072631,-0.0485742837190628,0.0649049580097198,0.6704985499382019,-0.0240969695150852,0.050072431564331,0.343747615814209,-0.1139005795121193,-0.0933162569999694,0.0,0.0432926788926124,0.0978611707687377,0.837685763835907,0.1125277429819107,0.1461163461208343,1.0520509481430054,0.1649341583251953,0.1958310306072235,1.1038538217544556,0.1465319246053695,0.1428104639053344,1.184858322143555,0.0464985258877277,0.2245306968688964,1.0379838943481443,-0.0237664207816123,0.1508267521858215,0.88934326171875,0.0277909189462661,0.2643933296203613,0.717481255531311,0.1616564393043518,0.0537760853767395,0.998599112033844,0.0753098353743553,-0.1031602919101715,0.8340573906898499,0.1966504901647567,0.0767956748604774,0.6817960739135742
0.0,0.0,0.6566545367240906,0.0463169291615486,-0.0656249970197677,0.6587679982185364,0.1668225526809692,0.0221601426601409,0.3645867109298706,0.035535342991352,-0.0642586946487426,0.0,-0.0463109761476516,0.0656348690390586,0.654543399810791,-0.0200885981321334,0.053564429283142,0.3374195694923401,-0.1177670657634735,-0.0927004814147949,0.0066974759101867,0.0378487519919872,0.0958419740200042,0.8252087831497192,0.1021672338247299,0.1384865939617157,1.0404033660888672,0.1556604206562042,0.1855186820030212,1.093149185180664,0.1356194466352462,0.1314121782779693,1.172849178314209,0.0395735502243042,0.2174910902976989,1.0272619724273682,-0.0217160880565643,0.1537033021450042,0.8821349143981934,0.0391405448317527,0.2641188502311706,0.7200918793678284,0.1500610560178756,0.0463684797286987,0.986620843410492,0.0675294995307922,-0.1078325659036636,0.8232334852218628,0.1928441226482391,0.0813710987567901,0.6697820425033569
0.0,0.0,0.653650164604187,0.0426691025495529,-0.0671067461371421,0.6567710638046265,0.1635654419660568,0.0230483412742614,0.3688445389270782,0.0388201773166656,-0.0666967034339904,0.0,-0.0426621064543724,0.0671159029006958,0.6505314111709595,-0.0082557220011949,0.0674072504043579,0.340259850025177,-0.1115312203764915,-0.0802101492881774,0.020323634147644,0.0320350266993045,0.1011992394924163,0.822074294090271,0.0937209799885749,0.1396408975124359,1.037981629371643,0.1499972939491272,0.1837337017059326,1.0894173383712769,0.1286939978599548,0.1319698989391327,1.168647050857544,0.036299854516983,0.2199299335479736,1.0252037048339844,-0.0137957409024238,0.1616397649049759,0.8839605450630188,0.0519957318902015,0.2671855092048645,0.7252030372619629,0.1389913558959961,0.049719363451004,0.9839226007461548,0.0608511120080947,-0.1028929278254509,0.821854293346405,0.1876756101846695,0.0931881815195083,0.6671040058135986
0.0,0.0,0.6437005400657654,0.0438958555459976,-0.0670406445860862,0.6493728756904602,0.1600644886493683,0.0248375236988067,0.366105169057846,0.037821926176548,-0.0692884922027587,0.0,-0.0438885614275932,0.0670488849282264,0.6380295753479004,0.0034289881587028,0.0815665572881698,0.3330690264701843,-0.1091726273298263,-0.0690373182296752,0.0292251706123352,0.0292875356972217,0.1104233562946319,0.8088539838790894,0.0929162949323654,0.1474140584468841,1.0263605117797852,0.1526284962892532,0.1919853687286377,1.0799307823181152,0.1298289895057678,0.1434916853904724,1.1589674949645996,0.035010427236557,0.2273207306861877,1.012708306312561,-0.0103308111429214,0.1711854338645935,0.8768647909164429,0.0616466924548149,0.2769788205623626,0.7206554412841797,0.137270838022232,0.0601530969142913,0.973567545413971,0.0571508929133415,-0.0969794988632202,0.8102602362632751,0.1855279058218002,0.0974270701408386,0.6519813537597656
0.0,0.0,0.6459589600563049,0.0462274998426437,-0.0672894641757011,0.6541066765785217,0.1560681164264679,0.0196923911571502,0.3663330674171448,0.0284918546676635,-0.0739173293113708,0.0,-0.0462208986282348,0.0672974735498428,0.6378123760223389,0.0158336628228425,0.0896835178136825,0.3323399126529693,-0.1090254932641983,-0.0650990605354309,0.0379811525344848,0.0314956307411193,0.118164911866188,0.8070806264877319,0.0990559086203575,0.1588004231452942,1.024402379989624,0.1579342633485794,0.2028976678848266,1.0797539949417114,0.1348927319049835,0.1580727100372314,1.1581907272338867,0.0401464104652404,0.2391672134399414,1.011181116104126,-0.0052067935466766,0.182451844215393,0.8828014135360718,0.0783952921628952,0.288252979516983,0.7185126543045044,0.143325001001358,0.0730205774307251,0.9738273620605468,0.0609025955200195,-0.0919076055288314,0.8141606450080872,0.1913440227508545,0.0972725003957748,0.6514856815338135
0.0,0.0,0.6522408723831177,0.0496206507086753,-0.0682806149125099,0.6619457602500916,0.1484628915786743,0.0071434676647186,0.3640903532505035,0.0112272948026657,-0.095929205417633,0.0,-0.0496146380901336,0.0682889223098754,0.6425370573997498,0.0208019558340311,0.0915634930133819,0.3342053592205047,-0.1153655499219894,-0.064906895160675,0.043792724609375,0.0359304882586002,0.1235536187887191,0.8116727471351624,0.1044210791587829,0.1661988496780395,1.0282838344573977,0.162588283419609,0.208501935005188,1.085727572441101,0.1399841606616974,0.1645108759403228,1.1650230884552002,0.0418615788221359,0.248548150062561,1.0157506465911863,-0.0042763501405715,0.1912636160850525,0.8892509937286377,0.0849741697311401,0.2959938049316406,0.712765097618103,0.1520386487245559,0.0773525834083557,0.978344976902008,0.0723993182182312,-0.0957352444529533,0.8192366361618042,0.198881596326828,0.0829376727342605,0.6562808156013489
0.0,0.0,0.6628186106681824,0.0517693012952804,-0.0679249763488769,0.6737103462219238,0.1358952969312667,-0.0012175142765045,0.3692358434200287,-0.0116018466651439,-0.1111813187599182,0.0,-0.0517637655138969,0.0679335594177246,0.6519281268119812,0.0240076314657926,0.0862126648426055,0.3447553515434265,-0.1190016865730285,-0.0689412951469421,0.0527718067169189,0.0393293723464012,0.1244574785232544,0.8214437365531921,0.1063485071063041,0.1684669852256775,1.0367997884750366,0.16204434633255,0.2078655362129211,1.0929090976715088,0.1394442319869995,0.1621931195259094,1.172600269317627,0.0421923995018005,0.2523130178451538,1.0223263502120972,-0.007988728582859,0.1968094408512115,0.8926153779029846,0.0818454325199127,0.2995829582214355,0.70963454246521,0.156776875257492,0.0794712603092193,0.98620867729187,0.0805413722991943,-0.0970775634050369,0.8275141716003418,0.2034238874912262,0.0681899711489677,0.6630533337593079
0.0,0.0,0.6667400002479553,0.0522565469145774,-0.0677815973758697,0.6782132983207703,0.1205327659845352,-0.0052176117897033,0.369808554649353,-0.0319965332746505,-0.1162247061729431,0.0,-0.0522512048482894,0.0677900910377502,0.6552680134773254,0.0279767587780952,0.0753906965255737,0.3483485579490661,-0.1093357056379318,-0.0701002478599548,0.055290400981903,0.0402103438973426,0.1232285797595977,0.8250013589859009,0.1061056107282638,0.1671527326107025,1.0402281284332275,0.1619891673326492,0.2028039693832397,1.0964713096618652,0.1376490890979766,0.1540151834487915,1.177595853805542,0.0421677604317665,0.2535751461982727,1.0242825746536257,-0.01448355615139,0.1942053437232971,0.8863607048988342,0.0734499245882034,0.2928405702114105,0.7018179893493652,0.1578537821769714,0.0780878663063049,0.9902594089508056,0.0866573750972747,-0.1008414775133133,0.8298661708831787,0.2082061469554901,0.0598317980766296,0.6611881852149963
0.0,0.0,0.6686514616012573,0.0518801510334014,-0.0691477358341217,0.6820613145828247,0.1108763962984085,-0.0068909227848052,0.3714529573917389,-0.0488472953438758,-0.1129663586616516,0.0,-0.0518749952316284,0.069156564772129,0.6552429795265198,0.033472940325737,0.0619252026081085,0.3451433777809143,-0.0923051238059997,-0.0729622244834899,0.0440335273742675,0.0413386821746826,0.1239124536514282,0.8251631259918213,0.1076698750257492,0.1691085398197174,1.0398393869400024,0.1623880416154861,0.2017679810523986,1.0963300466537476,0.138353556394577,0.1516210436820984,1.1772489547729492,0.0450160577893257,0.2586161196231842,1.022832989692688,-0.0182338282465934,0.1943948119878769,0.8787972927093506,0.06483044475317,0.2947070300579071,0.6896935701370239,0.1591788232326507,0.0788333117961883,0.9912992715835572,0.0907829627394676,-0.1005146503448486,0.8281772136688232,0.2150799036026001,0.0563529655337333,0.6582735180854797
0.0,0.0,0.6660882234573364,0.0561018288135528,-0.069174587726593,0.6800372004508972,0.105762094259262,-0.0058615505695343,0.3649594783782959,-0.0567090883851051,-0.1078895330429077,0.0,-0.0560966879129409,0.0691844299435615,0.6521406769752502,0.0373054705560207,0.0599901378154754,0.3366220593452453,-0.0757008492946624,-0.0627813339233398,0.0230221152305603,0.0426433458924293,0.1274020075798034,0.8211356997489929,0.1123633533716201,0.1756402254104614,1.034675359725952,0.1646591871976852,0.2084570527076721,1.0909628868103027,0.1427017748355865,0.1570786535739898,1.1721349954605105,0.041764348745346,0.2650211453437805,1.0140706300735474,-0.0287916138768196,0.1948490589857101,0.86604243516922,0.050988208502531,0.306629866361618,0.6762833595275879,0.1676563024520874,0.0850925743579864,0.988516330718994,0.0998523086309433,-0.0901966169476509,0.8221004009246826,0.2157996892929077,0.0538842342793941,0.6438506245613098
0.0,0.0,0.6632927656173706,0.0582398325204849,-0.0667468234896659,0.6750538349151611,0.0999366492033004,-0.0024535059928894,0.3628528118133545,-0.0657117590308189,-0.094230830669403,9.846687316894533e-05,-0.0582340508699417,0.0667573660612106,0.6515331864356995,0.0422994680702686,0.0632245540618896,0.3332699239253998,-0.0489758774638175,-0.0355429053306579,0.0,0.0427287817001342,0.1297388970851898,0.8154892325401306,0.1161168217658996,0.1824539303779602,1.0246373414993286,0.1631952822208404,0.2155869007110595,1.079277515411377,0.1447802484035492,0.1658773422241211,1.1593663692474363,0.0393085777759552,0.2687581479549408,1.00033700466156,-0.034798040986061,0.1946508586406707,0.8492686748504639,0.0434179194271564,0.3250301778316498,0.6545343399047852,0.1741493940353393,0.094594269990921,0.981591820716858,0.1081237494945526,-0.0730101615190506,0.8175254464149475,0.2163103222846985,0.0514986850321292,0.6380952596664429
0.0,0.0,0.6655253171920776,0.05789066106081,-0.0622616931796073,0.6743040084838867,0.0908830314874649,0.0037693381309509,0.3710584342479706,-0.0772711783647537,-0.0772660970687866,0.0140332579612731,-0.0578847527503967,0.0622722804546356,0.6567478775978088,0.05186777561903,0.0671440958976745,0.3430903553962707,-0.0156272202730178,-0.008610725402832,0.0,0.0392264947295188,0.126961201429367,0.818138599395752,0.1130569279193878,0.1812319457530975,1.0229239463806152,0.1580252647399902,0.2143800258636474,1.076653003692627,0.1418747901916504,0.166877806186676,1.1560399532318115,0.0349699929356575,0.2634778320789337,0.9946570992469788,-0.0409881323575973,0.188452661037445,0.8393996357917786,0.0344980731606483,0.326156735420227,0.6418414115905762,0.1701786816120147,0.0961431562900543,0.9801329970359802,0.1076434776186943,-0.061994656920433,0.8195074796676636,0.2172347903251648,0.040287896990776,0.6408270001411438
0.0,0.0,0.6604364514350891,0.056266576051712,-0.0579569786787033,0.6658254861831665,0.0782324075698852,0.0028115808963775,0.3730516135692596,-0.0956243872642517,-0.080525517463684,0.0256638526916503,-0.0562615394592285,0.0579672046005725,0.6550480723381042,0.0559621267020702,0.0698726177215576,0.3493818044662475,0.009448243305087,0.0061127543449401,0.0,0.0327626653015613,0.1216838061809539,0.8152523040771484,0.1064980030059814,0.1766431927680969,1.0178134441375732,0.1521181613206863,0.2122116088867187,1.0687997341156006,0.1374245584011078,0.1679474711418151,1.1477670669555664,0.0309835895895957,0.2543904185295105,0.9856168031692504,-0.0466208010911941,0.184523731470108,0.8273379802703857,0.0228911042213439,0.3227031528949737,0.6353877782821655,0.1618895083665847,0.0949600040912628,0.975328803062439,0.1064812690019607,-0.0487691462039947,0.8183419108390808,0.2226064205169677,0.0416532345116138,0.6434205770492554
0.0,0.0,0.6610025763511658,0.0574595630168914,-0.0553051494061946,0.6651670336723328,0.0701408609747886,0.0003160238265991,0.3768567740917206,-0.110656090080738,-0.0936794281005859,0.0394311547279357,-0.0574556067585945,0.0553150475025177,0.656838059425354,0.059577289968729,0.0714245587587356,0.3557111322879791,0.0208245143294334,0.0144209265708923,0.0,0.0291308499872684,0.1186263859272003,0.8180100917816162,0.1016641780734062,0.1715631186962127,1.0199425220489502,0.1502037346363067,0.2094709873199463,1.0699725151062012,0.1354956775903701,0.1661981642246246,1.151569366455078,0.0265458524227142,0.2470808923244476,0.9895744919776917,-0.0548131912946701,0.1827219128608703,0.826830267906189,0.0118258371949195,0.3229712843894958,0.6468109488487244,0.1575054973363876,0.0913595855236053,0.977240800857544,0.1078890860080719,-0.0396415665745735,0.8228194713592529,0.2362094670534134,0.0526555404067039,0.6579465270042419
0.0,0.0,0.6703879237174988,0.0586657524108886,-0.0558152757585048,0.6747855544090271,0.0736781954765319,-0.0061602592468261,0.3852812051773071,-0.1215662211179733,-0.1090967655181884,0.0526041388511657,-0.0586627423763275,0.0558249987661838,0.6659901142120361,0.0569749437272548,0.0685613900423049,0.3630929589271545,0.0214726217091083,0.0051658749580383,0.0,0.0295962188392877,0.1156812012195587,0.8302158117294312,0.0998687595129013,0.1715249121189117,1.0347824096679688,0.1515532284975052,0.2137437760829925,1.0837641954421997,0.1379877179861068,0.1702375411987304,1.1679309606552124,0.0236771330237388,0.2470385432243347,1.005074143409729,-0.0616516917943954,0.1846819519996643,0.8396558165550232,0.0003565102815628,0.3284419178962707,0.6682463884353638,0.1574741154909134,0.0888798832893371,0.9920780658721924,0.1120429337024688,-0.0370078831911087,0.8354902863502502,0.2456392049789428,0.0662868320941925,0.6802425384521484
0.0,0.0,0.6850435733795166,0.0598024055361747,-0.0589645206928253,0.6895395517349243,0.0823980644345283,-0.0091757476329803,0.3940332531929016,-0.126671701669693,-0.1219462752342224,0.0695703029632568,-0.0597999542951583,0.0589735880494117,0.6805477738380432,0.0523063763976097,0.0644748210906982,0.3675630688667297,0.0112916305661201,-0.0149207711219787,0.0,0.0311017446219921,0.1153992563486099,0.8471745848655701,0.0991481095552444,0.17744180560112,1.05617094039917,0.1525686085224151,0.2223700582981109,1.1048197746276855,0.1416415572166443,0.1797074079513549,1.1926238536834717,0.019315168261528,0.2532634735107422,1.0264767408370972,-0.0716428756713867,0.191874548792839,0.8561773300170898,-0.0112287402153015,0.3403737246990204,0.6930181384086609,0.1579513102769851,0.0895097851753234,1.0125365257263184,0.1113493368029594,-0.0415033400058746,0.8473421335220337,0.2508003413677215,0.0751434117555618,0.701143741607666
0.0,0.0,0.7005009651184082,0.0588282123208045,-0.0644932836294174,0.7039627432823181,0.0950821116566658,-0.0083980858325958,0.4053398072719574,-0.123655192553997,-0.1235076189041137,0.0861074924468994,-0.0588259845972061,0.0645011961460113,0.6970397233963013,0.0503714419901371,0.0646380484104156,0.3745567798614502,0.0078240782022476,-0.0305196642875671,0.0,0.0334338843822479,0.1146959662437439,0.866450846195221,0.102221205830574,0.1818178296089172,1.081122875213623,0.1547417044639587,0.2278878092765808,1.1309008598327637,0.1451487839221954,0.1874302625656128,1.2203106880187988,0.0202020928263664,0.2584013938903808,1.0499470233917236,-0.0761018395423889,0.2007501125335693,0.8745831251144409,-0.0205936729907989,0.3554005920886993,0.7159742116928101,0.160058245062828,0.0884122848510742,1.0356850624084473,0.110361635684967,-0.0503422021865844,0.86151123046875,0.2500820457935333,0.0808330103754997,0.7158656716346741
0.0,0.0,0.7096893191337585,0.0579206570982933,-0.0695457607507705,0.7104731202125549,0.1095099747180938,-0.0028854608535766,0.4121122360229492,-0.1180287525057792,-0.1181080937385559,0.0950919985771179,-0.0579187273979187,0.0695528164505958,0.7089062333106995,0.0455671660602092,0.0686808824539184,0.377183198928833,0.0036467052996158,-0.0433716177940368,0.0,0.0335776358842849,0.1107770800590515,0.8815255165100098,0.1022895649075508,0.1759105920791626,1.1026993989944458,0.1534357964992523,0.2231254577636718,1.1549582481384275,0.1455841362476349,0.1847892701625824,1.2435319423675537,0.0192485600709915,0.2540123462677002,1.070531725883484,-0.0789277553558349,0.2016855776309967,0.8865106105804443,-0.0278104841709136,0.3552704453468323,0.7250105142593384,0.1586931347846985,0.0787100493907928,1.0544798374176023,0.1053756773471832,-0.0615853443741798,0.8681708574295044,0.2429708540439605,0.0781255662441253,0.7221029996871948
0.0,0.0,0.7134456038475037,0.0583665966987609,-0.071645513176918,0.7116178274154663,0.1214743480086326,-0.0014363229274749,0.4132523238658905,-0.106448158621788,-0.1191125512123107,0.0932585597038269,-0.0583645850419998,0.0716525167226791,0.7152743935585022,0.0384667366743087,0.0703704357147216,0.3783673644065857,-0.0115170460194349,-0.0544567108154296,0.0,0.0338668003678321,0.1072864830493927,0.8897079229354858,0.1005460545420646,0.1661846041679382,1.1154472827911377,0.1516005098819732,0.2145065665245056,1.170443058013916,0.1448274850845337,0.1766076385974884,1.257533311843872,0.0170876458287239,0.2450339496135711,1.082944631576538,-0.0810043811798095,0.1979052126407623,0.8975006937980652,-0.0311287492513656,0.3506410121917724,0.730461835861206,0.1581947803497314,0.0699593424797058,1.0664668083190918,0.1007086634635925,-0.0685553252696991,0.8723256587982178,0.2278346568346023,0.0751107484102249,0.72824627161026
0.0,0.0,0.7181607484817505,0.058270439505577,-0.0720084384083747,0.7181409001350403,0.127986341714859,-0.0070787966251373,0.4111178517341614,-0.091655820608139,-0.1200121045112609,0.0839395523071289,-0.0582690462470054,0.0720159113407135,0.7181819677352905,0.0250845029950141,0.0662321746349334,0.3786903321743011,-0.0317378528416156,-0.0574013590812683,0.0,0.0344209745526313,0.1037737429141998,0.8976314663887024,0.0994709953665733,0.1543329358100891,1.1260520219802856,0.1488893628120422,0.2034838795661926,1.184844136238098,0.1418080329895019,0.1637665033340454,1.271181344985962,0.0177906155586242,0.2345710396766662,1.0970804691314695,-0.0806040912866592,0.191406637430191,0.9082894325256348,-0.0332445949316024,0.3447101414203644,0.7355380058288574,0.1565911471843719,0.059832215309143,1.0746824741363523,0.0886959284543991,-0.0803566053509712,0.8744930624961853,0.2160771787166595,0.0635086521506309,0.7336615324020386
0.0,0.0,0.7229307889938354,0.0563626736402511,-0.0736021921038627,0.7258082032203674,0.1350609511137008,-0.0170304179191589,0.4115800261497497,-0.06727946549654,-0.1150187849998474,0.0729092955589294,-0.0563616529107093,0.0736103132367134,0.7200547456741333,0.0069580115377902,0.0590471029281616,0.3783293068408966,-0.0525066703557968,-0.0586150884628295,0.0,0.033881302922964,0.0991475880146026,0.9061436653137208,0.0928336456418037,0.1372219026088714,1.1384793519973757,0.1406799852848053,0.1865906417369842,1.1998380422592163,0.1335787326097488,0.1469401717185974,1.285686731338501,0.0138929858803749,0.2193111479282379,1.110519289970398,-0.0784856081008911,0.1787979006767273,0.9189212322235109,-0.0320416688919067,0.3342717289924621,0.7451074123382568,0.1488054692745208,0.0438283085823059,1.0847463607788086,0.0766634419560432,-0.0905327945947647,0.8763073682785034,0.2031935155391693,0.0462825074791908,0.7329468131065369
0.0,0.0,0.7250320315361023,0.054760918021202,-0.074979156255722,0.728900134563446,0.1335287094116211,-0.0308760106563568,0.4073600769042969,-0.0440410152077674,-0.1099269390106201,0.0556233525276184,-0.0547599047422409,0.0749877095222473,0.7211655974388123,-0.014277147129178,0.050279825925827,0.3776960074901581,-0.074449673295021,-0.0584074258804321,0.0,0.0282536651939153,0.0931613445281982,0.9112591743469238,0.0792609006166458,0.1176381111145019,1.1460565328598022,0.1259237229824066,0.1654527187347412,1.2106244564056396,0.1198906376957893,0.1270455718040466,1.2956209182739258,0.002711035311222,0.2020066976547241,1.1195199489593506,-0.0782098621129989,0.1684006154537201,0.926587700843811,-0.0288547873497009,0.3239495158195495,0.7536627054214478,0.1362713277339935,0.0252346396446228,1.090078353881836,0.0586849302053451,-0.0934315472841262,0.8776054382324219,0.1949732154607772,0.0337237790226936,0.7322760224342346
0.0,0.0,0.7136762738227844,0.050893597304821,-0.0753326416015625,0.717590868473053,0.129147320985794,-0.0468248426914215,0.3984585106372833,-0.0204128548502922,-0.110815942287445,0.0312765836715698,-0.0508922785520553,0.0753407850861549,0.7097632884979248,-0.0365588515996933,0.0401961803436279,0.3711927533149719,-0.0959688425064086,-0.0608659386634826,0.0,0.019930575042963,0.0883590281009674,0.9022172689437866,0.064872421324253,0.1030308604240417,1.1391944885253906,0.1122727245092392,0.1492570638656616,1.2044929265975952,0.1062714979052543,0.110996127128601,1.2885857820510864,-0.0093256086111068,0.1874442100524902,1.1133710145950315,-0.0729037970304489,0.1705437749624252,0.918665051460266,-0.0148519724607467,0.3275807797908783,0.7502895593643188,0.1221397221088409,0.0109484195709228,1.0806035995483398,0.0441319048404693,-0.0920367836952209,0.8643164038658142,0.1822587847709655,0.0342347621917724,0.7195867300033569
0.0,0.0,0.6906738877296448,0.0494514405727386,-0.0753928273916244,0.6955649256706238,0.1213036328554153,-0.0470457375049591,0.3840259909629822,-0.0052876770496368,-0.1105300784111023,0.0088287591934204,-0.0494492948055267,0.0754004046320915,0.685783863067627,-0.052493430674076,0.0352034270763397,0.3570103943347931,-0.1166238784790039,-0.055679976940155,0.0,0.01433677226305,0.0868330299854278,0.8791368007659912,0.0534376949071884,0.0981252789497375,1.1172810792922974,0.1005432680249214,0.1467518806457519,1.1818499565124512,0.0960688665509224,0.1072661280632019,1.2654972076416016,-0.020084410905838,0.1827574968338012,1.0930956602096558,-0.0629277229309082,0.1856523156166076,0.899227499961853,0.0135032460093498,0.3406312465667724,0.7362518310546875,0.1111835986375808,0.0046615302562713,1.0588005781173706,0.0278151668608188,-0.0880647599697113,0.8398642539978027,0.1732295751571655,0.0488948300480842,0.7005656957626343
0.0,0.0,0.6796188950538635,0.0519552379846572,-0.0738143846392631,0.6828808784484863,0.116928294301033,-0.0355918407440185,0.3781785666942596,0.0096876695752143,-0.1020552515983581,0.0,-0.0519522279500961,0.0738215744495391,0.6763575673103333,-0.058302067220211,0.0396541059017181,0.3533106446266174,-0.1393765211105346,-0.0501025915145874,0.0109583735466003,0.010572150349617,0.0862972736358642,0.86711186170578,0.0483157560229301,0.1013051271438598,1.102566123008728,0.095719963312149,0.1551554799079895,1.1652426719665527,0.0919459164142608,0.1162630915641784,1.2480792999267578,-0.0272580087184906,0.1846944689750671,1.0775277614593506,-0.0528591871261596,0.2049168050289154,0.8831684589385986,0.0410257130861282,0.3561017513275146,0.729727566242218,0.109562411904335,0.0077482163906097,1.0457899570465088,0.0227812938392162,-0.0852589011192321,0.8268256187438965,0.1634175479412078,0.0534972622990608,0.6869395971298218
0.0,0.0,0.676068127155304,0.0538868382573127,-0.0737781748175621,0.6777507662773132,0.1123218759894371,-0.0275596678256988,0.3783920407295227,0.0109458565711975,-0.1047813892364502,0.0,-0.0538835525512695,0.0737854838371276,0.6743860840797424,-0.0502513349056243,0.0485261380672454,0.3600772321224212,-0.1568528264760971,-0.0491541028022766,0.0283241868019104,0.0083334874361753,0.0833393633365631,0.8645227551460266,0.0475740246474742,0.1046432554721832,1.096157789230347,0.0939045175909996,0.1633394360542297,1.154543399810791,0.0915300399065017,0.1249613761901855,1.2364859580993652,-0.0289515033364295,0.1883483529090881,1.0694019794464111,-0.0472310036420822,0.2170785367488861,0.879003643989563,0.0667954459786415,0.3607046008110046,0.727491557598114,0.109353631734848,0.0086376965045928,1.0397528409957886,0.0178454592823982,-0.0880030989646911,0.8231475949287415,0.1620400100946426,0.0408708378672599,0.6800704598426819
0.0,0.0,0.6762368679046631,0.0538524985313415,-0.0744704157114029,0.6782158613204956,0.1094663441181182,-0.024579107761383,0.3811614513397217,0.0045555755496025,-0.1152665019035339,0.0,-0.0538491010665893,0.0744781717658042,0.6742582321166992,-0.0358637906610965,0.0600614547729492,0.3686985373497009,-0.1669217944145202,-0.0528101325035095,0.0416734218597412,0.0070592295378446,0.0797721147537231,0.8651529550552368,0.048734787851572,0.1065098643302917,1.093284249305725,0.09356439858675,0.1666336059570312,1.1485002040863037,0.0917981564998626,0.1265991330146789,1.23034405708313,-0.027796447277069,0.1923564076423645,1.0658384561538696,-0.0379886776208877,0.2319701761007309,0.8818363547325134,0.089143767952919,0.3704830706119537,0.7396010756492615,0.1117990314960479,0.0081333220005035,1.0384018421173096,0.0238648802042007,-0.0949869751930236,0.8254758715629578,0.1607116758823394,0.032428752630949,0.6802335977554321
0.0,0.0,0.6835991740226746,0.0540849417448043,-0.075187437236309,0.6868715882301331,0.1009152084589004,-0.0150124728679656,0.3843726813793182,-0.01058941334486,-0.1093823909759521,0.0,-0.0540816038846969,0.0751956924796104,0.6803271174430847,-0.024577260017395,0.067373052239418,0.3733614087104797,-0.1759961694478988,-0.0595103502273559,0.0491663217544555,0.0041477642953395,0.0778416395187377,0.8742727637290955,0.0454708375036716,0.1066915094852447,1.10127055644989,0.0883144959807396,0.1656073927879333,1.1555018424987793,0.0865786224603653,0.1219937801361084,1.236822247505188,-0.0308986008167266,0.1945148110389709,1.0747439861297607,-0.0374204814434051,0.2406625747680664,0.8894777894020081,0.09439517557621,0.3745030462741852,0.7475153207778931,0.1092100962996482,0.0090930461883544,1.0474703311920166,0.0278702080249786,-0.0953738987445831,0.8367503881454468,0.164044439792633,0.0324105136096477,0.6909165382385254
0.0,0.0,0.6896950602531433,0.0563815087080001,-0.0751582086086273,0.6930423974990845,0.09502524882555,0.0017026662826538,0.3874855041503906,-0.0269566867500543,-0.0891585946083068,0.0,-0.0563783049583435,0.0751668512821197,0.6863479614257812,-0.0164573453366756,0.0737297534942627,0.3785159587860107,-0.1755068302154541,-0.0595673322677612,0.0571312308311462,0.0021080859005451,0.0810486376285553,0.8805490732192993,0.0440832749009132,0.1129119396209716,1.107404112815857,0.0859409570693969,0.1690304577350616,1.161003351211548,0.0836596935987472,0.1227422952651977,1.2425422668457031,-0.0352568477392196,0.2010701596736908,1.0800092220306396,-0.0431389361619949,0.2483174800872802,0.8873657584190369,0.0827800333499908,0.3828227818012237,0.749192476272583,0.1096890345215797,0.0164084136486053,1.0536997318267822,0.0361256897449493,-0.0927208662033081,0.8407964706420898,0.1657514870166778,0.0375423207879066,0.6970635056495667
0.0,0.0,0.69031822681427,0.0582978874444961,-0.0764960050582885,0.6940791010856628,0.0869260132312774,0.0158718526363372,0.3846268653869629,-0.047565072774887,-0.0751569271087646,0.0,-0.0582947880029678,0.0765052810311317,0.6865574717521667,-0.0028745010495185,0.0726646929979324,0.3769189119338989,-0.1621729433536529,-0.0573040843009948,0.0637716650962829,0.00195799395442,0.0862593799829483,0.8775777816772461,0.0450199469923973,0.1235164403915405,1.101891040802002,0.0845103189349174,0.1778536140918731,1.1540138721466064,0.0844117775559425,0.1277404427528381,1.2356501817703247,-0.0374184995889663,0.2119273245334625,1.0740585327148438,-0.0488259345293045,0.2607339024543762,0.8745646476745605,0.0761058926582336,0.3955308198928833,0.7361860275268555,0.1110410392284393,0.0272068977355957,1.04995596408844,0.0447442084550857,-0.0889638066291809,0.8383544087409973,0.1700384318828582,0.046115219593048,0.699250340461731
0.0,0.0,0.6815711855888367,0.0586100742220878,-0.0786089748144149,0.6851757764816284,0.086176261305809,0.024171233177185,0.3761696815490722,-0.0617953985929489,-0.0703310370445251,0.0,-0.0586068034172058,0.0786187574267387,0.6779666543006897,0.0126543035730719,0.0698672831058502,0.3657245635986328,-0.1337230801582336,-0.0503705739974975,0.0576488375663757,0.0023313760757446,0.0908750891685485,0.8639197945594788,0.0485354624688625,0.1318346261978149,1.0841907262802124,0.0869640037417411,0.1834594011306762,1.136082649230957,0.0872375890612602,0.1312410831451416,1.2174088954925537,-0.0338276028633117,0.2202972173690796,1.0562763214111328,-0.050590842962265,0.266582727432251,0.8530178666114807,0.0615245625376701,0.3986620604991913,0.7165467739105225,0.1118188500404357,0.0346193611621856,1.0328339338302612,0.0536226779222488,-0.0882034674286842,0.8255046606063843,0.1754029691219329,0.0514903329312801,0.6861564517021179
0.0,0.0,0.6713442802429199,0.0602738335728645,-0.0780907869338989,0.6751118898391724,0.0871061384677887,0.0311367213726043,0.3722672462463379,-0.0706848800182342,-0.0651182532310485,0.0,-0.0602705776691436,0.07810078561306,0.6675766706466675,0.0276915896683931,0.069029301404953,0.3566676378250122,-0.0942564755678176,-0.0325631499290466,0.0426438450813293,0.0023659504950046,0.0902967900037765,0.8519026637077332,0.0524670407176017,0.1339291036128997,1.0711593627929688,0.0892413780093193,0.1848305463790893,1.1241447925567627,0.0888449847698211,0.128662109375,1.2038488388061523,-0.0283848121762275,0.2195090055465698,1.0428786277770996,-0.0573002249002456,0.2576957941055298,0.8376165628433228,0.0379037037491798,0.386738508939743,0.7023577690124512,0.1115112155675888,0.0365493893623352,1.020177125930786,0.0585718899965286,-0.0866248607635498,0.8173367977142334,0.182751253247261,0.0528377667069435,0.6801982522010803
0.0,0.0,0.6606148481369019,0.0615662634372711,-0.0749893710017204,0.6642621159553528,0.0883415639400482,0.0375131070613861,0.3673763871192932,-0.0719435811042785,-0.0660846233367919,0.0,-0.0615626275539398,0.0749994292855262,0.6569679975509644,0.0395779721438884,0.0707964301109314,0.3473068475723266,-0.0597422830760479,-0.020594298839569,0.0198935270309448,0.00356175750494,0.0889991670846939,0.8395634889602661,0.0560351870954036,0.1373369693756103,1.0576410293579102,0.0930562764406204,0.1865066885948181,1.1126383543014526,0.0914098769426345,0.1290073692798614,1.1917428970336914,-0.0241112112998962,0.2167266905307769,1.0291502475738523,-0.065534234046936,0.2398433238267898,0.8248067498207092,0.0116096138954162,0.3705513775348663,0.692191481590271,0.1136382967233657,0.0421520173549652,1.007717490196228,0.0628126114606857,-0.0801966041326522,0.8063143491744995,0.1833018213510513,0.0509520545601844,0.6707898378372192
0.0,0.0,0.6560452580451965,0.0642871484160423,-0.0709299966692924,0.65885990858078,0.0839256048202514,0.041764497756958,0.3642379343509674,-0.0755166113376617,-0.0678862333297729,0.0,-0.0642827674746513,0.0709401965141296,0.6532315611839294,0.0519284829497337,0.080779805779457,0.3478718400001526,-0.0252019073814153,-0.0053541660308837,0.0038432478904724,0.0062680728733539,0.0925811827182769,0.8342048525810242,0.0601099394261837,0.1461451649665832,1.048703670501709,0.0982180312275886,0.1980938911437988,1.1049479246139526,0.0962615758180618,0.1418490409851074,1.1839144229888916,-0.0212057828903198,0.2192369699478149,1.0177743434906006,-0.0738713145256042,0.2343038320541381,0.8178922533988953,-0.0098701417446136,0.3655440509319305,0.681847333908081,0.1177857816219329,0.0537761747837066,0.9993590116500854,0.068659022450447,-0.0710663571953773,0.8045251369476318,0.193990096449852,0.0529753789305686,0.674544632434845
0.0,0.0,0.6576176881790161,0.0643875747919082,-0.0695279315114021,0.6601560115814209,0.0813635885715484,0.0371220409870147,0.3670813739299774,-0.0771954953670501,-0.0795346498489379,0.0047152042388916,-0.0643828362226486,0.069537840783596,0.6550804376602173,0.0620162114500999,0.098263069987297,0.3539121448993683,0.0059114191681146,0.0114357471466064,0.0,0.0067805089056491,0.0963003188371658,0.8375288844108582,0.0612924322485923,0.1520203351974487,1.0488166809082031,0.102590762078762,0.2056477963924408,1.1036419868469238,0.0974751338362693,0.1510963439941406,1.1842896938323977,-0.0194930881261825,0.2231115400791168,1.014315128326416,-0.0819431543350219,0.2320365756750106,0.8229655027389526,-0.0273063629865646,0.3620136678218841,0.6834455132484436,0.1184068769216537,0.0602672696113586,0.9977818131446838,0.0766371712088584,-0.0689725130796432,0.8076364398002625,0.2051390707492828,0.0494376458227634,0.6726172566413879
0.0,0.0,0.6687527894973755,0.0645399987697601,-0.0701832771301269,0.6696352958679199,0.0785522162914276,0.0350260734558105,0.3746139705181122,-0.0879405215382576,-0.0883764028549194,0.0180130004882812,-0.0645349621772766,0.0701923593878746,0.6678710579872131,0.067270316183567,0.1071465760469436,0.3649204969406128,0.0302891731262207,0.0229451656341552,0.0,0.0053300783038139,0.0963740646839141,0.8507981300354004,0.0587328746914863,0.1531736850738525,1.059492826461792,0.1062155663967132,0.2090763449668884,1.114259958267212,0.0979971811175346,0.1573480367660522,1.197306990623474,-0.022106721997261,0.2253601551055908,1.0199896097183228,-0.0941648781299591,0.2289266735315323,0.8350890874862671,-0.048561155796051,0.3590320646762848,0.6936642527580261,0.1159690767526626,0.0612101852893829,1.008991241455078,0.0862086489796638,-0.0691894069314003,0.8211740851402283,0.2233729064464569,0.0431026667356491,0.6810808181762695
0.0,0.0,0.678840160369873,0.0663407891988754,-0.0727587342262268,0.6806901097297668,0.0852538868784904,0.0349728465080261,0.3788961172103882,-0.0992078334093093,-0.0962192416191101,0.0330627560615539,-0.0663357228040695,0.0727668181061744,0.676990807056427,0.0698995068669319,0.1130203455686569,0.3675510883331299,0.0417624376714229,0.02616548538208,0.0,0.0057601518929004,0.1005789935588836,0.8610726594924927,0.0605442970991134,0.1596532464027404,1.0700016021728516,0.1130315363407135,0.2163153290748596,1.124326467514038,0.1011501178145408,0.1678270697593689,1.211609125137329,-0.0212882459163665,0.2324935793876648,1.028499960899353,-0.1013369858264923,0.2340374886989593,0.8473234176635742,-0.0652061402797699,0.3674635887145996,0.7120139598846436,0.1178273111581802,0.0652836859226226,1.0203412771224976,0.095022864639759,-0.0710736885666847,0.8306168913841248,0.2356120944023132,0.0448538362979888,0.688764750957489
0.0,0.0,0.6847748756408691,0.0691515058279037,-0.0762500017881393,0.688588559627533,0.0971427112817764,0.0338936448097229,0.3812287151813507,-0.1118060201406478,-0.1052135825157165,0.0518549680709838,-0.0691467225551605,0.0762564465403556,0.680961549282074,0.0714713633060455,0.1151151359081268,0.3671661019325256,0.0411115512251853,0.019276738166809,0.0,0.0067492015659809,0.1059917509555816,0.8652712106704712,0.0648135542869567,0.1668756604194641,1.0766794681549072,0.1211233139038086,0.2234223484992981,1.1299755573272705,0.1064129769802093,0.1767188608646392,1.2190301418304443,-0.0189848393201828,0.2416765391826629,1.036125659942627,-0.1036724001169204,0.2471071481704712,0.8589265942573547,-0.0775371491909027,0.3811684846878052,0.720770537853241,0.1204689443111419,0.0695507228374481,1.0294697284698486,0.0998084768652916,-0.0737584680318832,0.838261604309082,0.2362344563007354,0.0405272245407104,0.6953720450401306
0.0,0.0,0.6875300407409668,0.0700918138027191,-0.0779283493757247,0.6938651204109192,0.1178152933716774,0.0282573699951171,0.3860578536987304,-0.1116896271705627,-0.1099863648414611,0.0667199492454528,-0.0700877606868743,0.0779335498809814,0.6811954975128174,0.0671043917536735,0.1111421883106231,0.3669765889644623,0.0295012295246124,0.0075582265853881,0.0,0.0076925978064537,0.1087133139371872,0.8662581443786621,0.0683968365192413,0.1668396592140197,1.077826976776123,0.1236952543258667,0.2224971055984497,1.1312153339385986,0.1063651740550994,0.1760592758655548,1.221243977546692,-0.0132216438651084,0.2436453700065612,1.0411500930786133,-0.0976637750864029,0.2544931471347809,0.8657956123352051,-0.0807157158851623,0.3903375566005707,0.7236272692680359,0.1206193342804908,0.0690242648124694,1.0313572883605957,0.0990551114082336,-0.0793754160404205,0.8362922668457031,0.2265361100435257,0.0288325697183609,0.6972752809524536
0.0,0.0,0.6973361372947693,0.069106824696064,-0.0783914625644683,0.7045401334762573,0.1290178149938583,0.0183486342430114,0.391771137714386,-0.1107280030846595,-0.1100222468376159,0.0788156390190124,-0.0691034942865371,0.0783965438604354,0.6901326775550842,0.0533052161335945,0.0974693447351455,0.3722101747989654,0.01402073726058,-0.0112491846084594,0.0,0.0081368312239646,0.1044897735118866,0.8784587383270264,0.0671807527542114,0.155091643333435,1.093268632888794,0.1185331717133522,0.2108187973499298,1.1486048698425293,0.1002897769212722,0.1643221378326416,1.237351417541504,-0.0120820105075836,0.2347852885723114,1.0593595504760742,-0.0910336971282959,0.2512994408607483,0.8840183019638062,-0.0777916014194488,0.3941651582717895,0.7322538495063782,0.1166430413722992,0.0583830475807189,1.0467162132263184,0.0921424180269241,-0.0840906873345375,0.8424718976020813,0.2162914276123047,0.012961471453309,0.7097285985946655
0.0,0.0,0.7082843780517578,0.066676989197731,-0.0781684666872024,0.7153438329696655,0.1364827454090118,0.0039644837379455,0.3962941169738769,-0.0983042269945144,-0.1101438403129577,0.0769678354263305,-0.0666745007038116,0.0781738087534904,0.7012253999710083,0.0337630808353424,0.0861238837242126,0.3788723349571228,-0.007645409554243,-0.0234616994857788,0.0,0.0100501142442226,0.0954844057559967,0.8935632705688477,0.0644243210554122,0.1333604454994201,1.111361026763916,0.1100674271583557,0.1883502006530761,1.1695611476898191,0.0918985679745674,0.1396375298500061,1.2583825588226318,-0.011449359357357,0.2161845266819,1.0787725448608398,-0.0847876667976379,0.2395543456077575,0.8993589282035828,-0.066532164812088,0.3818214535713196,0.7394224405288696,0.1124373078346252,0.0390450358390808,1.0630782842636108,0.0858671367168426,-0.0899964123964309,0.8479783535003662,0.2070812284946441,0.0016912282444536,0.7232487797737122
0.0,0.0,0.7173849940299988,0.0631136447191238,-0.0777145475149154,0.7250868082046509,0.1347254663705825,-0.004991739988327,0.3998524248600006,-0.0802362859249115,-0.0945069789886474,0.0709117650985717,-0.0631119161844253,0.0777204185724258,0.709683358669281,0.0151918623596429,0.0729710161685943,0.3804618716239929,-0.0283357333391904,-0.0263956189155578,0.0,0.0097731314599514,0.0842386931180954,0.9056421518325806,0.0577225685119628,0.1073855459690094,1.12677001953125,0.1002701222896575,0.1607207655906677,1.188889503479004,0.0834335833787918,0.1092614531517028,1.2767820358276367,-0.0142137557268142,0.19503715634346,1.0964913368225098,-0.0824697017669677,0.2260896265506744,0.9118812680244446,-0.0565409511327743,0.3683111071586609,0.7420656681060791,0.1057115644216537,0.0168889462947845,1.0767128467559814,0.0780154466629028,-0.0971113517880439,0.8549749255180359,0.1970395594835281,-0.0062923710793256,0.7379605174064636
0.0,0.0,0.7208740711212158,0.0592081993818283,-0.0790113657712936,0.7294655442237854,0.1360553503036499,-0.0055626928806304,0.4035227596759796,-0.058042723685503,-0.0794099569320678,0.0658725500106811,-0.059206947684288,0.0790177956223487,0.7122822999954224,-0.003176961094141,0.059152603149414,0.3789274990558624,-0.0540763214230537,-0.0313540697097778,0.0,0.009798489511013,0.0773321092128753,0.9120250940322876,0.0527154169976711,0.0888849198818206,1.1382017135620115,0.0929394364356994,0.1402909755706787,1.2019003629684448,0.0779141783714294,0.0892442464828491,1.290556788444519,-0.0162234902381896,0.1773129105567932,1.1079442501068115,-0.079389289021492,0.210119366645813,0.9151095151901244,-0.0434217303991317,0.348809003829956,0.7441104650497437,0.0996229201555252,-0.0001038610935211,1.0847283601760864,0.0715265572071075,-0.0995253026485443,0.8549713492393494,0.1870362013578415,0.001474448479712,0.7435040473937988
0.0,0.0,0.7256643176078796,0.058325320482254,-0.081230878829956,0.7348020076751709,0.1341317594051361,-0.0124219059944152,0.4062795341014862,-0.0363485217094421,-0.0666204094886779,0.0548682212829589,-0.0583238825201988,0.0812370181083679,0.7165259122848511,-0.0232214108109474,0.0482404232025146,0.3787102699279785,-0.0844992995262146,-0.0335311293601989,0.0,0.007098264992237,0.0729819238185882,0.9183788895606996,0.0459978245198726,0.0794892609119415,1.1496093273162842,0.0853208899497985,0.1295503377914428,1.2146437168121338,0.0737309902906417,0.0806156992912292,1.3025994300842283,-0.0241360366344451,0.1683701872825622,1.1202528476715088,-0.0751980692148208,0.2105647474527359,0.9182383418083192,-0.0215466767549514,0.3454821109771728,0.7533333897590637,0.0951025038957595,-0.0100409090518951,1.0958696603775024,0.0641587153077125,-0.0998528376221656,0.8605802059173584,0.1753692626953125,0.0180771313607692,0.75688636302948
0.0,0.0,0.728537917137146,0.0582007318735122,-0.0834611058235168,0.7374271750450134,0.1294366866350174,-0.0221321880817413,0.4036751985549927,-0.0128103755414485,-0.0657228231430053,0.0383286476135253,-0.0581987351179122,0.0834667384624481,0.7196481227874756,-0.0406572669744491,0.0445254147052764,0.378230482339859,-0.1146190464496612,-0.0293972492218017,0.0,0.0007884800434112,0.0670003294944763,0.9247260689735411,0.0372887142002582,0.0692978501319885,1.1598578691482544,0.0757789015769958,0.1209397912025451,1.2238614559173584,0.0688276663422584,0.0723454356193542,1.3118951320648191,-0.0343053489923477,0.1591131091117859,1.1300930976867676,-0.0686127096414566,0.2228967547416687,0.9167356491088868,0.0025496482849121,0.3604628145694732,0.7568652629852295,0.0859114900231361,-0.0221058428287506,1.1040679216384888,0.0495915114879608,-0.1075450927019119,0.8608919382095337,0.1633045077323913,0.0195625759661197,0.7657872438430786
0.0,0.0,0.7245098352432251,0.0581105202436447,-0.083871454000473,0.7316102385520935,0.1134473085403442,-0.032328575849533,0.397000253200531,-0.0058795548975467,-0.0666002035140991,0.0218223333358764,-0.0581078827381134,0.0838771760463714,0.7174093723297119,-0.0516102090477943,0.0386182069778442,0.377083420753479,-0.1467795073986053,-0.0293389558792114,0.0,-0.0065771900117397,0.0595019906759262,0.9234764575958252,0.0295680351555347,0.0640932023525238,1.1611113548278809,0.0661421045660972,0.118090808391571,1.222170352935791,0.0628819391131401,0.0683090090751648,1.3087173700332642,-0.0446154624223709,0.1538761854171753,1.1294896602630615,-0.0607060045003891,0.2363473176956176,0.9064968824386596,0.0280686542391777,0.3812877237796783,0.7566077709197998,0.0787059962749481,-0.0299954116344451,1.1042137145996094,0.0257774963974952,-0.1176729127764701,0.8520039916038513,0.1484922468662262,0.0030793733894824,0.7734760046005249
0.0,0.0,0.7204717993736267,0.0578802376985549,-0.0836815685033798,0.7246838212013245,0.0965437591075897,-0.0349650681018829,0.3861496150493622,-0.008711539208889,-0.0689795017242431,0.0070030093193054,-0.0578774064779281,0.0836877524852752,0.7162606716156006,-0.0625867396593093,0.0354199111461639,0.3761990070343017,-0.1782581508159637,-0.0271408557891845,0.0,-0.0113198868930339,0.0500248819589614,0.9221940636634828,0.0245611369609832,0.0574141144752502,1.1585850715637207,0.0575632415711879,0.1152195334434509,1.2177186012268066,0.0562787018716335,0.0613244771957397,1.3033246994018557,-0.0516756474971771,0.1469339728355407,1.126934051513672,-0.0558664500713348,0.2457312643527984,0.896445095539093,0.0434659719467163,0.3951494395732879,0.7553396224975586,0.0762073099613189,-0.0376427471637725,1.1005043983459473,0.0086610838770866,-0.1218705177307128,0.8377427458763123,0.1397328972816467,-0.0157504025846719,0.7675884366035461
0.0,0.0,0.721235990524292,0.0568838566541671,-0.0841572061181068,0.7241660952568054,0.0839901119470596,-0.0304912328720092,0.3816848695278168,-0.0205678306519985,-0.0665106773376464,0.0,-0.0568818226456642,0.0841638892889022,0.718307614326477,-0.0695487260818481,0.0337787866592407,0.3820995092391968,-0.2045887857675552,-0.0219489336013793,0.0074698328971862,-0.0148593410849571,0.0411480218172073,0.9247009754180908,0.0200317129492759,0.0508009195327758,1.1591482162475586,0.0490516275167465,0.1115822196006774,1.2170460224151611,0.050949927419424,0.0562196969985961,1.300792217254639,-0.0598780959844589,0.1408985555171966,1.1284489631652832,-0.0553715825080871,0.2551155090332031,0.8935161232948303,0.0532663911581039,0.4080792069435119,0.7559738159179688,0.0762735679745674,-0.0465665459632873,1.0987989902496338,0.0056086964905261,-0.1174501031637191,0.8267093896865845,0.1342995911836624,-0.0236339885741472,0.7684596180915833
0.0,0.0,0.725921630859375,0.0580638274550437,-0.0840726345777511,0.7286662459373474,0.0739470869302749,-0.0238089561462402,0.3837868571281433,-0.0343620292842388,-0.0630865693092346,0.0,-0.0580622404813766,0.0840796902775764,0.7231796383857727,-0.0694577246904373,0.0339976847171783,0.3904708623886108,-0.2268480360507965,-0.0251978635787963,0.0241811871528625,-0.0169858932495117,0.0371385216712951,0.929533839225769,0.014687456190586,0.045295774936676,1.1616837978363037,0.0396404452621936,0.1056528091430664,1.217663288116455,0.0452835448086261,0.0489895343780517,1.2993719577789309,-0.0698747187852859,0.1366694271564483,1.1330010890960691,-0.0657905638217926,0.2620511949062347,0.8929439783096313,0.0528145283460617,0.4090927243232727,0.7704471945762634,0.0751776099205017,-0.0529969036579132,1.1006087064743042,0.0058645717799663,-0.1091986745595932,0.8254494071006775,0.1318046450614929,-0.0189946442842483,0.7766841650009155
0.0,0.0,0.7231889963150024,0.0576812922954559,-0.0839395746588707,0.7271308898925781,0.0654331743717193,-0.0178896784782409,0.3855214715003967,-0.0526335909962654,-0.0598586797714233,0.0,-0.0576800554990768,0.0839463323354721,0.719249963760376,-0.0556372627615928,0.0386789441108703,0.3961506187915802,-0.2309822738170623,-0.0300757884979248,0.0420023202896118,-0.0210370607674121,0.0374810695648193,0.9242792725563048,0.0094722155481576,0.0425192713737487,1.1530193090438845,0.0320285521447658,0.0981099009513855,1.205960392951965,0.0410152338445186,0.0409700274467468,1.2864923477172852,-0.0777007937431335,0.1382354199886322,1.125924587249756,-0.0768263190984726,0.2705725431442261,0.8814965486526489,0.0535180941224098,0.4111243486404419,0.7721339464187622,0.0718318819999694,-0.0556448101997375,1.0917507410049438,0.0012224279344081,-0.1044873222708702,0.8177443146705627,0.1259069442749023,-0.0149914920330047,0.7785969376564026
0.0,0.0,0.7123401165008545,0.0551044940948486,-0.0820648372173309,0.716980516910553,0.0510076843202114,-0.0072633624076843,0.3818279802799225,-0.0694338604807853,-0.0482614636421203,0.0,-0.0551037639379501,0.0820717960596084,0.7077023386955261,-0.0359348021447658,0.0404275953769683,0.3927338123321533,-0.2193151414394378,-0.0327220559120178,0.0481274127960205,-0.0232653059065341,0.0401564985513687,0.9111385941505432,0.0071332827210426,0.0439097881317138,1.1387231349945068,0.0267692469060421,0.0960360765457153,1.188307285308838,0.0391018837690353,0.0382910370826721,1.269041657447815,-0.0796718299388885,0.1410331428050995,1.1109182834625244,-0.0851263105869293,0.2778843939304352,0.8611494898796082,0.0517990961670875,0.4183561205863952,0.7576553821563721,0.0677521228790283,-0.0517798364162445,1.078909993171692,-0.0055603776127099,-0.1038712412118911,0.8097100257873535,0.1130272597074508,-0.0166735649108886,0.7760438919067383
0.0,0.0,0.7039241194725037,0.052652969956398,-0.0799306780099868,0.7095550894737244,0.0364864282310009,0.0025540590286254,0.3780029416084289,-0.0836109519004821,-0.025271713733673,0.0,-0.0526527240872383,0.0799382105469703,0.698295533657074,-0.0207511596381664,0.0476353168487548,0.3834050595760345,-0.1991317272186279,-0.0239043831825256,0.0424500703811645,-0.0213592238724231,0.045903742313385,0.9012311100959778,0.0080995149910449,0.0522780120372772,1.128287672996521,0.0255126282572746,0.1022152304649353,1.17771315574646,0.0401340909302234,0.0464563965797424,1.2580370903015137,-0.0774844884872436,0.148031085729599,1.0993837118148804,-0.0930041223764419,0.2797814607620239,0.8458175659179688,0.0372340455651283,0.4225015938282013,0.7374012470245361,0.0673591792583465,-0.0404588282108306,1.0697282552719116,-0.0048229414969682,-0.0958330035209655,0.8019657135009766,0.1115753501653671,-0.0144139006733894,0.7761551141738892
0.0,0.0,0.700234055519104,0.0514978766441345,-0.0776237100362777,0.7050604224205017,0.0192477833479642,0.0054613351821899,0.3707603812217712,-0.102528728544712,-0.0205684900283813,0.0,-0.0514979213476181,0.077632263302803,0.695409893989563,-0.0159009359776973,0.0454524457454681,0.3765597343444824,-0.1820764243602752,-0.0209353566169738,0.0301786065101623,-0.0212744288146495,0.049118548631668,0.8971257209777832,0.0066121686249971,0.0575507879257202,1.1233227252960205,0.024228312075138,0.1060646772384643,1.174483299255371,0.040777213871479,0.0545133352279663,1.2535884380340576,-0.0782401859760284,0.1495568752288818,1.092660427093506,-0.1067872196435928,0.2726777195930481,0.8361833095550537,0.0115620642900466,0.4126679897308349,0.7234582901000977,0.0648073405027389,-0.0327910482883453,1.065366506576538,-0.0037002135068178,-0.0854532495141029,0.8003454804420471,0.1077905446290969,-0.0108888298273086,0.7762841582298279
0.0,0.0,0.7010859847068787,0.0509164184331893,-0.0756158828735351,0.7075060606002808,0.0054755080491304,0.0029681921005249,0.3703237175941467,-0.1287822127342224,-0.0337805747985839,0.0,-0.050916351377964,0.0756251513957977,0.6946681141853333,-0.0135816186666488,0.0369454622268676,0.3728273510932922,-0.1615178138017654,-0.0207181572914123,0.0157228112220764,-0.0230964161455631,0.0507096350193023,0.8983458876609802,0.0029829069972038,0.0583764314651489,1.1253957748413086,0.0212374180555343,0.1050614714622497,1.1764941215515137,0.0392168350517749,0.0572041869163513,1.253688097000122,-0.0816880911588668,0.1489762961864471,1.0939041376113892,-0.1164570450782775,0.2579123973846435,0.8327725529670715,-0.0161156952381134,0.3978267312049866,0.7164770364761353,0.058800846338272,-0.0314409136772155,1.064803123474121,-0.0042674373835325,-0.0836708396673202,0.7992485761642456,0.1136619746685028,-0.0218131244182586,0.7773754000663757
0.0,0.0,0.7031638026237488,0.0493724420666694,-0.0728124752640724,0.7093969583511353,-0.0056073106825351,0.0021227896213531,0.3696878552436828,-0.1500558853149414,-0.0448229312896728,0.0,-0.0493713691830635,0.0728224664926529,0.6969327926635742,-0.0119198113679885,0.0224904716014862,0.3692965805530548,-0.136123776435852,-0.0279209613800048,0.0018852353096008,-0.0242281928658485,0.0477906018495559,0.9018465876579284,0.0010442659258842,0.0545863509178161,1.130294919013977,0.0186847373843193,0.0998765230178833,1.1815807819366455,0.0355671718716621,0.0515241622924804,1.2576637268066406,-0.0830003321170806,0.1447218060493469,1.097480297088623,-0.126716062426567,0.2424221336841583,0.8344891667366028,-0.0391664803028106,0.382734477519989,0.715776801109314,0.0557407140731811,-0.0340988337993621,1.071296215057373,-0.0091324523091316,-0.0831793844699859,0.8086483478546143,0.1217108368873596,-0.0333823412656784,0.7776817083358765
0.0,0.0,0.7166418433189392,0.047148011624813,-0.0719775930047035,0.7238034009933472,-0.0118075339123606,-0.0015829503536224,0.3797408044338226,-0.1628818809986114,-0.0579735040664672,0.0102570056915283,-0.0471460670232772,0.0719877779483795,0.7094828486442566,-0.0010093571618199,0.0089972615242004,0.3768054842948913,-0.1007391810417175,-0.0327633619308471,0.0,-0.022656824439764,0.0434875190258026,0.9162815809249878,0.0043385662138462,0.050908625125885,1.144676923751831,0.0228608604520559,0.0943893790245056,1.1950582265853882,0.0366331450641155,0.0470091104507446,1.272801637649536,-0.0780635327100753,0.1437717676162719,1.1106584072113037,-0.1317004561424255,0.2311341315507888,0.8470234870910645,-0.0596555173397064,0.3756971359252929,0.7266663312911987,0.0568527281284332,-0.039515733718872,1.0875568389892578,-0.0079752951860427,-0.082847274839878,0.8215162754058838,0.1348883807659149,-0.0425420776009559,0.7967647314071655
0.0,0.0,0.7278873324394226,0.046785868704319,-0.0720107853412628,0.734324038028717,-0.0142722874879837,-0.002231627702713,0.3799454569816589,-0.1733233630657196,-0.0660279989242553,0.0188444256782531,-0.0467826277017593,0.0720215886831283,0.7214536666870117,0.009533405303955,0.0082836151123046,0.3848826885223388,-0.0704440772533416,-0.0302023887634277,0.0,-0.0184609144926071,0.0452064275741577,0.930023729801178,0.0110384039580821,0.0558384656906127,1.159322738647461,0.0283818431198596,0.0940397977828979,1.2123702764511108,0.0392402596771717,0.0434135794639587,1.2848355770111084,-0.0709610283374786,0.1515178084373474,1.1247713565826416,-0.1370057165622711,0.2307960093021392,0.8630712628364563,-0.0833199918270111,0.3712621331214905,0.7409988045692444,0.0642406046390533,-0.0387157201766967,1.1064045429229736,0.0033992193639278,-0.0802504867315292,0.8395128846168518,0.1383590549230575,-0.0488481633365154,0.8131923675537109
0.0,0.0,0.7412296533584595,0.0469579547643661,-0.0731923729181289,0.7478764653205872,-0.0109326709061861,-0.0037780702114105,0.3849543333053589,-0.1843088567256927,-0.0685014724731445,0.0354329943656921,-0.046953871846199,0.073202446103096,0.7345865964889526,0.0098205283284187,0.014349490404129,0.3942531049251556,-0.0530474036931991,-0.027816355228424,0.0,-0.0175188481807708,0.0480953752994537,0.9466315507888794,0.0144904069602489,0.0624133944511413,1.1786653995513916,0.0331003777682781,0.0967369377613067,1.2313776016235352,0.0394063405692577,0.046753704547882,1.3111141920089722,-0.0663515925407409,0.161526471376419,1.1428983211517334,-0.1390616595745086,0.2368757277727127,0.8878359794616699,-0.1172491014003753,0.3688058853149414,0.7623525857925415,0.0663278698921203,-0.0354702770709991,1.126470685005188,0.0131304189562797,-0.0799372121691703,0.8578318953514099,0.1390383392572403,-0.0531414225697517,0.8164072036743164
0.0,0.0,0.7530972957611084,0.0454262346029281,-0.0725236311554908,0.7574006915092468,-0.0110504822805523,-0.0014833807945251,0.3904537558555603,-0.2006330043077469,-0.0603653788566589,0.0522228479385376,-0.0454220250248909,0.07253198325634,0.7487981915473938,0.003554468974471,0.0183541178703308,0.4062306880950928,-0.0405997298657894,-0.0196776390075683,0.0,-0.0212960168719291,0.0471886843442916,0.960984468460083,0.0089753754436969,0.0654063522815704,1.1945817470550537,0.0298455245792865,0.0981537103652954,1.2511175870895386,0.0379168204963207,0.0507075190544128,1.3164870738983154,-0.0714116692543029,0.1620628237724304,1.15730619430542,-0.1533354222774505,0.2384220212697982,0.9071835279464722,-0.1484843790531158,0.3691302239894867,0.7897759675979614,0.0620050206780433,-0.0311088263988494,1.1438267230987549,0.0119471065700054,-0.0711521506309509,0.8709425926208496,0.1383733004331588,-0.054531916975975,0.8223154544830322
0.0,0.0,0.7511275410652161,0.0433932989835739,-0.0752588808536529,0.7564800977706909,-0.0035357433371245,-0.0023728013038635,0.3932962417602539,-0.2114059329032898,-0.0566853880882263,0.0689558386802673,-0.0433895736932754,0.0752663239836692,0.7457793354988098,1.8934253603219983e-05,0.0226415991783142,0.4098009467124939,-0.0341582894325256,-0.0114945173263549,0.0,-0.0201622508466243,0.0444014072418212,0.962454080581665,0.0105765778571367,0.0585143268108367,1.197587013244629,0.0352595448493957,0.0865799188613891,1.2536141872406006,0.0361429192125797,0.0418888926506042,1.3273768424987793,-0.0666874945163726,0.1580920815467834,1.162008285522461,-0.1579528152942657,0.2227174788713455,0.926094889640808,-0.1711932122707367,0.3514972925186157,0.7951458096504211,0.0622955709695816,-0.0400617122650146,1.1465108394622805,0.0186725221574306,-0.0813149511814117,0.8751861453056335,0.1345353573560714,-0.0720869973301887,0.811195969581604
0.0,0.0,0.7638731002807617,0.0361926816403865,-0.0705606788396835,0.7634608149528503,-0.0084166023880243,-0.0122186243534088,0.3929461240768432,-0.2254063785076141,-0.0606058239936828,0.0780954360961914,-0.0361900329589843,0.0705665424466133,0.7642899751663208,-0.0025638919323682,0.0182476937770843,0.4199715852737427,-0.0322441719472408,-0.006441593170166,0.0,-0.0211156457662582,0.0368437021970748,0.9715409278869628,0.0048499815165996,0.0556731820106506,1.2040443420410156,0.0300839636474847,0.0791029334068298,1.260679841041565,0.0406955108046531,0.0323749780654907,1.3350447416305542,-0.0706479400396347,0.1499509811401367,1.168421983718872,-0.1692385971546173,0.2138154357671737,0.9331135153770448,-0.174864113330841,0.326397180557251,0.811957836151123,0.0576495230197906,-0.0353445708751678,1.153630614280701,0.0069165229797363,-0.0740728974342346,0.8694713115692139,0.1174270659685134,-0.0867180004715919,0.8194856643676758
0.0,0.0,0.7470780611038208,0.0334258079528808,-0.0712502300739288,0.7526613473892212,0.0007191337645053,-0.0153472125530242,0.3793502449989319,-0.2264050245285034,-0.0645443201065063,0.0775936841964721,-0.0334242135286331,0.0712565183639526,0.7414994239807129,0.0030459631234407,0.0203569531440734,0.4138652980327606,-0.0295291412621736,-0.0003279447555541,0.0,-0.0186856351792812,0.0294036865234375,0.9596364498138428,0.011282917112112,0.044327437877655,1.1899263858795166,0.0356600061058998,0.0596464276313781,1.243902325630188,0.0387612730264663,0.0222287774085998,1.3166199922561646,-0.06142058968544,0.1443551480770111,1.155368089675903,-0.1785295009613037,0.2083313167095184,0.9302641153335572,-0.1638970077037811,0.3008524179458618,0.798251211643219,0.062988668680191,-0.0473723113536834,1.1409863233566284,0.0203487649559974,-0.0822683796286583,0.8763115406036377,0.1064200103282928,-0.0760917142033577,0.7979299426078796
0.0,0.0,0.7403016686439514,0.0269555896520614,-0.0637149587273597,0.7404186725616455,-0.0021091736853122,-0.0127668678760528,0.3670316934585571,-0.218143418431282,-0.0646709203720092,0.0664542317390441,-0.0269547924399375,0.0637207999825477,0.7401885390281677,0.0004253322258591,0.0204693377017974,0.410943865776062,-0.0398632548749446,0.0173834562301635,0.0,-0.0173507537692785,0.0161252468824386,0.9496630430221558,0.0035314578562974,0.0346435904502868,1.1758458614349363,0.0241458863019943,0.0406321287155151,1.232102632522583,0.0359279513359069,0.0055199861526489,1.3014508485794067,-0.0683631524443626,0.1267404556274414,1.1464457511901855,-0.1670711934566497,0.1776099205017089,0.9243684411048888,-0.1484571695327758,0.2547091841697693,0.7836942672729492,0.0577610582113266,-0.0486411452293396,1.127717137336731,0.019384279847145,-0.0713800638914108,0.845658004283905,0.0753960758447647,-0.0522050112485885,0.7862006425857544
0.0,0.0,0.7049075365066528,0.0227979198098182,-0.0608328320086002,0.7134024500846863,0.003663258627057,-0.0038872957229614,0.3457885384559631,-0.1980482041835785,-0.0602022409439086,0.0572620630264282,-0.0227977372705936,0.0608397535979747,0.6964168548583984,0.00198220834136,0.0252437889575958,0.3880022466182709,-0.0422763973474502,0.0403220653533935,0.0,-0.0175703503191471,0.013510450720787,0.9172838926315308,0.0070248786360025,0.0281619429588317,1.1399728059768677,0.0262410566210746,0.02287557721138,1.190526008605957,0.0350896939635276,2.9027462005615234e-05,1.264355182647705,-0.0572201311588287,0.1271562278270721,1.1109211444854736,-0.1682210564613342,0.186512291431427,0.90031898021698,-0.1185387670993805,0.2473370730876922,0.7380903959274292,0.056283950805664,-0.054829716682434,1.0937154293060305,0.0335776209831237,-0.0589199587702751,0.8373382687568665,0.0597409680485725,-0.0297970864921808,0.746492326259613
0.0,0.0,0.6895135641098022,0.0166745968163013,-0.0541310757398605,0.6972335577011108,0.0011983392760157,-0.0074551999568939,0.3394486308097839,-0.1811335831880569,-0.043053388595581,0.0352990627288818,-0.016674555838108,0.0541375651955604,0.6817977428436279,0.0089510018005967,0.0322037041187286,0.3761845827102661,-0.0538138374686241,0.077023446559906,0.0,-0.0201144218444824,0.0088758021593093,0.8992342948913574,-2.8945505619049072e-06,0.0246948599815368,1.1163311004638672,0.0145247541368007,0.0024133920669555,1.1713446378707886,0.0305308662354946,-0.0172117352485656,1.2265303134918213,-0.0571657642722129,0.1147831976413726,1.0892184972763062,-0.1384633630514145,0.1542670875787735,0.8888832330703735,-0.0884070843458175,0.2081645280122757,0.7099291086196899,0.0451523810625076,-0.0485556423664093,1.0756864547729492,0.0213861837983131,-0.0569857880473136,0.8233119249343872,0.0148093905299901,-0.0137770324945449,0.7264308929443359
0.0,0.0,0.6468932628631592,0.0119930617511272,-0.0467683747410774,0.6574477553367615,-0.0049497121945023,-0.0095881521701812,0.3170917630195617,-0.1693061590194702,-0.0329000353813171,0.0251254439353942,-0.0119924359023571,0.0467771589756011,0.6363433599472046,0.0161822866648435,0.0305492281913757,0.3438582122325897,-0.0451659560203552,0.1115248203277587,0.0,-0.0228416491299867,0.0039666146039962,0.8519790172576904,9.519606828689577e-05,0.0144370198249816,1.061640739440918,0.0122441425919532,-0.0194741189479827,1.1097803115844729,0.0304414648562669,-0.0270443856716156,1.1746680736541748,-0.0487218499183654,0.1063439548015594,1.0320532321929932,-0.1173076927661895,0.1590227782726287,0.8468805551528931,-0.0546776503324508,0.2039031088352203,0.6549291610717773,0.0412885919213295,-0.0560809671878814,1.0231651067733765,0.0294951163232326,-0.0666840597987175,0.8062952160835266,0.0051025515422225,-0.024202425032854,0.6776695847511292
0.0,0.0,0.6276897192001343,0.0050790924578905,-0.0328451842069625,0.6321247816085815,-0.0116719584912061,-0.0197485089302063,0.3109312057495117,-0.1477086693048477,-0.0263696908950805,0.0146929621696472,-0.0050780531018972,0.0328545644879341,0.6232596635818481,0.0178935825824737,0.0203354060649871,0.3292940855026245,-0.0399980470538139,0.1204866766929626,0.0,-0.0327469781041145,-0.0101785510778427,0.8252992630004883,-0.0140843149274587,-0.0022146701812744,1.0234205722808838,-0.0086811445653438,-0.0484912097454071,1.0731322765350342,0.0280583724379539,-0.0542468130588531,1.1325414180755615,-0.058790385723114,0.0765813589096069,0.9965842366218568,-0.0916781425476074,0.1485451757907867,0.8205296993255615,-0.0220927894115448,0.1794609427452087,0.6448421478271484,0.0236228182911872,-0.0585416555404663,0.985569953918457,0.0234150812029838,-0.0673673152923584,0.7864609956741333,0.0025275656953454,-0.0269284434616565,0.6636160612106323
0.0,0.0,0.5827711224555969,0.0002107247710227,-0.0265707578510046,0.590639591217041,-0.0105960853397846,-0.0268953442573547,0.2971312403678894,-0.1210699155926704,-0.0313673019409179,0.0109713077545166,-0.0002084812149405,0.0265828594565391,0.5749086141586304,0.0334566980600357,0.0100947618484497,0.2953520119190216,-0.0125223025679588,0.1230783760547638,0.0,-0.0417185574769973,-0.0216268897056579,0.7772470712661743,-0.0132677983492612,-0.0294882357120513,0.961707353591919,-0.010746294632554,-0.0842612385749816,1.0069615840911863,0.0235356837511062,-0.0744585394859314,1.0628854036331177,-0.0499252900481224,0.0498172640800476,0.9327657222747804,-0.0742773711681366,0.1459573209285736,0.7778141498565674,0.0148031190037727,0.1593224853277206,0.6090214848518372,0.0140401646494865,-0.0805387198925018,0.9273313283920288,0.0322600491344928,-0.0709389746189117,0.7793062329292297,0.0061005651950836,-0.0314182192087173,0.6222630143165588
0.0,0.0,0.5556821823120117,-0.0072250901721417,-0.0161176864057779,0.5536389350891113,-0.0068944320082664,-0.033026248216629,0.2810426950454712,-0.0916935577988624,-0.0262054800987243,0.0019022226333618,0.0072278100997209,0.016129745170474,0.5577321648597717,0.0423623770475387,-0.0025020837783813,0.2740495800971985,0.0057774577289819,0.1166545748710632,0.0,-0.0538060516119003,-0.0248970985412597,0.7402244806289673,-0.0222530383616685,-0.0353551805019378,0.909438133239746,-0.0224508866667747,-0.1028896570205688,0.957530438899994,0.023578442633152,-0.09438157081604,1.0052512884140017,-0.0570270493626594,0.0275467336177825,0.8815169334411621,-0.0498048365116119,0.1111818850040435,0.7427199482917786,0.0276017747819423,0.1151883453130722,0.5979025959968567,-0.0029815603047609,-0.0715360641479492,0.8779069185256958,0.0236164703965187,-0.0574429035186767,0.7468165755271912,0.0102884946390986,-0.0179130341857671,0.6001169681549072
0.0,0.0,0.5043398141860962,-0.0093256402760744,-0.0175818875432014,0.502583384513855,0.0115045513957738,-0.030588299036026,0.2583560943603515,-0.0534211359918117,-0.0404649376869201,0.0,0.0093302000313997,0.0175948645919561,0.5061041116714478,0.0613913685083389,0.0126920193433761,0.2436603307723999,0.0358127430081367,0.120976835489273,0.0201654434204101,-0.0653139054775238,-0.0214365720748901,0.6873743534088135,-0.0198497660458087,-0.0350831449031829,0.8430426716804504,-0.0157005097717046,-0.1126967072486877,0.884064257144928,0.0229997858405113,-0.0931562483310699,0.9306994676589966,-0.044431135058403,0.030066430568695,0.8101710081100464,-0.0490368157625198,0.1302244365215301,0.701698899269104,0.049507662653923,0.1052631139755249,0.56661057472229,-0.0115218507125973,-0.0707172751426696,0.8119195699691772,0.0402274429798126,-0.0599309653043746,0.7496160268783569,0.0178799796849489,-0.0162020437419414,0.5537235140800476
0.0,0.0,0.4851842224597931,-0.0172985941171646,-0.0181102529168128,0.4731385707855224,0.0337969586253166,-0.0242705196142196,0.2585237920284271,-0.0239926520735025,-0.0510833263397216,0.0,0.0173036679625511,0.0181214176118373,0.4972379505634308,0.085613876581192,0.0311171263456344,0.2437227517366409,0.054633367806673,0.1015446484088897,0.0480521619319915,-0.0766035616397857,-0.0175662785768508,0.663693904876709,-0.032756321132183,-0.0275157988071441,0.8022475242614746,-0.0219679661095142,-0.1146605014801025,0.8413753509521484,0.0244517773389816,-0.0940095782279968,0.861191987991333,-0.0469627939164638,0.0282641947269439,0.7728880643844604,-0.0171635299921035,0.1169360280036926,0.6922949552536011,0.0745136588811874,0.0817008912563324,0.5741252899169922,-0.032487079501152,-0.0569925159215927,0.7741078734397888,0.0386346764862537,-0.0680445581674575,0.7425938248634338,0.0201290771365165,-0.0096926316618919,0.538266658782959
0.0,0.0,0.4251121580600738,-0.0200493894517421,-0.0235997457057237,0.4104731380939483,0.0570946261286735,-0.0166184157133102,0.2281849831342697,0.0009221695363521,-0.0841802060604095,0.0,0.0200554560869932,0.0236107520759105,0.4397601187229156,0.1076437383890152,0.0466497093439102,0.2169174402952194,0.0777733922004699,0.0486433506011962,0.0683721005916595,-0.077530026435852,-0.0079420357942581,0.5980983376502991,-0.0250962860882282,-0.0077468156814575,0.7206214666366577,0.0013757906854152,-0.0942421406507492,0.7396973371505737,0.0370468273758888,-0.0615299940109252,0.7751927375793457,-0.0241403952240943,0.0495247840881347,0.6898574829101562,-0.000528372824192,0.1395080685615539,0.6470969319343567,0.1043118387460708,0.0831134840846061,0.5333948135375977,-0.0367435254156589,-0.0454663932323455,0.6909476518630981,0.0738482922315597,-0.0807956904172897,0.7289596199989319,0.0198182109743356,-0.0018635690212249,0.4645132422447204
0.0,0.0,0.3900639414787292,-0.0249091461300849,-0.0201444923877716,0.3643983602523803,0.0980180948972702,-0.0118972063064575,0.2194066643714904,0.0088855437934398,-0.1009584367275238,0.0,0.0249153636395931,0.0201521571725606,0.4157385230064392,0.1242280155420303,0.0638086646795272,0.2205302119255066,0.090036004781723,-0.0177981555461883,0.1059342622756958,-0.0797739699482917,-0.0027712434530258,0.5418832898139954,-0.0327374823391437,0.0193156450986862,0.645278811454773,0.0079638101160526,-0.058360755443573,0.6462937593460083,0.0562975518405437,-0.0293566882610321,0.6826897263526917,-0.0249627605080604,0.0591155886650085,0.6144927740097046,0.0134374611079692,0.1344367265701294,0.5982609987258911,0.1133223921060562,0.0399846509099006,0.5006716847419739,-0.0562107749283313,-0.012441337108612,0.6122401356697083,0.0870365053415298,-0.071178451180458,0.6623219847679138,0.0141594391316175,-0.0118113998323678,0.3933479189872741
0.0,0.0,0.3218695521354675,-0.0207101535052061,-0.0234771985560655,0.3050699830055237,0.1331201493740081,-0.01266410946846,0.2059909850358963,0.0156614258885383,-0.1361778676509857,0.0,0.02071681804955,0.0234854239970445,0.3386774659156799,0.1530264019966125,0.0714953243732452,0.1980378925800323,0.1161928325891494,-0.0155671089887619,0.1197306811809539,-0.0704568177461624,-0.0077299922704696,0.4550937712192535,-0.017027786001563,0.012462243437767,0.541580080986023,0.041933074593544,-0.0502931028604507,0.527570366859436,0.067225694656372,-0.0123827457427978,0.5588992238044739,0.0005760230123996,0.0554177016019821,0.5130361318588257,0.00723073258996,0.1453684568405151,0.5336323976516724,0.120174616575241,0.0079819783568382,0.4376392364501953,-0.0515780374407768,-0.0142169147729873,0.508755087852478,0.119168072938919,-0.068660944700241,0.6080567836761475,0.0298880487680435,-0.0408869907259941,0.3072802424430847
0.0,0.0,0.272473931312561,-0.0256736613810062,-0.0131681449711322,0.2500826716423034,0.150701567530632,-0.0288921818137168,0.1901595145463943,0.0278608053922653,-0.1805077493190765,0.0,0.0256797187030315,0.0131782330572605,0.2948729693889618,0.1713429093360901,0.0579156130552291,0.163525253534317,0.1593119502067566,0.021219328045845,0.1085951626300811,-0.0564107596874237,-0.0077471658587455,0.3903605341911316,-0.0098000559955835,0.0108087360858917,0.4587539732456207,0.0648924112319946,-0.0439110770821571,0.4380778074264526,0.0850238651037216,-0.0256129503250122,0.4690476059913635,0.0189070738852024,0.0433205813169479,0.4347444772720337,0.0618389993906021,0.1030678451061248,0.4979538321495056,0.1599188596010208,-0.0204316675662994,0.4252646565437317,-0.0516830459237098,0.0069330930709838,0.432310938835144,0.1356058418750763,-0.0469032078981399,0.5417981743812561,0.0501055940985679,-0.0330788716673851,0.2739514410495758
0.0,0.0,0.2218188345432281,-0.0287005845457315,-0.0119018256664276,0.214883416891098,0.162211537361145,-0.0417917817831039,0.1710343807935714,0.0505381226539611,-0.20911705493927,0.0,0.0287073217332363,0.0119156297296285,0.2287628352642059,0.1828574538230896,0.0086921006441116,0.1164672002196312,0.2070765793323516,-0.0291438400745391,0.0926065891981124,-0.038791187107563,0.021421194076538,0.3417192101478576,0.0160851441323757,0.0332316905260086,0.4085578918457031,0.09648048132658,-0.0130579769611358,0.3866461813449859,0.1034030765295028,0.0123338997364044,0.4182251989841461,0.058884710073471,0.0646128058433532,0.3803947567939758,0.0728460773825645,0.0834730565547943,0.4901655614376068,0.2024530470371246,-0.0482961535453796,0.4066691696643829,-0.0391538590192794,0.0346292108297348,0.3877475559711456,0.1640639752149582,-0.0293128788471221,0.5523520112037659,0.05531807243824,0.0209401939064264,0.2412121891975402
0.0,0.0,0.2121784687042236,-0.0384470000863075,-0.0171335563063621,0.2099450528621673,0.1837912946939468,-0.0635814368724823,0.1701933443546295,0.0678450316190719,-0.216815561056137,0.0,0.038455307483673,0.0171481873840093,0.2144204527139663,0.1963449716567993,-0.0255613178014755,0.0940797924995422,0.2215647101402282,-0.1038119792938232,0.0702868700027465,-0.0338933244347572,0.0664755478501319,0.3296702206134796,0.0225042644888162,0.0853264331817627,0.3967230319976806,0.1074755489826202,0.0450169742107391,0.3868887424468994,0.1180231347680091,0.0713401138782501,0.4151375293731689,0.0776977315545082,0.1088262051343917,0.365420937538147,0.1112076193094253,0.0450844168663024,0.5179563164710999,0.2159250676631927,-0.075309008359909,0.3812244832515716,-0.0490081459283828,0.0883389413356781,0.3844036161899566,0.1646848022937774,-0.0092343091964721,0.553622841835022,0.0374123938381671,0.0660118907690048,0.2245846688747406
