0.0,0.0,0.5924199819564819,0.0819923654198646,-0.03211610019207,0.5859758257865906,0.0807431042194366,0.07178196310997,0.2878357172012329,0.0720092058181762,0.0717954039573669,0.0125365257263183,-0.0819904878735542,0.0321162119507789,0.598875105381012,-0.0360491648316383,0.1679706126451492,0.3011299669742584,-0.0308185815811157,0.2213330566883087,0.0,-0.0005570827051997,-0.0370527952909469,0.7919554710388184,0.0131060425192117,-0.0491305589675903,0.9997538328170776,0.0382055304944515,-0.0092386305332183,1.0702784061431885,0.0342374444007873,-0.041570246219635,1.145543336868286,-0.1094493120908737,0.0106984674930572,0.9684059619903564,-0.183413952589035,0.1196066737174987,0.769464910030365,-0.0433251708745956,0.1422428488731384,0.6354532837867737,0.1384022533893585,-0.0942973494529724,0.9452334642410278,0.239141970872879,-0.0581137686967849,0.7395224571228027,0.1346154510974884,0.0733614042401313,0.6288512945175171
0.0,0.0,0.6024029850959778,0.0663873180747032,-0.0241109747439622,0.5974565148353577,0.0649356171488761,0.0678007900714874,0.2956494688987732,0.0738996341824531,0.0741304159164428,0.0119578838348388,-0.0663845092058181,0.0241138692945241,0.6073596477508545,-0.0291623920202255,0.149620309472084,0.3071940839290619,-0.0284333601593971,0.2136598229408264,0.0,-0.0027198493480682,-0.0375732481479644,0.7979048490524292,0.0021503884345293,-0.0656231343746185,1.0065701007843018,0.0214523058384656,-0.03379487991333,1.0721251964569092,0.0151309743523597,-0.0675827860832214,1.1442923545837402,-0.1043906509876251,-0.0083364248275756,0.9735411405563354,-0.1663938760757446,0.1015223860740661,0.7864425778388977,-0.0334638357162475,0.1264390498399734,0.6554068922996521,0.1153864413499832,-0.0997049808502197,0.9528669714927672,0.2108623087406158,-0.0528551936149597,0.7641867399215698,0.1119646430015564,0.0727943778038024,0.6561313271522522
0.0,0.0,0.6205977201461792,0.0627965331077575,-0.0216024965047836,0.6158356070518494,0.0577425360679626,0.0624434947967529,0.3031780421733856,0.0828029736876487,0.0730426907539367,0.0109035372734069,-0.0627933144569397,0.0216068588197231,0.6253690719604492,-0.0324988812208175,0.1383485496044159,0.3148225247859955,-0.0402300506830215,0.208514392375946,0.0,-0.0054288925603032,-0.0393333733081817,0.8171883225440979,-0.006993475370109,-0.0796748399734497,1.023700475692749,0.0092347003519535,-0.0507387518882751,1.0868451595306396,0.0037864502519369,-0.0807145535945892,1.156322956085205,-0.1066937670111656,-0.0222930014133453,0.9888306856155396,-0.1655596792697906,0.0966006219387054,0.8109688758850098,-0.0422873124480247,0.1307990401983261,0.6710777878761292,0.1013713181018829,-0.1085347235202789,0.9709194898605348,0.198343738913536,-0.0561210587620735,0.7924911975860596,0.1122096702456474,0.066692940890789,0.6739198565483093
0.0,0.0,0.6460866332054138,0.0696557909250259,-0.0243876986205577,0.6412175893783569,0.0627512410283088,0.0609835982322692,0.3142010867595672,0.0920062661170959,0.0632928013801574,0.0089038014411926,-0.0696526318788528,0.0243929978460073,0.650963544845581,-0.03724817186594,0.1389251351356506,0.325541228055954,-0.0562906861305236,0.1965119242668151,0.0,-0.0080531807616353,-0.0416830629110336,0.852603554725647,-0.0143316173925995,-0.0866540670394897,1.0642321109771729,0.0055110119283199,-0.0525451004505157,1.131371259689331,0.0009008347988128,-0.0774396657943725,1.2069875001907349,-0.1173689812421798,-0.025623470544815,1.026369333267212,-0.177226036787033,0.1069334894418716,0.8467718362808228,-0.0570293143391609,0.1560415476560592,0.6936453580856323,0.0987535119056701,-0.1182080805301666,1.0066468715667725,0.2083963602781295,-0.0593918487429618,0.829560399055481,0.1417098194360733,0.0729910284280777,0.6974030137062073
0.0,0.0,0.7023645043373108,0.0790698081254959,-0.0274092219769954,0.6960785984992981,0.0639324486255645,0.0465535521507263,0.3364320397377014,0.0663241446018219,0.0210275650024414,0.0069639086723327,-0.07906474173069,0.0274202525615692,0.7086586356163025,-0.0572593063116073,0.1185162216424942,0.346816748380661,-0.09477499127388,0.1321809291839599,0.0,-0.0088313808664679,-0.0398880690336227,0.9364067912101746,-0.0069241495802998,-0.0612452626228332,1.1514793634414673,0.0148129574954509,-0.0163744091987609,1.2259619235992432,0.0150388702750206,-0.0360087752342224,1.308800458908081,-0.1205509305000305,-0.0109935700893402,1.1180212497711182,-0.2162850499153137,0.0675989985466003,0.9373891353607178,-0.1039508581161499,0.1228019967675209,0.7585873007774353,0.1044700741767883,-0.1086577475070953,1.0974907875061035,0.1973169595003128,-0.1207356750965118,0.9192607402801514,0.1474459767341613,0.0190389677882194,0.781078040599823
0.0,0.0,0.7293041348457336,0.0725404322147369,-0.0268096588551998,0.7209832072257996,0.0389528088271617,-0.0210270285606384,0.3478853106498718,-0.0020419657230377,-0.0986912250518798,0.0,-0.0725340396165847,0.0268233641982078,0.7376339435577393,-0.0851572155952453,0.0497313737869262,0.3650683462619781,-0.1499445140361786,-0.0090945959091186,5.519390106201172e-05,0.0029269009828567,-0.0190633088350296,0.9664403796195984,0.0041379765607416,-0.035207450389862,1.1783231496810913,0.024234265089035,0.0111121535301208,1.2462269067764282,0.025091391056776,-0.0008777976036071,1.3237931728363037,-0.1079653352499008,0.0117816925048828,1.149301290512085,-0.2246832549571991,0.0359904468059539,0.9681991338729858,-0.1325131952762603,0.097080111503601,0.7774427533149719,0.1103570610284805,-0.0900311470031738,1.1310701370239258,0.1778985857963562,-0.1690949499607086,0.9534474611282348,0.1407358050346374,-0.0375187695026397,0.793773889541626
0.0,0.0,0.7582059502601624,0.0643420368432998,-0.0283324643969535,0.7508371472358704,0.0114113315939903,-0.0768066644668579,0.3599721491336822,-0.0641346052289009,-0.2042677402496338,0.0,-0.0643360763788223,0.0283454097807407,0.7655846476554871,-0.1125364303588867,-0.0089119374752044,0.3790433406829834,-0.2091844081878662,-0.1430380940437317,0.0019959807395935,0.0168993063271045,0.0130574852228164,0.9966832399368286,0.0245539583265781,0.0080362558364868,1.1989693641662598,0.0384141318500041,0.043484091758728,1.2576301097869873,0.0273907668888568,0.0122126936912536,1.3260154724121094,-0.0779036581516265,0.0492651462554931,1.1727896928787231,-0.2174272090196609,0.0191555619239807,1.0223442316055298,-0.1537662148475647,0.0699430108070373,0.8083267211914062,0.1179534047842025,-0.0450033247470855,1.1542826890945437,0.1619739830493927,-0.1719132661819458,1.0118529796600342,0.1299879252910614,-0.0634813755750656,0.8238691091537476
0.0,0.0,0.7709268927574158,0.0605557560920715,-0.0273741465061903,0.7664310932159424,-0.0061316303908824,-0.1045948565006256,0.3729056715965271,-0.0904290527105331,-0.2432259917259216,0.0,-0.060551069676876,0.0273854918777942,0.775432288646698,-0.1246912628412246,-0.0478419959545135,0.388569176197052,-0.2303566932678222,-0.2106893658638,0.0079113841056823,0.0305440500378608,0.0434917509555816,1.0111064910888672,0.0526901185512542,0.0661661028861999,1.214841365814209,0.0643666610121727,0.101176232099533,1.2728385925292969,0.05113535374403,0.0658117532730102,1.3377747535705566,-0.0503254160284996,0.0993272364139556,1.1887092590332031,-0.2007815241813659,0.036472201347351,1.058695673942566,-0.1557088643312454,0.0928621813654899,0.8343487977981567,0.1421166062355041,0.0109370052814483,1.1708617210388184,0.1746842414140701,-0.1442716121673584,1.0512266159057615,0.1539773643016815,-0.0412633083760738,0.8510931730270386
0.0,0.0,0.7859545946121216,0.061224915087223,-0.0269870907068252,0.7830837965011597,-0.015283141285181,-0.123994767665863,0.3877818584442138,-0.1099285408854484,-0.2609775066375732,0.0,-0.0612212121486663,0.0269971173256635,0.7888346314430237,-0.1418422162532806,-0.0759793519973754,0.4014834761619568,-0.2504441142082214,-0.257301390171051,0.0124947428703308,0.0405419021844863,0.0619621872901916,1.0303404331207275,0.0728687047958374,0.1099601089954376,1.2336938381195068,0.0827405527234077,0.1448920667171478,1.287604570388794,0.0716591775417327,0.1156922578811645,1.3504738807678225,-0.0286816656589508,0.1367961168289184,1.205532193183899,-0.1900138556957245,0.0561064183712005,1.0904656648635864,-0.1659005582332611,0.1179504916071891,0.857684314250946,0.1574459373950958,0.0545219480991363,1.190773367881775,0.1875924617052078,-0.1197038143873214,1.0873165130615234,0.1844595372676849,-0.0246071964502334,0.8778853416442871
0.0,0.0,0.7843765020370483,0.0715555250644683,-0.0292116850614547,0.7820768356323242,-0.0162110030651092,-0.130475640296936,0.3872067630290985,-0.1182251870632171,-0.2718742489814758,0.0,-0.0715533047914505,0.0292186792939901,0.7866849303245544,-0.1545725464820861,-0.0878508687019348,0.4014899432659149,-0.2731660008430481,-0.2778578996658325,0.0185790061950683,0.0461047515273094,0.0649238228797912,1.0278342962265017,0.0854210704565048,0.1319253146648407,1.231316328048706,0.096507154405117,0.172802448272705,1.2825788259506226,0.0880142226815223,0.1507756114006042,1.34528911113739,-0.0224062204360961,0.1566406488418579,1.2019104957580566,-0.1952352225780487,0.0754120051860809,1.0879123210906982,-0.1864080131053924,0.1439422667026519,0.8542273044586182,0.1753566563129425,0.0728418231010437,1.1887333393096924,0.2147905677556991,-0.1104839146137237,1.0869256258010864,0.2225188016891479,-0.022317286580801,0.8733288645744324
0.0,0.0,0.7909061908721924,0.076334074139595,-0.0284840259701013,0.7881853580474854,-0.0188424065709114,-0.1434409022331237,0.3908272087574005,-0.130109816789627,-0.2864024639129638,0.0,-0.0763322114944458,0.0284907892346382,0.7936354875564575,-0.1703529208898544,-0.1017152667045593,0.4064695239067077,-0.2947204709053039,-0.3020529747009277,0.0237849354743957,0.0475586429238319,0.0628511607646942,1.0353838205337524,0.0905639827251434,0.1386523842811584,1.239311456680298,0.1003887727856636,0.1796585917472839,1.2872443199157717,0.0930335596203804,0.1603694558143615,1.3496204614639282,-0.0163395777344703,0.1595380902290344,1.208523869514465,-0.195400670170784,0.079428493976593,1.0934686660766602,-0.1978733837604522,0.14914371073246,0.862621545791626,0.1770104169845581,0.0795898735523223,1.1969053745269775,0.2224516123533249,-0.1127843707799911,1.0932295322418213,0.2368622422218322,-0.0328587219119071,0.8777485489845276
0.0,0.0,0.8062013387680054,0.0707088708877563,-0.0238667502999305,0.8025410175323486,-0.0343946814537048,-0.1645255982875824,0.4043635129928589,-0.1513485759496688,-0.3112741112709045,0.0,-0.0707063972949981,0.023875206708908,0.8098700046539307,-0.1789710521697998,-0.1358611285686493,0.4220960736274719,-0.30403533577919,-0.34622722864151,0.028378427028656,0.0484189875423908,0.0651068985462188,1.055427312850952,0.0897489935159683,0.1392706930637359,1.2599128484725952,0.0936420857906341,0.1669726371765136,1.307343363761902,0.0841178894042968,0.1448830366134643,1.369202971458435,-0.0054666474461555,0.1521006822586059,1.2284489870071411,-0.1836180090904235,0.0611099898815155,1.1156963109970093,-0.1905030757188797,0.1341349482536316,0.8891779184341431,0.1637217551469802,0.0843799412250518,1.2177369594573977,0.2000249326229095,-0.1143855154514312,1.119701623916626,0.2179511487483978,-0.0343869216740131,0.9030168652534484
0.0,0.0,0.8236910104751587,0.0685764998197555,-0.0223389733582735,0.8188961744308472,-0.0419688150286674,-0.1821870803833007,0.4149040281772613,-0.1597068607807159,-0.3389629125595093,0.0,-0.0685730129480362,0.0223495587706565,0.8284938335418701,-0.1855605244636535,-0.1580658853054046,0.4344077706336975,-0.3176040053367615,-0.3774389028549194,0.0330836772918701,0.046929832547903,0.0610619187355041,1.076016902923584,0.0832824259996414,0.1263951063156128,1.2818710803985596,0.0838989540934562,0.1464415490627288,1.328791856765747,0.074156604707241,0.1264859437942505,1.3898658752441406,-0.0001034513115882,0.1317315697669983,1.2485822439193726,-0.1769866943359375,0.0415460169315338,1.1325862407684326,-0.1869163513183593,0.1139329224824905,0.907481610774994,0.1440230458974838,0.0750309526920318,1.238633394241333,0.1790798157453537,-0.1242477148771286,1.1382207870483398,0.1988621056079864,-0.0466257333755493,0.9190475344657898
0.0,0.0,0.8365535736083984,0.0675519853830337,-0.0226567592471838,0.8305385708808899,-0.0463255606591701,-0.1887387633323669,0.42448490858078,-0.1638552844524383,-0.3457849025726318,0.0,-0.0675477907061576,0.0226687975227832,0.8425756692886353,-0.1891140937805175,-0.1652746796607971,0.4457284808158874,-0.319230318069458,-0.3830180168151855,0.0378860235214233,0.0443562343716621,0.0547050833702087,1.0911065340042114,0.0754955559968948,0.1124929785728454,1.299045443534851,0.0747122317552566,0.1307989656925201,1.345950961112976,0.0677898749709129,0.1182171702384948,1.407580852508545,-0.0033128932118415,0.1149731576442718,1.2644013166427612,-0.1801273673772812,0.0274605751037597,1.1417211294174194,-0.1888611018657684,0.0999887883663177,0.920578122138977,0.1313345283269882,0.0630524754524231,1.2557449340820312,0.1692872494459152,-0.1334782689809799,1.1511682271957395,0.1912262737751007,-0.053976871073246,0.9351628422737122
0.0,0.0,0.8574478626251221,0.0679554492235183,-0.0246972441673278,0.8510717153549194,-0.0462818071246147,-0.1981588006019592,0.4397971928119659,-0.1577359586954116,-0.3513644933700561,0.0,-0.0679507255554199,0.0247100424021482,0.8638308644294739,-0.1908613741397857,-0.1673032641410827,0.4597480595111847,-0.3196431696414947,-0.3813788890838623,0.0401821136474609,0.0419485047459602,0.0487784594297409,1.1151114702224731,0.0704103112220764,0.1012831628322601,1.3258742094039917,0.0727318078279495,0.1233414113521575,1.370538592338562,0.0678741559386253,0.1208211779594421,1.4346561431884766,-0.0048943534493446,0.1051013469696044,1.2905330657958984,-0.1807448863983154,0.0292242169380188,1.1558376550674438,-0.1920677572488784,0.1006541177630424,0.934194564819336,0.123195007443428,0.0543961226940155,1.2814003229141235,0.166483461856842,-0.1338689178228378,1.165696382522583,0.1931824386119842,-0.0539746843278408,0.9485791325569152
0.0,0.0,0.8662177920341492,0.0717622935771942,-0.0257008410990238,0.8618239164352417,-0.0456523038446903,-0.1987891793251037,0.4493263959884643,-0.151790902018547,-0.3462660312652588,0.0,-0.071757473051548,0.0257132537662982,0.8706181049346924,-0.1873053908348083,-0.1621620655059814,0.4636693596839905,-0.3157632648944855,-0.3732359409332275,0.038663625717163,0.0420033745467662,0.0468723475933074,1.125455379486084,0.0692262351512909,0.096643328666687,1.3371877670288086,0.072983518242836,0.1214886903762817,1.3834624290466309,0.0727115422487258,0.1303551793098449,1.4510433673858645,-0.0079542286694049,0.1013521552085876,1.303760290145874,-0.1841522306203842,0.029444009065628,1.1655157804489136,-0.1986905038356781,0.0973011776804924,0.9401099681854248,0.1246077418327331,0.0505144298076629,1.2943191528320312,0.1714048683643341,-0.1316271424293518,1.1783382892608645,0.2014508843421936,-0.0561522655189037,0.9602553248405457
0.0,0.0,0.8640664219856262,0.0697953104972839,-0.024564441293478,0.862217128276825,-0.0452009513974189,-0.1947959661483764,0.4529013633728027,-0.1465003937482834,-0.339176595211029,0.0,-0.0697903335094451,0.0245772711932659,0.8659223318099976,-0.1846885681152343,-0.1551430225372314,0.4603671729564667,-0.3069970309734344,-0.359620451927185,0.0349478125572204,0.0385914705693721,0.0416860580444335,1.1217949390411377,0.0653865784406662,0.0931241512298584,1.336251974105835,0.0719343945384025,0.1208711564540863,1.381645679473877,0.0733761489391326,0.1362568736076355,1.4508440494537354,-0.0077353939414024,0.0997761487960815,1.3024582862854004,-0.1758188009262085,0.0401354730129241,1.1573116779327393,-0.18577741086483,0.104304552078247,0.9364193081855774,0.1190491616725921,0.0505894422531127,1.2945021390914917,0.1701305508613586,-0.1137976348400116,1.17264986038208,0.1998897641897201,-0.0356548205018043,0.9569882750511168
0.0,0.0,0.8680028915405273,0.0688811093568801,-0.0251846648752689,0.8656139373779297,-0.0431840158998966,-0.1904565095901489,0.456266701221466,-0.1394454389810562,-0.3229240179061889,0.0,-0.0688758045434951,0.025197634473443,0.870398998260498,-0.1773979812860489,-0.1451965570449829,0.4625898599624634,-0.2895824313163757,-0.3347572088241577,0.0338350534439086,0.0360976420342922,0.0363579243421554,1.1261879205703735,0.0622122213244438,0.0874486863613128,1.3385530710220337,0.0681662037968635,0.1105639934539794,1.3828213214874268,0.0762596428394317,0.1396591663360595,1.4504776000976562,-0.0072217211127281,0.0968214869499206,1.303913116455078,-0.1743904203176498,0.0442353188991546,1.15734601020813,-0.1787076592445373,0.1031142473220825,0.9345470666885376,0.1152662187814712,0.0481208264827728,1.2973368167877195,0.1730510592460632,-0.1056107878684997,1.1709833145141602,0.198710560798645,-0.0243463218212127,0.9565690755844116
0.0,0.0,0.8742209672927856,0.0717616528272628,-0.0276538375765085,0.8719465136528015,-0.0375887230038642,-0.1806168854236602,0.4568133950233459,-0.1302085518836975,-0.3069849014282226,0.0,-0.0717566087841987,0.0276652630418539,0.8765031695365906,-0.173563078045845,-0.130309522151947,0.4640495777130127,-0.276997447013855,-0.306857705116272,0.0335569977760314,0.0371774807572364,0.0332898497581481,1.1323189735412598,0.0675548985600471,0.0939516723155975,1.3457294702529907,0.077761672437191,0.1210241913795471,1.3911927938461304,0.0883921086788177,0.1556304693222046,1.4599833488464355,-0.0056487694382667,0.1053521931171417,1.313482403755188,-0.1751652657985687,0.0529778003692626,1.1680002212524414,-0.173408031463623,0.1158292293548584,0.9420044422149658,0.124246671795845,0.0518759191036224,1.3060808181762695,0.1871936023235321,-0.0972693860530853,1.1810084581375122,0.2107232213020324,-0.0053500831127166,0.965836226940155
0.0,0.0,0.8718078136444092,0.0796724706888198,-0.0311330016702413,0.8699928522109985,-0.0300385579466819,-0.1708279848098755,0.4549658894538879,-0.1290042847394943,-0.3095771074295044,0.0,-0.0796685740351677,0.031142333522439,0.8736310601234436,-0.1798769980669021,-0.1129849851131439,0.4633187055587768,-0.2873831987380981,-0.3022558689117431,0.0349079370498657,0.0345377773046493,0.0290629267692565,1.1293084621429443,0.0700397416949272,0.0969552397727966,1.344452142715454,0.0871602296829223,0.1369698047637939,1.3891785144805908,0.0966758504509925,0.1647412180900573,1.4603731632232666,-0.0146522298455238,0.1128023266792297,1.31203293800354,-0.1899046301841735,0.0654598474502563,1.1611323356628418,-0.1918225884437561,0.1278984993696212,0.9269338250160216,0.137783408164978,0.0497611761093139,1.3058966398239136,0.2117874175310135,-0.0967879891395568,1.1764788627624512,0.239576980471611,-0.0039950497448444,0.9497559070587158
0.0,0.0,0.8694241046905518,0.0805843472480773,-0.0315481461584568,0.8677039742469788,-0.0259877517819404,-0.1675553321838379,0.4522177875041961,-0.1269760578870773,-0.3040404319763183,0.0,-0.0805806517601013,0.0315572805702686,0.8711528778076172,-0.1788051724433899,-0.1088353097438812,0.458823561668396,-0.2803008556365967,-0.2950683236122131,0.0299698710441589,0.0308083966374397,0.0255930721759796,1.125904202461243,0.0681921690702438,0.0968014597892761,1.3393518924713137,0.0872225016355514,0.1379986405372619,1.38248610496521,0.0961054265499115,0.1683343052864074,1.4529000520706177,-0.0175184160470962,0.1151987314224243,1.3056912422180176,-0.1918860375881195,0.0676959455013275,1.154205560684204,-0.1870358735322952,0.1267663687467575,0.9215257167816162,0.1374349892139434,0.0490085184574127,1.2994935512542725,0.2139549255371093,-0.0996348857879638,1.1728897094726562,0.2395512908697128,-0.0073208734393119,0.9422476291656494
0.0,0.0,0.8708325028419495,0.0790504813194274,-0.0307580344378948,0.870051383972168,-0.0248829126358032,-0.1687890291213989,0.4518203139305115,-0.111467495560646,-0.2932533621788025,0.0,-0.0790463909506797,0.0307676903903484,0.8716228008270264,-0.1742648482322693,-0.1107999682426452,0.4556231498718261,-0.2726572155952453,-0.2801637649536133,0.0272634029388427,0.0286639556288719,0.0264487564563751,1.1252334117889404,0.0620113313198089,0.0939477384090423,1.338533878326416,0.0804737582802772,0.1310163140296936,1.3826525211334229,0.0930963009595871,0.1658787131309509,1.451392412185669,-0.0208369493484497,0.1131160855293273,1.3038923740386963,-0.1893407553434372,0.0668144226074218,1.1565392017364502,-0.1764370948076248,0.1279837936162948,0.9284394979476928,0.1299468129873275,0.0481573343276977,1.2981815338134766,0.2064521610736847,-0.0979385077953338,1.174726963043213,0.2328104972839355,-0.0045915246009826,0.9509070515632628
0.0,0.0,0.8690203428268433,0.0759428888559341,-0.0307832285761833,0.8680647611618042,-0.0297120437026023,-0.1770965456962585,0.4519098401069641,-0.1120347529649734,-0.3022825121879577,0.0,-0.0759389698505401,0.0307931527495384,0.8699848651885986,-0.1734282672405243,-0.1217387914657592,0.4548646807670593,-0.2707294821739197,-0.2954603433609009,0.0288646817207336,0.0236446224153041,0.0273631364107131,1.1242718696594238,0.0589562393724918,0.1031040549278259,1.3348137140274048,0.0762799903750419,0.138185441493988,1.3803826570510864,0.0880597606301307,0.168686032295227,1.4481568336486816,-0.021719142794609,0.1172728538513183,1.3000556230545044,-0.1929512023925781,0.0581064820289611,1.1539596319198608,-0.1819185316562652,0.1236224472522735,0.9202392101287842,0.1220312863588333,0.0548318922519683,1.2960147857666016,0.1919740885496139,-0.1036964952945709,1.1776763200759888,0.2215438932180404,-0.0075748078525066,0.9479332566261292
0.0,0.0,0.8713640570640564,0.0730053484439849,-0.0315876454114913,0.8697723746299744,-0.0288210660219192,-0.1850030422210693,0.4530567526817322,-0.104744017124176,-0.3028563857078552,0.0,-0.0730011016130447,0.0315979979932308,0.8729645013809204,-0.1693581640720367,-0.1299681961536407,0.4550718069076538,-0.2631493210792541,-0.2986752986907959,0.0291436314582824,0.0218010898679494,0.0292870551347732,1.1287734508514404,0.0567363537847995,0.103320837020874,1.3397057056427002,0.0744385123252868,0.1396369934082031,1.384050369262695,0.0845887362957,0.1675387620925903,1.4514459371566772,-0.0219415873289108,0.1156654953956604,1.303860783576965,-0.18996062874794,0.047016829252243,1.161075472831726,-0.1839057803153991,0.1116181015968322,0.9248656034469604,0.1171337217092514,0.0561394095420837,1.300678253173828,0.1797126233577728,-0.1056808829307556,1.1831104755401611,0.212603211402893,-0.0138574466109275,0.9520862102508544
0.0,0.0,0.8664655685424805,0.0725476890802383,-0.032583899796009,0.8655405640602112,-0.0213225856423378,-0.181764543056488,0.4496447443962097,-0.0992665290832519,-0.2832790613174438,0.0,-0.0725437700748443,0.0325934588909149,0.8673989176750183,-0.164969801902771,-0.1290860474109649,0.4507283568382263,-0.2490379810333252,-0.2895300984382629,0.0254240036010742,0.0209577120840549,0.0286108404397964,1.1213781833648682,0.0529791936278343,0.0995362997055053,1.3299119472503662,0.0695225447416305,0.1332408487796783,1.373905897140503,0.0814518183469772,0.1654495000839233,1.4384992122650146,-0.0233411267399787,0.1145410537719726,1.294050216674805,-0.1876768916845321,0.0541878342628479,1.1473532915115356,-0.1737124621868133,0.1182520315051078,0.908673882484436,0.1139896959066391,0.0535806715488433,1.2905669212341309,0.1793524920940399,-0.0987610667943954,1.168201923370361,0.2063793838024139,-0.0033410973846912,0.9338176846504213
0.0,0.0,0.8644606471061707,0.0738598331809043,-0.034142680466175,0.8654646277427673,-0.0126498490571975,-0.1802481412887573,0.4465048313140869,-0.0928428545594215,-0.2862156629562378,0.0,-0.0738563388586044,0.0341514386236667,0.8634657859802246,-0.1574858576059341,-0.1246834993362426,0.4450241923332214,-0.2405046820640564,-0.2890264987945556,0.0245844721794128,0.0175600461661815,0.0248904228210449,1.1178842782974243,0.0483789443969726,0.0942510664463043,1.3267388343811035,0.0670591667294502,0.1308557689189911,1.3710205554962158,0.0788280591368675,0.1622706055641174,1.4342782497406006,-0.0303699299693107,0.1126319766044616,1.2905051708221436,-0.1884933710098266,0.0635522007942199,1.1441388130187988,-0.1726752817630767,0.1270765215158462,0.8965356349945068,0.1130528450012207,0.0466380715370178,1.2876168489456177,0.1830200254917144,-0.1006065905094146,1.1635299921035769,0.2116808891296386,-0.0034404844045639,0.9268125295639038
0.0,0.0,0.8709801435470581,0.0765278413891792,-0.0351005755364894,0.8726142644882202,-0.0106376186013221,-0.1824793815612793,0.4495092630386352,-0.0965247675776481,-0.3030109405517578,0.0,-0.0765239298343658,0.0351103618741035,0.8693553805351257,-0.1588279753923416,-0.1238050162792205,0.446598082780838,-0.2529074549674988,-0.3038634061813354,0.0266291499137878,0.0170452073216438,0.0250891745090484,1.1287870407104492,0.047420211136341,0.093535840511322,1.3412290811538696,0.0667433589696884,0.13228440284729,1.3871159553527832,0.078927457332611,0.1641141176223755,1.451125979423523,-0.0330872163176536,0.1107090413570404,1.3047966957092283,-0.1941386312246322,0.0562584996223449,1.1651146411895752,-0.1852118223905563,0.123386725783348,0.9131326079368592,0.1125865951180458,0.0424692332744598,1.3027029037475586,0.1798476427793502,-0.1112855076789856,1.1855915784835815,0.2112222909927368,-0.016164094209671,0.94704270362854
0.0,0.0,0.8772066831588745,0.0760712176561355,-0.0355654507875442,0.8787435293197632,-0.0078368335962295,-0.1779986023902893,0.4532099068164825,-0.0958098247647285,-0.2953039407730102,0.0,-0.0760669261217117,0.0355757549405097,0.8756794929504395,-0.1547883749008178,-0.1193785667419433,0.4507250189781189,-0.2457743883132934,-0.2994294166564941,0.0267233848571777,0.0152637986466288,0.024899274110794,1.138504981994629,0.0425623655319213,0.0857859253883361,1.3528345823287964,0.0614896267652511,0.1216984391212463,1.3987950086593628,0.074586272239685,0.1548877358436584,1.4615375995635986,-0.0370061993598938,0.1041887998580932,1.315335988998413,-0.1967145204544067,0.0500937402248382,1.177842617034912,-0.1967267096042633,0.115843541920185,0.9205746054649352,0.1061077788472175,0.0338011682033538,1.3138024806976318,0.1710135638713836,-0.1268334686756134,1.197643518447876,0.2098269015550613,-0.0382160246372222,0.9518154859542848
0.0,0.0,0.8834633827209473,0.0784559994935989,-0.0383123941719532,0.8864002823829651,-0.002067744731903,-0.1730556786060333,0.4547014534473419,-0.089594542980194,-0.2834645509719848,0.0,-0.0784523487091064,0.0383216813206672,0.8805364966392517,-0.1506273746490478,-0.106725126504898,0.4503065943717956,-0.2422395348548889,-0.2850821018218994,0.0256718397140502,0.0136998016387224,0.0220401883125305,1.148546576499939,0.0418025739490985,0.0840429961681366,1.3629751205444336,0.0620516873896122,0.1210533380508422,1.4080179929733276,0.074473462998867,0.1512051224708557,1.4712722301483154,-0.0404859781265258,0.1040604710578918,1.3251075744628906,-0.205587238073349,0.0455574393272399,1.1853444576263428,-0.2045244574546814,0.1110819727182388,0.9205611944198608,0.1070025861263275,0.0277211666107177,1.323326587677002,0.1724821031093597,-0.1446806937456131,1.205479621887207,0.2083407491445541,-0.0561964623630046,0.9518500566482544
0.0,0.0,0.8899849653244019,0.0809495821595192,-0.039001926779747,0.8936792016029358,0.0062170848250389,-0.1612336635589599,0.4564808011054992,-0.0770900547504425,-0.260766863822937,0.0,-0.0809460282325744,0.0390107743442058,0.886300802230835,-0.1482640355825424,-0.0895300507545471,0.4517419934272766,-0.2371126115322113,-0.2556449174880981,0.0235251784324646,0.0122982738539576,0.0197044014930725,1.1561342477798462,0.0429231524467468,0.0873469114303588,1.3719496726989746,0.0648386552929878,0.1263562738895416,1.4194762706756592,0.0718913376331329,0.1419829130172729,1.484291434288025,-0.0425792336463928,0.107448011636734,1.3346011638641355,-0.2123779654502868,0.0457976162433624,1.191352367401123,-0.2019596695899963,0.1142756193876266,0.9172159433364868,0.1108062863349914,0.0299423038959503,1.3334784507751465,0.1732109487056732,-0.1529361456632614,1.2114068269729614,0.2120901346206665,-0.0597650781273841,0.951306939125061
0.0,0.0,0.8835948705673218,0.08034098893404,-0.0411008149385452,0.8872212767601013,0.0092727988958358,-0.1529890298843383,0.4525512754917145,-0.0663744956254959,-0.2433046102523803,0.0,-0.0803378969430923,0.0411090217530727,0.879978358745575,-0.1356927752494812,-0.0758794844150543,0.4458000659942627,-0.2210836559534073,-0.2263892889022827,0.0240841507911682,0.0133777968585491,0.021093726158142,1.1470515727996826,0.0404262393712997,0.0777643620967865,1.362102508544922,0.058514442294836,0.1097634434700012,1.410038709640503,0.0624214261770248,0.1190088987350463,1.4751334190368652,-0.0419001430273056,0.1037154793739318,1.3246804475784302,-0.2085179686546325,0.0522989928722381,1.1774803400039673,-0.1909083724021911,0.1286812126636505,0.9091094732284546,0.1093383282423019,0.0243413746356964,1.3233730792999268,0.1764005124568939,-0.1454759389162063,1.1996886730194092,0.2113625109195709,-0.0459806248545646,0.9435744285583496
0.0,0.0,0.8823387622833252,0.0847821086645126,-0.0423705726861953,0.8855719566345215,0.0075861439108848,-0.1499742567539215,0.4491049349308014,-0.0679248943924903,-0.246838092803955,0.0,-0.0847786888480186,0.0423790551722049,0.8791154026985168,-0.137248545885086,-0.0680508911609649,0.4429248571395874,-0.2232449352741241,-0.2189120650291443,0.0235724449157714,0.0114933121949434,0.0213691890239715,1.1467843055725098,0.0395712703466415,0.079660415649414,1.3608064651489258,0.0573857314884662,0.1115330457687377,1.4086538553237915,0.061936117708683,0.1237074136734008,1.4762811660766602,-0.0470236390829086,0.1045365929603576,1.3241899013519287,-0.2184083461761474,0.0480571985244751,1.1758267879486084,-0.2039492577314376,0.1262483447790146,0.9060041904449464,0.1101438254117965,0.0222927629947662,1.322285771369934,0.1749937385320663,-0.1557786166667938,1.196480631828308,0.2136585414409637,-0.0579590015113353,0.9400317072868348
0.0,0.0,0.8919798135757446,0.085103340446949,-0.0425258092582225,0.8941048383712769,0.008344180881977,-0.1476652324199676,0.4560337364673614,-0.071306362748146,-0.2489988803863525,0.0,-0.0850989073514938,0.0425359532237052,0.8898645639419556,-0.133684366941452,-0.0638981163501739,0.4504842162132263,-0.219754010438919,-0.2110813856124878,0.0217727422714233,0.0123789217323064,0.018995463848114,1.161666750907898,0.0396378077566623,0.0770211517810821,1.3777875900268557,0.0571444109082222,0.1077522635459899,1.4244056940078735,0.0621066987514495,0.123157262802124,1.4945849180221558,-0.0463891327381134,0.1011993288993835,1.340002179145813,-0.2206149250268936,0.0417708456516265,1.1902968883514404,-0.2106680274009704,0.1113446280360221,0.9206299781799316,0.1089690849184989,0.0179043412208557,1.3373552560806274,0.1694383770227432,-0.1629720777273178,1.2101175785064695,0.2060019820928573,-0.0722255557775497,0.9570547342300416
0.0,0.0,0.8890295624732971,0.0863064676523208,-0.0428796634078025,0.8913942575454712,0.0118853524327278,-0.1465887427330017,0.4505679309368133,-0.0685889646410942,-0.2504192590713501,0.0,-0.0863014757633209,0.0428897514939308,0.8866748213768005,-0.1365837454795837,-0.0581523776054382,0.4451521635055542,-0.2201889157295227,-0.2000902891159057,0.0195283889770507,0.0098226750269532,0.0120577216148376,1.159528136253357,0.0361419953405857,0.0703880786895752,1.3761837482452393,0.0547073110938072,0.100850224494934,1.4222688674926758,0.0594476088881492,0.1166472434997558,1.4936017990112305,-0.0513772666454315,0.0938519239425659,1.3379091024398804,-0.2249519526958465,0.0402697026729583,1.1821597814559937,-0.2061521261930465,0.1006949245929718,0.9126914739608764,0.1051375344395637,0.0104989409446716,1.3330992460250854,0.1678690910339355,-0.1674796044826507,1.1983089447021484,0.1986437737941742,-0.0731846243143081,0.9479969143867492
0.0,0.0,0.8844114542007446,0.0859137028455734,-0.0412967056035995,0.8877115845680237,0.0168403834104537,-0.135972797870636,0.4491417407989502,-0.0553810819983482,-0.218922734260559,0.0,-0.0859090462327003,0.0413056761026382,0.8811219930648804,-0.1305529177188873,-0.0457208156585693,0.4405663609504699,-0.1988860815763473,-0.1636037826538086,0.0150202512741088,0.0064990120008587,0.0077587664127349,1.1511971950531006,0.0289499536156654,0.0619049668312072,1.3659863471984863,0.0461272299289703,0.0898849964141845,1.4121731519699097,0.0535413920879364,0.1087592840194702,1.48374342918396,-0.0573525205254554,0.0880331397056579,1.3255314826965332,-0.2204566299915313,0.0512824356555938,1.1648187637329102,-0.1878446489572525,0.1039241999387741,0.8999630212783813,0.0992269963026046,0.0038336813449859,1.321070671081543,0.1683759540319442,-0.1504965126514434,1.1795316934585571,0.1912335157394409,-0.0511843189597129,0.9374094605445862
0.0,0.0,0.8770968914031982,0.0850023850798606,-0.0398620516061782,0.8798350691795349,0.0191918984055519,-0.1201003789901733,0.4467430710792541,-0.044533684849739,-0.1858938932418823,0.0,-0.0849975049495697,0.0398709662258625,0.8743688464164734,-0.1186266392469406,-0.0307034254074096,0.4380448758602142,-0.1781044900417328,-0.1305863857269287,0.0129114985466003,0.0011990452185273,-0.0033887922763824,1.1422134637832642,0.0244522504508495,0.0506060123443603,1.3544864654541016,0.0427828170359134,0.0803456604480743,1.4008320569992063,0.0475602969527244,0.0942626595497131,1.4724550247192385,-0.0590852946043014,0.0761157572269439,1.314423680305481,-0.2126089632511139,0.0429138541221618,1.148115158081055,-0.171971783041954,0.0945922881364822,0.883779764175415,0.0910352319478988,-0.0066668689250946,1.3091812133789062,0.1539364159107208,-0.1568478196859359,1.1579898595809937,0.1715731024742126,-0.0533092468976974,0.9191522598266602
0.0,0.0,0.8702517747879028,0.0858976021409034,-0.0394505895674228,0.8714088201522827,0.0231407135725021,-0.1054465770721435,0.4446328580379486,-0.0304491184651851,-0.1598217487335205,0.0,-0.0858930796384811,0.0394593328237533,0.8691043257713318,-0.1127035319805145,-0.0179992914199829,0.438353419303894,-0.1641318649053573,-0.0992035865783691,0.0122419595718383,0.0026570160407572,-0.005191832780838,1.133103609085083,0.0259368661791086,0.0448183715343475,1.3461933135986328,0.0441326163709163,0.0730448961257934,1.391165018081665,0.0504442751407623,0.089942991733551,1.4623799324035645,-0.0567210167646408,0.0703112781047821,1.3065927028656006,-0.2094666361808776,0.0369880497455596,1.1401896476745603,-0.1646798849105835,0.0936339274048805,0.8798614144325256,0.0915715917944908,-0.0119284391403198,1.298599362373352,0.1530705988407135,-0.1590990722179412,1.151552677154541,0.1681253314018249,-0.0501013919711113,0.9136599898338318
0.0,0.0,0.872434139251709,0.0878600925207138,-0.0405835881829261,0.8735433220863342,0.0276404842734336,-0.0855708718299865,0.4429277181625366,-0.0167452506721019,-0.1295936703681945,0.0,-0.0878553837537765,0.0405930206179618,0.8713347315788269,-0.1094312667846679,-0.0014759302139282,0.4378322064876556,-0.1559780836105346,-0.064143419265747,0.0125035047531127,0.0038420301862061,-0.0072647333145141,1.1348326206207275,0.0289876665920019,0.038780391216278,1.349226713180542,0.0481939949095249,0.0632742047309875,1.3954458236694336,0.0556779727339744,0.0842339992523193,1.465155005455017,-0.0561227947473526,0.0660320818424224,1.3094916343688965,-0.2114191651344299,0.0320904850959777,1.1454246044158936,-0.1732168793678283,0.0924068465828895,0.8906669020652771,0.0961510762572288,-0.0198249518871307,1.299539566040039,0.1586221754550933,-0.1674699336290359,1.153128147125244,0.1778623163700103,-0.0568405352532863,0.9236257672309875
0.0,0.0,0.8686008453369141,0.0942111760377883,-0.0428934730589389,0.869499921798706,0.0361512824892997,-0.0753973126411438,0.4382305145263672,-0.0041423961520195,-0.1230769753456115,0.0,-0.0942068919539451,0.0429021753370761,0.8677119016647339,-0.113253429532051,0.0111457109451293,0.4313878417015075,-0.1616929471492767,-0.0498899221420288,0.0088084936141967,0.0062638241797685,-0.0098118335008621,1.1305594444274902,0.0317736938595771,0.0366134643554687,1.3493914604187012,0.0546585321426391,0.0689735412597656,1.3997321128845217,0.0650077313184738,0.0900375843048095,1.4710084199905396,-0.0610562264919281,0.0677451193332672,1.3099400997161863,-0.2207650542259216,0.0434622168540954,1.1457324028015137,-0.1900747567415237,0.1021928042173385,0.8921692371368408,0.1081095486879348,-0.0242125988006591,1.2987804412841797,0.1758452802896499,-0.165439635515213,1.1554733514785769,0.1982437968254089,-0.0569492578506469,0.9305500984191896
0.0,0.0,0.854698657989502,0.0927473828196525,-0.0422911345958709,0.8558389544487,0.0337767153978347,-0.0730251967906951,0.4336729049682617,-0.0079659968614578,-0.1210909485816955,0.0,-0.0927438884973526,0.0422986969351768,0.8535692095756531,-0.1125839501619339,0.0121924877166748,0.4265163540840149,-0.1597294211387634,-0.0540233254432678,0.0100812911987304,0.0088830385357141,-0.0093109458684921,1.1117668151855469,0.0354406759142875,0.0361055731773376,1.3258137702941897,0.0582735948264598,0.0700937509536743,1.3761489391326904,0.0705908611416816,0.0988638997077941,1.4477858543395996,-0.0593708083033561,0.068631500005722,1.287010908126831,-0.2189560383558273,0.0380042195320129,1.1257799863815308,-0.1975882947444915,0.0891409069299697,0.8761749267578125,0.1138124465942382,-0.0222406983375549,1.2756978273391724,0.1773975491523742,-0.1604796946048736,1.132591962814331,0.2029289156198501,-0.0597870573401451,0.9123502373695374
0.0,0.0,0.8578812479972839,0.0900754481554031,-0.0407655574381351,0.859630286693573,0.0301861613988876,-0.0796391665935516,0.436648815870285,-0.0153157971799373,-0.1333416700363159,0.0,-0.0900716185569763,0.0407740399241447,0.8561431765556335,-0.1177442744374275,0.0084356665611267,0.4285606145858764,-0.1657109260559082,-0.0637385249137878,0.0105242133140563,0.0099575109779834,-0.0113725960254669,1.116091012954712,0.0357210040092468,0.029234766960144,1.330106496810913,0.0570175163447856,0.0639438331127166,1.3812432289123535,0.0692861825227737,0.0960646867752075,1.4535620212554932,-0.058976836502552,0.0633724927902221,1.2919976711273191,-0.219657614827156,0.0310982167720794,1.1291508674621582,-0.2002675086259842,0.0817948132753372,0.8851891756057739,0.1150168925523758,-0.0258246958255767,1.2811015844345093,0.1756358593702316,-0.161737322807312,1.1372791528701782,0.1985229253768921,-0.0587456151843071,0.9185423851013184
0.0,0.0,0.8684345483779907,0.095693439245224,-0.0414705947041511,0.8692942261695862,0.0301531925797462,-0.0827803909778595,0.4357166588306427,-0.0223548039793968,-0.1469455361366272,0.0,-0.0956891179084777,0.0414796136319637,0.8675853610038757,-0.1334358900785446,0.0119361281394958,0.4290926456451416,-0.1829160302877426,-0.0623264908790588,0.0090636014938354,0.0096247196197509,-0.0155237615108489,1.1310577392578125,0.0368493050336837,0.0248234272003173,1.3484909534454346,0.0594146773219108,0.062929630279541,1.4030611515045166,0.0702846944332122,0.0917333364486694,1.4751026630401611,-0.0634827613830566,0.059120088815689,1.3103116750717163,-0.2369161546230316,0.0321121215820312,1.1454572677612305,-0.211550772190094,0.0889874547719955,0.8967810273170471,0.1204875186085701,-0.0320124626159668,1.2989888191223145,0.1878531873226165,-0.1728216260671615,1.152047634124756,0.2094659209251403,-0.0621395111083984,0.9274929761886596
0.0,0.0,0.8651682734489441,0.0927183851599693,-0.0390930734574794,0.8652244806289673,0.0266682431101799,-0.083961397409439,0.428909420967102,-0.0229304321110248,-0.1485068202018737,0.0,-0.092713862657547,0.0391022004187107,0.8651223182678223,-0.1310337483882904,0.0075776576995849,0.4237580895423889,-0.1762020140886306,-0.062381625175476,0.0084032416343688,0.0118557382375001,-0.0147260427474975,1.1258063316345217,0.0369026064872741,0.022782564163208,1.341235637664795,0.0551771707832813,0.0526937246322631,1.396667718887329,0.0650689080357551,0.0779544115066528,1.466410517692566,-0.0598434805870056,0.0547735691070556,1.305531620979309,-0.2333357483148574,0.0268297791481018,1.144923448562622,-0.1973101496696472,0.0889347270131111,0.9038012623786926,0.1174357235431671,-0.0306046307086944,1.2929250001907349,0.1816016286611557,-0.1696248054504394,1.1483819484710691,0.1973648071289062,-0.052697405219078,0.9278963804244996
0.0,0.0,0.8549544215202332,0.0882532894611358,-0.0367435850203037,0.8534756898880005,0.0135388262569904,-0.0905143916606903,0.4220767915248871,-0.0346591360867023,-0.1627771854400634,0.0,-0.0882492810487747,0.0367519557476043,0.8564431071281433,-0.1251300871372223,-0.0047298669815063,0.4205177128314972,-0.1702937632799148,-0.0790645480155944,0.0099288821220397,0.0113383214920759,-0.0118236243724823,1.11112380027771,0.0359836481511592,0.0253509283065795,1.3222633600234983,0.0524979196488857,0.0494602918624877,1.3754096031188965,0.0596122704446315,0.0699774622917175,1.4434409141540527,-0.0534301251173019,0.0545255541801452,1.2891769409179688,-0.2210491299629211,0.0181425809860229,1.1327722072601318,-0.1858987361192703,0.0849489346146583,0.8929365873336792,0.109450414776802,-0.0244782269001007,1.2758002281188965,0.1670248210430145,-0.1613334715366363,1.1340991258621216,0.1840584576129913,-0.0424488261342048,0.913873553276062
0.0,0.0,0.8724287748336792,0.0931421220302581,-0.0374041460454463,0.8688331842422485,0.0055251531302928,-0.096972644329071,0.4320060312747955,-0.0396030694246292,-0.1799375414848327,0.0,-0.0931383520364761,0.0374112613499164,0.8760347366333008,-0.1276092529296875,-0.005262941122055,0.4322816133499145,-0.1796562224626541,-0.0899574756622314,0.0134974718093872,0.0130894817411899,-0.007191777229309,1.1336009502410889,0.0412137098610401,0.0401257574558258,1.3488974571228027,0.0604858845472335,0.0723273158073425,1.3989511728286743,0.0675496533513069,0.0891327857971191,1.4689979553222656,-0.0516334027051925,0.0673631429672241,1.3162407875061035,-0.2223370671272277,0.0219024121761322,1.1593942642211914,-0.1969329416751861,0.0865078866481781,0.915306568145752,0.1166616752743721,-0.0131216049194335,1.300917148590088,0.1741643399000167,-0.1573600172996521,1.158505916595459,0.1953902095556259,-0.0401930660009384,0.9320654273033142
0.0,0.0,0.8862612843513489,0.0948218554258346,-0.0400928705930709,0.8815742135047913,-0.0043125823140144,-0.110297679901123,0.4391894042491913,-0.0548230335116386,-0.2066627144813537,0.0,-0.0948178693652153,0.0401004366576671,0.890958845615387,-0.1328013837337494,-0.0132328867912292,0.4414486885070801,-0.196790799498558,-0.1142030358314514,0.0189924836158752,0.0113516543060541,-0.0077758729457855,1.152926683425903,0.0499028339982032,0.0568320155143737,1.370236873626709,0.0719883441925048,0.096277892589569,1.4164059162139893,0.079480655491352,0.114047110080719,1.488012433052063,-0.0482005625963211,0.0797379910945892,1.337424874305725,-0.2250952422618866,0.0193263292312622,1.1825947761535645,-0.2130786031484604,0.0835324823856353,0.930728793144226,0.125607743859291,-0.0056368708610534,1.3227691650390625,0.1808389723300933,-0.1608406901359558,1.1845908164978027,0.2025120109319687,-0.0457935556769371,0.9534122347831726
0.0,0.0,0.8857565522193909,0.0886654406785965,-0.0376123674213886,0.8819046020507812,-0.0093860886991024,-0.1073232293128967,0.4439118504524231,-0.0577631033957004,-0.2080901861190796,0.0,-0.0886613950133323,0.0376208685338497,0.8896190524101257,-0.1283996999263763,-0.0244145393371582,0.4481076300144195,-0.1960295885801315,-0.1322700977325439,0.0214820504188537,0.0165374130010604,0.0019510686397552,1.153052568435669,0.0525079295039176,0.063650369644165,1.370223045349121,0.0683991611003875,0.0968255698680877,1.413414478302002,0.0775542110204696,0.1189486384391784,1.4848774671554563,-0.0392886251211166,0.0859545469284057,1.335434913635254,-0.2041634917259216,0.0286029875278472,1.1837908029556274,-0.1997371613979339,0.0923862978816032,0.940187692642212,0.1236665546894073,0.0064283311367034,1.3218870162963867,0.176177829504013,-0.1399641931056976,1.1858417987823486,0.2031441479921341,-0.0309246778488159,0.956655740737915
0.0,0.0,0.8851389288902283,0.0880764797329902,-0.0362554118037223,0.8806067109107971,-0.0163930095732212,-0.1040302813053131,0.4449611902236938,-0.0682859420776367,-0.2132196426391601,0.0,-0.088072583079338,0.0362638719379901,0.8896812796592712,-0.1276367008686065,-0.0311633646488189,0.4495636820793152,-0.2001494765281677,-0.1489906311035156,0.0208415389060974,0.0185465365648269,0.0095235407352447,1.1521375179290771,0.053120944648981,0.0665269792079925,1.3694336414337158,0.0668699815869331,0.0954005122184753,1.4134533405303955,0.0756078511476516,0.1186437606811523,1.4844117164611816,-0.039103627204895,0.0880225896835327,1.3337773084640503,-0.204650729894638,0.0289211869239807,1.182361364364624,-0.2073356807231903,0.094393067061901,0.9390531182289124,0.1245902776718139,0.0105282068252563,1.3214564323425293,0.1739270389080047,-0.1379189044237136,1.1871119737625122,0.2073031514883041,-0.0356025099754333,0.9589773416519164
0.0,0.0,0.8916043639183044,0.0956679433584213,-0.0377667695283889,0.8868865370750427,-0.0159595385193824,-0.105440467596054,0.4420029520988464,-0.0781767517328262,-0.2344804406166076,0.0,-0.0956641733646392,0.0377751737833023,0.8963313698768616,-0.1422849744558334,-0.0269219875335693,0.4491746127605438,-0.2182281762361526,-0.1571122407913208,0.022425353527069,0.0178310684859752,0.0060873627662658,1.160773754119873,0.0533957183361053,0.0620366334915161,1.3810683488845823,0.0690394788980484,0.0992089509963989,1.4268369674682615,0.0752835199236869,0.1145467758178711,1.4985668659210205,-0.0480783730745315,0.0829595029354095,1.3463093042373655,-0.2262042611837387,0.026416391134262,1.1932158470153809,-0.2281502485275268,0.1019792631268501,0.943350315093994,0.131313294172287,0.0014407038688659,1.332863211631775,0.1908824443817138,-0.1548165082931518,1.1968400478363037,0.2259541153907776,-0.048001505434513,0.9638434648513794
0.0,0.0,0.8973697423934937,0.0933330059051513,-0.0365085937082767,0.8919113278388977,-0.0161010846495628,-0.1071370840072631,0.4442076683044433,-0.0809787213802337,-0.230114459991455,0.0,-0.093328833580017,0.0365180969238281,0.9028368592262268,-0.1425707042217254,-0.0253398418426513,0.4531590342521667,-0.2166970819234848,-0.1475376486778259,0.0236483812332153,0.0168220959603786,0.0037354230880737,1.166494369506836,0.0507958866655826,0.05303356051445,1.3869686126708984,0.0676073282957077,0.0898570418357849,1.4327213764190674,0.0711254402995109,0.0968847870826721,1.5031776428222656,-0.0486292690038681,0.0745594203472137,1.352873921394348,-0.2262670397758484,0.0170748233795166,1.201207160949707,-0.2263129949569702,0.0986065343022346,0.9511617422103882,0.1272311955690384,-0.0064644515514373,1.339856505393982,0.1873153448104858,-0.1640796959400177,1.202544927597046,0.2217972874641418,-0.0566859394311904,0.9655924439430236
0.0,0.0,0.8662482500076294,0.0868921875953674,-0.0333656668663024,0.8601502776145935,-0.0177153795957565,-0.1037548184394836,0.4253228008747101,-0.081156425178051,-0.2252209186553955,0.0,-0.0868879407644271,0.0333754867315292,0.8723541498184204,-0.1392853707075119,-0.0252214074134826,0.4369515776634216,-0.2060655951499939,-0.1447317004203796,0.0215917825698852,0.0159377269446849,-0.0007446706295013,1.1279940605163574,0.0463987328112125,0.0405121445655822,1.341878056526184,0.0617809556424617,0.0743373334407806,1.386662840843201,0.0629193037748336,0.075351595878601,1.455685257911682,-0.0446670874953269,0.0619314312934875,1.3093308210372925,-0.2113994061946869,0.0094922482967376,1.159233570098877,-0.204332634806633,0.0869876593351364,0.9175330996513368,0.1160937994718551,-0.013232797384262,1.2953338623046875,0.1734198629856109,-0.1661160886287689,1.1610288619995115,0.2013503313064575,-0.0605673529207706,0.9230838418006896
0.0,0.0,0.8739782571792603,0.0881581455469131,-0.0358218215405941,0.8680575489997864,-0.01132433116436,-0.0979121327400207,0.4258999526500702,-0.0731209069490432,-0.2107973098754882,0.0,-0.0881541594862937,0.0358310714364051,0.879906952381134,-0.1391224265098571,-0.0130119621753692,0.4373039305210113,-0.1999348253011703,-0.1207960247993469,0.017250657081604,0.01298454310745,-0.0001942515373229,1.137440204620361,0.0434468388557434,0.0397311449050903,1.3546907901763916,0.0628112703561782,0.0757622718811035,1.4021294116973877,0.0642512366175651,0.0795002579689025,1.4723803997039795,-0.0504037886857986,0.0658177435398101,1.321083664894104,-0.2178681790828704,0.0166850686073303,1.173565149307251,-0.2086239457130432,0.0961228311061859,0.9259674549102784,0.1168714463710784,-0.0161359310150146,1.3068543672561646,0.1799288392066955,-0.1741508692502975,1.174625039100647,0.2120376080274582,-0.0685521215200424,0.933699071407318
0.0,0.0,0.8779882788658142,0.0952521860599517,-0.0390486679971218,0.8737404942512512,-0.0005697533488273,-0.0981169939041137,0.4240534901618957,-0.0614637099206447,-0.2194126844406128,0.0,-0.0952486246824264,0.0390568189322948,0.8822444677352905,-0.1364604979753494,-0.0062691271305084,0.4331749677658081,-0.203909695148468,-0.1221249103546142,0.0157930254936218,0.0125701464712619,0.001517117023468,1.143178939819336,0.0416121259331703,0.0429075062274932,1.3627424240112305,0.0625072419643402,0.0858531594276428,1.4129536151885986,0.0663335472345352,0.091561734676361,1.486095666885376,-0.059618055820465,0.0713298320770263,1.3298847675323486,-0.2330840528011322,0.024119347333908,1.181086540222168,-0.2220967710018158,0.105167917907238,0.926621675491333,0.1236759573221206,-0.0150918662548065,1.3134825229644775,0.1950206607580185,-0.1759557873010635,1.1792787313461304,0.2296468913555145,-0.0672001838684082,0.93804132938385
0.0,0.0,0.8782312870025635,0.0869452357292175,-0.0355975478887558,0.8752252459526062,-0.0011081993579864,-0.1020590364933013,0.4285188615322113,-0.0601715222001075,-0.2126260995864868,0.0,-0.0869413688778877,0.0356061197817325,0.88124680519104,-0.1247126460075378,-0.0178939700126647,0.433326244354248,-0.1857329308986663,-0.1233487725257873,0.0103238821029663,0.0143479462713003,0.008180946111679,1.1418286561965942,0.042876373976469,0.0545442402362823,1.3566515445709229,0.0620680302381515,0.0922862291336059,1.4086205959320068,0.0666842088103294,0.1025740504264831,1.480830430984497,-0.0523883178830146,0.082853615283966,1.3225233554840088,-0.2186651527881622,0.0220277309417724,1.1768337488174438,-0.2086352109909057,0.0952768102288246,0.9204753637313844,0.1222491636872291,0.0016407072544097,1.3097913265228271,0.1786166727542877,-0.1642725318670272,1.182315468788147,0.2183086425065994,-0.0626522153615951,0.9436526298522948
0.0,0.0,0.8705253005027771,0.0856023579835891,-0.0352152362465858,0.868518054485321,0.0015277005732059,-0.1005858480930328,0.4250032305717468,-0.0522042512893676,-0.2047806978225708,0.0,-0.0855981558561325,0.0352241173386573,0.8725425004959106,-0.1191692650318145,-0.0201582610607147,0.4287090301513672,-0.173261672258377,-0.1170071959495544,0.0061032176017761,0.0137394163757562,0.0107863545417785,1.130483865737915,0.0393768548965454,0.0558405816555023,1.3430907726287842,0.0576801486313343,0.0906471014022827,1.392961502075195,0.0661028027534484,0.111401081085205,1.4642977714538574,-0.0523656904697418,0.0860676169395446,1.3072189092636108,-0.2094690948724746,0.0267926752567291,1.159608006477356,-0.1976627856492996,0.0915008187294006,0.9094914197921752,0.1186493337154388,0.0049538910388946,1.2965444326400757,0.1727605015039444,-0.1548694968223571,1.1698790788650513,0.2131054997444152,-0.0567752718925476,0.93528950214386
0.0,0.0,0.8569973111152649,0.0881821364164352,-0.0378376431763172,0.8546332716941833,0.0125166177749633,-0.093482494354248,0.416623055934906,-0.050895269960165,-0.1929311156272888,0.0,-0.0881786346435546,0.0378450527787208,0.8593712449073792,-0.1143861785531044,-0.0054829120635986,0.4221590161323547,-0.161909133195877,-0.0970062017440795,0.0048180222511291,0.0123633528128266,0.0060979425907135,1.1165913343429563,0.0411864295601844,0.0534205138683319,1.326826095581055,0.0595650151371955,0.0896737277507782,1.3762609958648682,0.0670986324548721,0.1135041117668151,1.4483680725097656,-0.0527392774820327,0.0874745845794677,1.2894238233566284,-0.2101674675941467,0.0425267815589904,1.138358235359192,-0.1980401277542114,0.1019566357135772,0.8896453380584717,0.1236492097377777,0.0014421343803405,1.2800078392028809,0.1821468025445938,-0.1496987342834472,1.148830771446228,0.2189469039440155,-0.0558774247765541,0.916771113872528
0.0,0.0,0.8497360348701477,0.0907929539680481,-0.0391941964626312,0.8482701182365417,0.0218770131468772,-0.0784394443035125,0.4127504229545593,-0.0387601517140865,-0.1665557622909546,0.0,-0.0907897800207138,0.0392005480825901,0.8512116074562073,-0.1074903532862663,0.0124082267284393,0.4166088402271271,-0.1473690718412399,-0.064969778060913,0.0006641745567321,0.0123064052313566,0.0053035914897918,1.109605312347412,0.0431374087929725,0.0580845773220062,1.3197736740112305,0.0619740076363086,0.0937422513961792,1.3691980838775637,0.0687202140688896,0.1158843040466308,1.4411187171936035,-0.051843836903572,0.0928745567798614,1.281761646270752,-0.211215853691101,0.0522742271423339,1.1302506923675537,-0.1934819221496582,0.1094328761100769,0.8848515152931213,0.1267801225185394,0.0050907731056213,1.2730084657669067,0.187624305486679,-0.1486781537532806,1.1409108638763428,0.2237582802772522,-0.0522306784987449,0.9097808003425598
0.0,0.0,0.8552537560462952,0.0936738550662994,-0.0414952598512172,0.8533104062080383,0.0320902317762374,-0.0621922314167022,0.4126226603984833,-0.0258822813630104,-0.1331159472465515,0.0,-0.0936709642410278,0.0415009073913097,0.8572068214416504,-0.1011717021465301,0.0336360037326812,0.4182853996753692,-0.1316962838172912,-0.0170384049415588,0.0005446076393127,0.010209540836513,0.0016191899776458,1.1159210205078125,0.0424457527697086,0.0581361055374145,1.3278008699417114,0.0632713288068771,0.0930637717247009,1.3810160160064695,0.0679896622896194,0.1087356805801391,1.4506309032440186,-0.0559494420886039,0.094433844089508,1.2895383834838867,-0.2180976718664169,0.068710058927536,1.1349642276763916,-0.1924260109663009,0.134441465139389,0.8879906535148621,0.1282060146331787,0.0009436607360839,1.2808542251586914,0.195186972618103,-0.1489992290735244,1.1475238800048828,0.2342492192983627,-0.0444330871105194,0.919092059135437
0.0,0.0,0.8582663536071777,0.0994105041027069,-0.0432196855545043,0.8547517657279968,0.0375409498810768,-0.0585121512413024,0.4109945893287658,-0.0246018171310424,-0.1358001828193664,0.0,-0.0994075834751129,0.0432259626686573,0.8617901802062988,-0.1006169468164444,0.0400269627571105,0.4192970395088196,-0.1344081461429596,-0.0163249969482421,0.0016716718673706,0.0031219627708196,-0.0067976415157318,1.1220638751983645,0.032974500209093,0.043610394001007,1.336780071258545,0.055298589169979,0.0823575854301452,1.3904411792755127,0.0598514154553413,0.0942267775535583,1.461548924446106,-0.0673897266387939,0.0777623653411865,1.2982118129730225,-0.2324874699115753,0.0548247098922729,1.1391233205795288,-0.2035821974277496,0.12405676394701,0.8910800218582153,0.1190462857484817,-0.0156627595424652,1.2885559797286987,0.189188152551651,-0.1655745804309845,1.1510778665542605,0.2288794219493866,-0.0621593855321407,0.9191363453865052
0.0,0.0,0.8652334213256836,0.0985884442925453,-0.0424836575984954,0.8617238998413086,0.0344036445021629,-0.0647828578948974,0.4190494418144226,-0.0251817181706428,-0.1473530530929565,0.0,-0.098584309220314,0.0424926131963729,0.8687518239021301,-0.0993223935365676,0.0242760777473449,0.4262849986553192,-0.1416583210229873,-0.0393800139427185,0.001794695854187,0.0009436216205358,-0.0076976120471954,1.1317869424819946,0.0274498686194419,0.0326666831970214,1.3460147380828855,0.0499553456902504,0.0681061744689941,1.3970917463302612,0.0540122203528881,0.0842780470848083,1.470194697380066,-0.0695802867412567,0.0644316375255584,1.3071826696395874,-0.2317107617855072,0.0328297913074493,1.150370717048645,-0.208850160241127,0.1025328934192657,0.9007583856582642,0.1081796884536743,-0.0266528129577636,1.296612024307251,0.1682162880897522,-0.1808529794216156,1.1633880138397217,0.2156185209751129,-0.085547924041748,0.9341368675231934
0.0,0.0,0.8532980680465698,0.0953123420476913,-0.0409751273691654,0.8504895567893982,0.0315615981817245,-0.0745292603969574,0.4127262830734253,-0.0271413102746009,-0.1599894762039184,0.0010936260223388,-0.095307320356369,0.0409854687750339,0.85611492395401,-0.1042638272047042,0.0075991749763488,0.4180101156234741,-0.1511959433555603,-0.0587813854217529,0.0,-0.000538629014045,-0.0098374783992767,1.118803858757019,0.0252027101814746,0.0296885669231414,1.3314025402069092,0.0485490784049034,0.0649267435073852,1.3812144994735718,0.0519872307777404,0.0782733559608459,1.456133246421814,-0.0668344497680664,0.0565720498561859,1.292566418647766,-0.2251088321208953,0.0202085077762603,1.1405364274978638,-0.2022681534290313,0.0874538719654083,0.898325502872467,0.0991231203079223,-0.0297416448593139,1.2826887369155884,0.1530714482069015,-0.1892087459564209,1.1547597646713257,0.2000782787799835,-0.096446618437767,0.9302499294281006
0.0,0.0,0.8591535091400146,0.0961760133504867,-0.0424149297177791,0.8558791279792786,0.0310090035200119,-0.0788069665431976,0.4172517955303192,-0.0319013819098472,-0.1619874238967895,0.0010048747062683,-0.0961714014410972,0.0424238927662372,0.8624367713928223,-0.101557157933712,0.0054835081100463,0.423958420753479,-0.1434884369373321,-0.0608487725257873,0.0,-0.0007901347707957,-0.0095117986202239,1.1250447034835815,0.0247852522879838,0.0311352014541625,1.3385779857635498,0.0478460937738418,0.0633981823921203,1.3859920501708984,0.0514461882412433,0.0778300166130065,1.4582680463790894,-0.0687198042869567,0.0587235689163208,1.2988290786743164,-0.2284256219863891,0.0178793370723724,1.1418089866638184,-0.2069514840841293,0.08030816167593,0.8916094303131104,0.1001070216298103,-0.0305635333061218,1.2891935110092163,0.1515918970108032,-0.1953231394290924,1.1547294855117798,0.1971891671419143,-0.1062985807657241,0.9254314303398132
0.0,0.0,0.8585516810417175,0.1022833138704299,-0.0447556003928184,0.8548725843429565,0.0317898392677307,-0.0859395861625671,0.4130101203918457,-0.042108941823244,-0.1777029633522033,0.0009793639183044,-0.1022795587778091,0.0447629988193511,0.8622404932975769,-0.1082362383604049,-0.0013065338134765,0.4217802882194519,-0.1517639458179474,-0.0806825160980224,0.0,-0.0018046163022518,-0.0105900764465332,1.1227986812591553,0.0259707868099212,0.0350079834461212,1.3384850025177002,0.0493066310882568,0.0687901377677917,1.3837850093841553,0.0538434982299804,0.0841531157493591,1.4538743495941162,-0.0728874206542968,0.0636607110500335,1.298644781112671,-0.2376002371311187,0.0216037333011627,1.1372305154800415,-0.2076036036014557,0.0879078954458236,0.8848934173583984,0.1068036258220672,-0.0299558937549591,1.289482355117798,0.1599201411008834,-0.1997446566820144,1.1537801027297974,0.2004041969776153,-0.1023870110511779,0.9201253652572632
0.0,0.0,0.8530311584472656,0.0979647412896156,-0.044414147734642,0.8514378666877747,0.0272096693515777,-0.0942877531051635,0.411873459815979,-0.0465579554438591,-0.1882155537605285,0.0012089014053344,-0.0979610756039619,0.0444219596683979,0.8546351790428162,-0.1117993891239166,-0.0157821476459503,0.4183268547058105,-0.1547053307294845,-0.1037502884864807,0.0,-9.858282282948494e-05,-0.0055970847606658,1.1138936281204224,0.0272927191108465,0.0406694412231445,1.3294425010681152,0.0493933483958244,0.0723634660243988,1.374945044517517,0.0556214228272438,0.0929938554763794,1.4451680183410645,-0.0683573484420776,0.0716219842433929,1.289950251579285,-0.2291096150875091,0.0274432599544525,1.1313343048095703,-0.1911555826663971,0.0948672443628311,0.8819360733032227,0.1073315516114234,-0.0215319395065307,1.2820019721984863,0.1553337574005127,-0.1836207807064056,1.1459096670150757,0.191670686006546,-0.0839617401361465,0.9219234585762024
0.0,0.0,0.8391036987304688,0.087981179356575,-0.0409783609211444,0.8388375639915466,0.0221523120999336,-0.1018765568733215,0.40973961353302,-0.0464229322969913,-0.181373119354248,0.0017895698547363,-0.0879772752523422,0.0409869514405727,0.8393803238868713,-0.1076885089278221,-0.035737931728363,0.4125474095344543,-0.1476980745792389,-0.1221821904182434,0.0,0.0002306122332811,0.0001747012138366,1.094534158706665,0.0256196968257427,0.044386863708496,1.3028230667114258,0.0434636436402797,0.0722194910049438,1.3470555543899536,0.0534435883164405,0.1031328439712524,1.4192396402359009,-0.059843361377716,0.0744379162788391,1.263285756111145,-0.20988430082798,0.0306305289268493,1.109549045562744,-0.1658366024494171,0.0963404774665832,0.8657219409942627,0.0981297940015792,-0.0101006031036376,1.2565383911132812,0.1371499449014663,-0.160750463604927,1.1224160194396973,0.1632002592086792,-0.059587150812149,0.9030096530914308
0.0,0.0,0.8351038694381714,0.0852250158786773,-0.0405044630169868,0.8367809057235718,0.0285733193159103,-0.0979131162166595,0.4100720584392547,-0.0422030985355377,-0.1702747941017151,0.0072537064552307,-0.0852209255099296,0.0405134856700897,0.8334366083145142,-0.1064184159040451,-0.0411600768566131,0.4093286991119385,-0.1404426991939544,-0.1285151243209839,0.0,-0.0027286931872367,-0.0022417306900024,1.0893547534942627,0.0232720579952001,0.0415902733802795,1.2930777072906494,0.0401250980794429,0.0727623105049133,1.3391296863555908,0.0505689345300197,0.1086446642875671,1.41021990776062,-0.0606812760233879,0.0731779038906097,1.256171703338623,-0.2121896147727966,0.0282184481620788,1.102530002593994,-0.171354204416275,0.0847653299570083,0.849945604801178,0.0939704552292823,-0.0141057074069976,1.248422384262085,0.1287254989147186,-0.1712285578250885,1.111357569694519,0.1564729809761047,-0.0773248523473739,0.8898158669471741
0.0,0.0,0.8403691649436951,0.0845438838005065,-0.0408578738570213,0.842491626739502,0.0226026400923728,-0.1021578311920166,0.4121139049530029,-0.0460181310772895,-0.1809760928153991,0.0047788619995117,-0.084539882838726,0.0408667251467704,0.8382567763328552,-0.1052161902189254,-0.051471322774887,0.4111330509185791,-0.148596704006195,-0.1477837562561035,0.0,0.0010400479659438,0.0027509033679962,1.0939433574676514,0.0274431835860013,0.0482998490333557,1.2992770671844482,0.0445400066673755,0.0776130855083465,1.3455049991607666,0.0566108226776123,0.1180865764617919,1.4152005910873413,-0.0564242973923683,0.0816019475460052,1.2633978128433228,-0.2054327428340912,0.0288109481334686,1.116776943206787,-0.1648522466421127,0.0898812264204025,0.8659393191337585,0.0988828241825103,-0.0057587325572967,1.2554876804351809,0.1340243369340896,-0.1564385890960693,1.1252985000610352,0.1626801490783691,-0.0563700534403324,0.9073591232299804
0.0,0.0,0.8506648540496826,0.0931300669908523,-0.0446623638272285,0.8515182137489319,0.0239050984382629,-0.1024120450019836,0.4101523756980896,-0.0536192469298839,-0.2044359445571899,0.0023486614227294,-0.0931271091103553,0.0446691326797008,0.8498225212097168,-0.1105588749051094,-0.0437681674957275,0.4133040010929107,-0.1630487591028213,-0.1626725792884826,0.0,0.005226363427937,0.0024076849222183,1.1057127714157104,0.0342493504285812,0.0525068938732147,1.316548228263855,0.0529637485742569,0.0858111381530761,1.3645782470703125,0.0621862597763538,0.1178553104400634,1.4331181049346924,-0.0618052780628204,0.0899834632873535,1.2827211618423462,-0.2234994173049926,0.0313861966133117,1.1394400596618652,-0.190297469496727,0.0998143926262855,0.8846672177314758,0.1153536885976791,-0.0062779486179351,1.2721149921417236,0.1576934456825256,-0.1612092852592468,1.1464824676513672,0.1958745121955871,-0.0586688220500946,0.9265127182006836
0.0,0.0,0.8519344329833984,0.1020797789096832,-0.0493364483118057,0.851323127746582,0.0327891856431961,-0.0940507054328918,0.4051245152950287,-0.0508392117917537,-0.2037315368652343,0.0,-0.1020776703953743,0.0493416339159011,0.8525567650794983,-0.1152538657188415,-0.0233072638511657,0.4117504358291626,-0.1739564090967178,-0.1500599980354309,0.001497209072113,0.004776258021593,-0.0040807425975799,1.1072821617126465,0.0367506258189678,0.0484263598918914,1.3211190700531006,0.0589577853679657,0.0886607468128204,1.369933843612671,0.0654029622673988,0.112673819065094,1.438859462738037,-0.0694241374731063,0.0882629752159118,1.2882037162780762,-0.2398744523525238,0.039967805147171,1.1415574550628662,-0.2113607823848724,0.1157372072339057,0.889946460723877,0.1259624063968658,-0.0159848928451538,1.2765575647354126,0.1860502362251281,-0.1703869998455047,1.1479445695877075,0.2265915870666504,-0.0672081261873245,0.9254507422447203
0.0,0.0,0.8677128553390503,0.0990445017814636,-0.0491471663117408,0.8668929934501648,0.0322488248348236,-0.0910241603851318,0.4134057164192199,-0.0445019118487834,-0.1928955316543579,0.0,-0.0990417152643203,0.0491543821990489,0.8685428500175476,-0.1129688844084739,-0.0195699632167816,0.4211714565753937,-0.1727335304021835,-0.1404281258583068,0.0070129632949829,0.0037860376760363,-0.0088030248880386,1.127789855003357,0.033650804311037,0.0376647114753723,1.342350959777832,0.0527096576988697,0.0710999071598053,1.3924691677093506,0.0575343891978263,0.0924768447875976,1.4601056575775146,-0.0676430463790893,0.0756913721561431,1.3093533515930176,-0.2416547536849975,0.0319622457027435,1.1613273620605469,-0.2132172286510467,0.1157376021146774,0.9110197424888612,0.1168546080589294,-0.02633598446846,1.296484351158142,0.1781126856803894,-0.1837369799613952,1.1648988723754885,0.220030665397644,-0.0750718042254448,0.9401503205299376
0.0,0.0,0.8647106289863586,0.0913873761892318,-0.0460884049534797,0.8636536002159119,0.0291899964213371,-0.0903763771057128,0.4135737121105194,-0.0437339507043361,-0.1909995079040527,0.0,-0.0913833528757095,0.0460980087518692,0.8657769560813904,-0.1105647385120391,-0.0211825370788574,0.4218403398990631,-0.1719125807285308,-0.1334787011146545,0.0080257058143615,0.0028894990682601,-0.0123141705989837,1.125259280204773,0.0302242767065763,0.0251362025737762,1.3378708362579346,0.0468645617365837,0.0512562990188598,1.390498399734497,0.0489324815571308,0.0701695084571838,1.4587287902832031,-0.0623773038387298,0.0591139793395996,1.3058176040649414,-0.2337200045585632,0.0151169300079345,1.160724639892578,-0.2089617252349853,0.0995318889617919,0.9152596592903136,0.1038421019911766,-0.0336279273033142,1.2913880348205566,0.15910604596138,-0.1898335814476013,1.1638458967208862,0.2001108825206756,-0.0800601691007614,0.9450012445449828
0.0,0.0,0.8608335852622986,0.0898835435509681,-0.045726653188467,0.8593740463256836,0.029507502913475,-0.0822227597236633,0.410753846168518,-0.034569576382637,-0.1728535294532776,0.0,-0.0898793190717697,0.0457360297441482,0.8623018860816956,-0.1030050218105316,-0.0157878398895263,0.4198790490627289,-0.1628566980361938,-0.1153839826583862,0.0085410475730896,0.0004373635165393,-0.0161647200584411,1.1202911138534546,0.0232666805386543,0.0128892660140991,1.3305717706680298,0.0380831398069858,0.0332804918289184,1.3852139711380005,0.0401578359305858,0.0521093010902404,1.452416181564331,-0.0658140033483505,0.0487839877605438,1.2989790439605713,-0.2362202107906341,0.0109135806560516,1.1533927917480469,-0.2067657560110092,0.0921014845371246,0.9069603681564332,0.095303326845169,-0.0436636209487915,1.2836295366287231,0.1520705223083496,-0.1954515278339386,1.15342915058136,0.1924816370010376,-0.0856766626238823,0.9360337853431702
0.0,0.0,0.8649923205375671,0.091605432331562,-0.0459843017160892,0.8615087270736694,0.0399919301271438,-0.0628625750541687,0.4102789759635925,-0.0188599526882171,-0.1337808966636657,0.0,-0.0916017144918441,0.045991662889719,0.8684852123260498,-0.0943268239498138,0.0075040757656097,0.4213320314884186,-0.1432666629552841,-0.0687446594238281,0.006773293018341,0.0012888666242361,-0.019889086484909,1.1255773305892944,0.026556434109807,0.0143571197986602,1.3346304893493652,0.0433432050049304,0.0342068672180175,1.392014503479004,0.0426415018737316,0.0487396121025085,1.4583847522735596,-0.0660962089896202,0.0534454584121704,1.3039495944976809,-0.235437661409378,0.0194744765758514,1.1578526496887207,-0.1952943056821823,0.098291628062725,0.9082387089729308,0.1026153042912483,-0.0444326102733612,1.2890398502349854,0.1617965400218963,-0.1937882453203201,1.157694697380066,0.1950921714305877,-0.0739727839827537,0.9386310577392578
0.0,0.0,0.8635647892951965,0.0969624072313308,-0.0484836734831333,0.859429121017456,0.0546534284949302,-0.0494625568389892,0.4087503254413605,-0.0070483274757862,-0.1143410801887512,0.0,-0.0969597101211547,0.0484894476830959,0.867710292339325,-0.0939835906028747,0.0256748795509338,0.4210389256477356,-0.1394274234771728,-0.0450406074523925,0.0068879723548889,0.002314755693078,-0.0188201367855072,1.1244642734527588,0.0313284248113632,0.021710842847824,1.3360294103622437,0.0533385910093784,0.0513699054718017,1.3937244415283203,0.0505348779261112,0.0587015748023986,1.4620306491851809,-0.0692160502076149,0.0639277398586273,1.3056848049163818,-0.2442611306905746,0.0286714136600494,1.1555777788162231,-0.2010634541511535,0.1016137152910232,0.9017106294631958,0.1151292920112609,-0.0412046015262603,1.2885966300964355,0.1785913109779358,-0.1964686065912246,1.1522021293640137,0.2081842124462127,-0.0743566006422042,0.928871214389801
0.0,0.0,0.8660447001457214,0.0944571197032928,-0.0454528778791427,0.860506534576416,0.0530565232038497,-0.0501965880393981,0.4099552035331726,-0.0099846236407756,-0.1071964502334594,0.0,-0.094454176723957,0.0454592332243919,0.8715933561325073,-0.0959224700927734,0.0220663547515869,0.4247972369194031,-0.1351590454578399,-0.0414162278175354,0.0070180296897888,0.0020037181675434,-0.0181768834590911,1.1264173984527588,0.0319831892848014,0.0228063762187957,1.336084008216858,0.0520222783088684,0.0494487881660461,1.3910541534423828,0.0495507046580314,0.0599981546401977,1.4592959880828855,-0.0673091933131218,0.0640357434749603,1.305530667304993,-0.2374286651611328,0.0172774791717529,1.155599594116211,-0.1944313496351242,0.0813853740692138,0.9075183868408204,0.1150455623865127,-0.0363554656505584,1.2877826690673828,0.16810904443264,-0.1958415359258651,1.1511411666870115,0.1931216716766357,-0.0755177736282348,0.9297106862068176
0.0,0.0,0.8606316447257996,0.0913352742791175,-0.0441347509622573,0.8549278974533081,0.0533186942338943,-0.0540425777435302,0.4069466888904571,-0.0079300701618194,-0.0959760546684265,0.0,-0.09133180975914,0.0441422499716281,0.866346001625061,-0.0998280048370361,0.0249060094356536,0.4239979386329651,-0.1268460154533386,-0.0208554863929748,0.0076479315757751,0.0006676651537418,-0.022949606180191,1.1184393167495728,0.0294186398386955,0.0131703615188598,1.3258973360061646,0.0500503443181514,0.0406452715396881,1.3792202472686768,0.0495535172522068,0.0539816617965698,1.4470279216766355,-0.0662737190723419,0.0550288259983062,1.2953646183013916,-0.2299168705940246,0.0139592289924621,1.1388418674468994,-0.1836175769567489,0.0668490678071975,0.8977266550064087,0.111056312918663,-0.0429752171039581,1.2756174802780151,0.1659234017133712,-0.1910612285137176,1.129610896110535,0.1786110699176788,-0.0738915652036666,0.9145944118499756
0.0,0.0,0.8588689565658569,0.0930152088403701,-0.0425782091915607,0.8528598546981812,0.0594479069113731,-0.0440320670604705,0.4036677777767181,0.0058710128068923,-0.0691035389900207,0.0,-0.0930116549134254,0.042585588991642,0.8648883700370789,-0.1042082160711288,0.0393528640270233,0.4230865240097046,-0.1152241751551628,0.0126718878746032,0.0068060159683227,-0.0008357083424925,-0.0263077020645141,1.1158902645111084,0.028282469138503,0.0065207481384277,1.3227366209030151,0.0526360608637332,0.041400134563446,1.3745698928833008,0.0517464354634285,0.0552724003791809,1.4441444873809814,-0.0697264596819877,0.0480080842971801,1.2908810377120972,-0.2301705032587051,0.0192122161388397,1.135120511054993,-0.1768674254417419,0.071576677262783,0.8985625505447388,0.1120145916938781,-0.0483644902706146,1.2707819938659668,0.1740634739398956,-0.1839073449373245,1.1227900981903076,0.1779062747955322,-0.0658894777297973,0.912318229675293
0.0,0.0,0.8742578625679016,0.0975553691387176,-0.0434873923659324,0.8682098388671875,0.0620014369487762,-0.0314806103706359,0.4132033586502075,0.0144827365875244,-0.0441992878913879,0.0,-0.0975519195199012,0.0434945970773696,0.8803163766860962,-0.1068297624588012,0.0533404350280761,0.4336347281932831,-0.1168418675661087,0.0392566323280334,0.0089154839515686,0.0001862016506493,-0.0218052566051483,1.1353964805603027,0.0351332202553749,0.0196448862552642,1.3441561460494995,0.0643544420599937,0.0655683875083923,1.395222783088684,0.0667473003268241,0.0828425288200378,1.467545747756958,-0.0710210427641868,0.0587292909622192,1.3106684684753418,-0.239596739411354,0.0289929509162902,1.1557302474975586,-0.1962243020534515,0.0849233642220497,0.9082787036895752,0.1233362406492233,-0.0419973731040954,1.290520429611206,0.1917234063148498,-0.181440383195877,1.1422284841537476,0.2010692656040191,-0.0680987834930419,0.9281232357025146
0.0,0.0,0.8639757633209229,0.0989128723740577,-0.0416735038161277,0.8563511967658997,0.0613087713718414,-0.0240273177623748,0.4125184714794159,0.0131960399448871,-0.0455834865570068,0.0,-0.0989093706011772,0.0416806265711784,0.8716104626655579,-0.1047753691673278,0.058370441198349,0.4345760941505432,-0.1178175061941146,0.036025047302246,0.0122796297073364,-0.0015061576850712,-0.0253824740648269,1.1244771480560305,0.0328277945518493,0.0096127390861511,1.3326880931854248,0.0619674585759639,0.0595967173576355,1.3823802471160889,0.0639818906784057,0.0776824951171875,1.4570847749710083,-0.0735838040709495,0.0486508011817932,1.2981797456741333,-0.2389892637729644,0.0272251963615417,1.14446759223938,-0.1978877335786819,0.0877358689904213,0.8981677889823914,0.1213256865739822,-0.0493573546409606,1.278670310974121,0.1955050975084304,-0.1780918389558792,1.130616307258606,0.2065980434417724,-0.064207337796688,0.9172968864440918
0.0,0.0,0.8622402548789978,0.0982181876897811,-0.039455696940422,0.8542796969413757,0.0546260625123977,-0.0223664045333862,0.4129928350448608,0.0047043710947036,-0.0421133637428283,0.0,-0.0982145071029663,0.0394632630050182,0.8702105283737183,-0.1118583604693412,0.0590858161449432,0.4368928372859955,-0.1217388212680816,0.0416967868804931,0.0165486335754394,0.0007501882500946,-0.0279240906238555,1.122842788696289,0.0335282161831855,0.0013664364814758,1.3325358629226685,0.0595262944698333,0.0479103922843933,1.3822978734970093,0.0620697662234306,0.0700304508209228,1.456944227218628,-0.0720337778329849,0.0396663844585418,1.2991386651992798,-0.2373617589473724,0.0268890261650085,1.1424787044525146,-0.1940808594226837,0.0922625213861465,0.9032546281814576,0.1214673519134521,-0.0553644597530365,1.2778059244155884,0.1974252462387085,-0.1767791509628296,1.1246196031570437,0.2092014849185943,-0.0579491630196571,0.9174624085426332
0.0,0.0,0.8628942966461182,0.0982359200716018,-0.0377454981207847,0.8536818027496338,0.0477004945278167,-0.0181027352809906,0.4124015867710113,-0.0052156541496515,-0.0300533771514892,0.0,-0.0982318967580795,0.0377537384629249,0.8721160292625427,-0.1199815869331359,0.0653722286224365,0.4401715993881225,-0.1221825778484344,0.0564662814140319,0.0188605785369873,0.0022941846400499,-0.0337924063205719,1.1221740245819092,0.0351257771253585,-0.007992684841156,1.332902193069458,0.0605300143361091,0.035297155380249,1.3824366331100464,0.0627724155783653,0.0598437190055847,1.4531344175338743,-0.0709162503480911,0.0304995775222778,1.301015853881836,-0.2385343760251999,0.0280391871929168,1.1409010887145996,-0.1881345510482788,0.0918061882257461,0.904257595539093,0.1228521913290023,-0.0643135905265808,1.2785322666168213,0.2036203444004058,-0.1788215190172195,1.1188030242919922,0.2091591954231262,-0.0554686859250068,0.9094181656837464
0.0,0.0,0.8568629026412964,0.0915925651788711,-0.0346787981688976,0.8472749590873718,0.036703921854496,-0.0206083357334136,0.4081958532333374,-0.0094401165843009,-0.0313444137573242,0.0,-0.0915886014699935,0.0346876457333564,0.8664601445198059,-0.1181774139404296,0.0560822486877441,0.4365351796150207,-0.1189163476228714,0.0510721206665039,0.0182812809944152,0.0022576600313186,-0.0333954542875289,1.1150118112564087,0.0353833138942718,-0.0063768923282623,1.323272466659546,0.0595659352838993,0.0301291346549987,1.3713504076004028,0.0626010745763778,0.0564729571342468,1.43860125541687,-0.0642630457878112,0.031165987253189,1.293306827545166,-0.2287299633026123,0.0232176780700683,1.1359539031982422,-0.1715247184038162,0.0810935795307159,0.9024338722229004,0.1168319955468177,-0.0605835318565368,1.2693766355514526,0.194977581501007,-0.1802417784929275,1.1109278202056885,0.1938483864068985,-0.0556626096367836,0.902484118938446
0.0,0.0,0.864890456199646,0.0915671437978744,-0.0341846570372581,0.8562483191490173,0.0320312641561031,-0.0326503217220306,0.4133650362491607,-0.0122281312942504,-0.0545830130577087,0.0,-0.0915636271238327,0.0341925434768199,0.8735424280166626,-0.1232054382562637,0.0380197763442993,0.4384514093399048,-0.1309626996517181,0.017997920513153,0.0156578421592712,0.0045874109491705,-0.0268944203853607,1.1266429424285889,0.0401459895074367,0.0102963149547576,1.3381242752075195,0.065147541463375,0.049711525440216,1.3877875804901123,0.0661991834640502,0.0738176107406616,1.4553718566894531,-0.0622482001781463,0.0470214188098907,1.3089629411697388,-0.2295158505439758,0.0257431864738464,1.1554158926010132,-0.1782392263412475,0.0816795229911804,0.9154294729232788,0.1241943687200546,-0.045027881860733,1.2845280170440674,0.1999254822731018,-0.1756769865751266,1.127676248550415,0.2052168548107147,-0.051040481775999,0.9181135892868042
