0.0,0.0,0.6982288956642151,0.0479429066181182,-0.0730582550168037,0.6875868439674377,0.0372392013669014,0.05257049202919,0.3635597825050354,-0.2011866718530655,0.0095133781433105,0.0862162709236145,-0.0479469150304794,0.0730664059519767,0.7088747024536133,0.0585837438702583,0.0712020993232727,0.3485804796218872,-0.029258644208312,0.0397148728370666,0.0,0.0361530743539333,0.0181763470172882,0.9151560068130492,0.1031054109334945,-0.0002089142799377,1.1529830694198608,0.1721220910549163,0.0071090757846832,1.2040250301361084,0.1462551653385162,-0.0229549407958984,1.307229995727539,0.0279449690133333,0.0885686576366424,1.1123565435409546,-0.0407767295837402,0.1599980294704437,0.8946780562400818,-0.0235239565372467,0.2582926154136657,0.6896986961364746,0.1366574168205261,-0.0841946899890899,1.099217414855957,0.120877057313919,-0.209053561091423,0.8742384314537048,0.1865001916885376,-0.1906634867191314,0.6986362934112549
0.0,0.0,0.7101555466651917,0.0498083680868148,-0.0728910192847251,0.6988162398338318,0.041591640561819,0.0491915345191955,0.3770182132720947,-0.2009291350841522,0.0160011053085327,0.1030947566032409,-0.0498114898800849,0.0728992372751236,0.7214986681938171,0.0462975949048996,0.0703325569629669,0.3542107343673706,-0.0346078649163246,0.0285965800285339,0.0,0.0338796526193618,0.0177861154079437,0.9296960830688475,0.0978607684373855,0.0008998811244964,1.1695547103881836,0.1674579083919525,0.0102480351924896,1.222876787185669,0.1449306607246399,-0.0201879143714904,1.3263554573059082,0.021519735455513,0.090350717306137,1.126164436340332,-0.0451314002275466,0.1626411229372024,0.9048442244529724,-0.0254668220877647,0.2520983815193176,0.7005496025085449,0.1327656060457229,-0.0836588442325592,1.1179251670837402,0.1142977029085159,-0.2069821804761886,0.8898262977600098,0.1846513748168945,-0.1874871253967285,0.7090683579444885
0.0,0.0,0.7159541845321655,0.0525474473834037,-0.0742572993040084,0.7031924724578857,0.0534040369093418,0.0456780493259429,0.3859219253063202,-0.1933972537517547,0.0251163244247436,0.1175885200500488,-0.0525492131710052,0.0742653831839561,0.7287194728851318,0.0305921398103237,0.0729406774044036,0.3575212955474853,-0.0391318574547767,0.0243161916732788,0.0,0.0318135544657707,0.0179737210273742,0.9371747970581056,0.0944683402776718,0.0052314698696136,1.17879056930542,0.1659681499004364,0.0157957673072814,1.2342567443847656,0.1446907967329025,-0.0134359002113342,1.33687162399292,0.0185680389404296,0.0963087677955627,1.134555459022522,-0.0448336899280548,0.1731970608234405,0.9108574390411376,-0.021253764629364,0.2490746527910232,0.7032135128974915,0.1299562156200409,-0.0800695419311523,1.128974437713623,0.1042886972427368,-0.2053773254156112,0.8997753858566284,0.1767922788858413,-0.189976155757904,0.7126188278198242
0.0,0.0,0.7067432403564453,0.0537185445427894,-0.0782235413789749,0.6918864250183105,0.0746767222881317,0.0460690557956695,0.3777930736541748,-0.1714793145656585,0.0308204889297485,0.1193957328796386,-0.05371955037117,0.0782311484217643,0.7216032147407532,0.0172200184315443,0.0806070864200592,0.3516042828559875,-0.0616873316466808,0.0243982076644897,0.0,0.0295810271054506,0.0199486166238784,0.9274240732192992,0.0934908986091613,0.0127454996109008,1.1697289943695068,0.1680198907852172,0.026277482509613,1.2265994548797607,0.1484257876873016,-0.0030335187911987,1.3282790184020996,0.0176076591014862,0.1083467602729797,1.121760606765747,-0.0404641926288604,0.1894170045852661,0.8943874835968018,-0.0112279504537582,0.2506049275398254,0.6846656799316406,0.1287656873464584,-0.0766198933124542,1.12367582321167,0.091093510389328,-0.2037588655948639,0.8944826126098633,0.1578118503093719,-0.1929060816764831,0.7024799585342407
0.0,0.0,0.6903467774391174,0.0542946904897689,-0.0831678360700607,0.6732581853866577,0.1042182594537735,0.0506934225559234,0.3665835261344909,-0.1440605968236923,0.0354104042053222,0.116319715976715,-0.0542950928211212,0.0831748619675636,0.7074379920959473,0.0102651957422494,0.0920175611972808,0.3410383462905884,-0.0802073776721954,0.0263631939888,0.0,0.028517410159111,0.0218136012554168,0.9091720581054688,0.0933719426393508,0.0201284289360046,1.151724338531494,0.171851634979248,0.037836879491806,1.20685076713562,0.1519476920366287,0.0077611207962036,1.3068475723266602,0.0188862718641757,0.1188576221466064,1.1039233207702637,-0.0308237522840499,0.1999396383762359,0.8717123866081238,0.0050106048583984,0.2537907660007477,0.6635607481002808,0.1287064552307129,-0.0733724534511566,1.1098870038986206,0.0842969268560409,-0.1998736411333084,0.8810023069381714,0.1444085538387298,-0.1894840151071548,0.6874150037765503
0.0,0.0,0.6779805421829224,0.0540389195084571,-0.0857894197106361,0.6620070934295654,0.133981853723526,0.0642254054546356,0.3603829145431518,-0.1028086990118026,0.0421544909477233,0.1056659221649169,-0.0540394783020019,0.0857960656285286,0.6939560174942017,0.0003414340317249,0.1027838587760925,0.3317100405693054,-0.1068834364414215,0.0296117663383483,0.0,0.0286114625632762,0.0236075520515441,0.8948818445205688,0.0931593030691146,0.0253163874149322,1.137503147125244,0.1730899810791015,0.0494050681591033,1.191206932067871,0.152245208621025,0.0184237360954284,1.2909101247787476,0.0202843695878982,0.1273574829101562,1.0883984565734863,-0.0237433910369873,0.2036480158567428,0.8516623973846436,0.0208232775330543,0.2569701075553894,0.6460361480712891,0.1266160905361175,-0.0723213255405426,1.099178433418274,0.0735250264406204,-0.192645251750946,0.8689106702804565,0.1312544792890548,-0.1766899526119232,0.6766640543937683
0.0,0.0,0.6635390520095825,0.0540308207273483,-0.0861343890428543,0.6490813493728638,0.1591164767742157,0.0738464593887329,0.3492850065231323,-0.0598245933651924,0.0379696488380432,0.0801206827163696,-0.0540313571691513,0.0861409306526184,0.6779982447624207,-0.0073280707001686,0.1129256933927536,0.315111368894577,-0.1244885325431823,0.0278548598289489,0.0,0.0294058583676815,0.0263473540544509,0.880464494228363,0.0932505503296852,0.0297573804855346,1.1236941814422607,0.1742811948060989,0.0582249164581298,1.176629900932312,0.1522343456745147,0.0260261893272399,1.2750506401062012,0.0229767002165317,0.1329891979694366,1.0756559371948242,-0.0122795179486274,0.2047530114650726,0.8320579528808594,0.0389221981167793,0.2573211193084717,0.6284071803092957,0.1249441504478454,-0.0693322718143463,1.0836023092269895,0.0673016160726547,-0.1885025799274444,0.8531471490859985,0.118114948272705,-0.1712092906236648,0.6567702293395996
0.0,0.0,0.6593902111053467,0.0547184646129608,-0.0837847888469696,0.6470730304718018,0.1732093095779419,0.0795126259326934,0.3467835783958435,-0.0176548268646001,0.0251147747039794,0.0545386672019958,-0.0547193437814712,0.0837913677096366,0.6717084646224976,-0.0126155540347099,0.125638723373413,0.309683233499527,-0.1365899592638015,0.0389688611030578,0.0,0.0302964001893997,0.0286279171705245,0.876126229763031,0.092548169195652,0.0327947735786438,1.1203546524047852,0.1735342592000961,0.0658810138702392,1.1733607053756714,0.1501010656356811,0.0306280255317688,1.2728519439697266,0.0236966349184513,0.13638436794281,1.0728601217269895,-0.0023530721664428,0.205289214849472,0.8235421180725098,0.0559988394379615,0.2515664100646972,0.6254439353942871,0.1239531636238098,-0.0660922825336456,1.0796725749969482,0.0550609230995178,-0.178899884223938,0.8474717140197754,0.0969016253948211,-0.1651752889156341,0.6493021249771118
0.0,0.0,0.6553052067756653,0.0558298751711845,-0.0805945470929145,0.6438265442848206,0.1821557581424713,0.0788257122039794,0.3419551849365234,0.0201662108302116,0.0159721374511718,0.0252920985221862,-0.0558310374617576,0.0806012526154518,0.6667845845222473,-0.0127455219626426,0.1403147578239441,0.3081495761871338,-0.1465080082416534,0.0493965744972229,0.0,0.031700424849987,0.0282748192548751,0.8724560737609863,0.0917409881949424,0.0332610607147216,1.117849588394165,0.1722542345523834,0.0691200792789459,1.1706671714782717,0.1475962549448013,0.0308868288993835,1.2693629264831543,0.0245216079056262,0.1349853575229644,1.0708497762680054,0.0091701447963714,0.2046550512313842,0.8179386854171753,0.0710629522800445,0.2452237904071808,0.6249591708183289,0.1242650747299194,-0.0633961260318756,1.075135588645935,0.0471958667039871,-0.1720814257860183,0.8426843285560608,0.0823587328195571,-0.1589313298463821,0.6432335376739502
0.0,0.0,0.6565753221511841,0.0562506094574928,-0.0778675302863121,0.6447010636329651,0.1834931224584579,0.0697143971920013,0.3384892344474792,0.0590267702937126,-0.0009639859199523,0.0,-0.056252121925354,0.0778746530413627,0.668450117111206,-0.0226125866174697,0.1517217308282852,0.3121737837791443,-0.16143599152565,0.0711432695388794,0.0023645758628845,0.0331189259886741,0.0243289768695831,0.8751908540725708,0.0902081727981567,0.0293816626071929,1.1217458248138428,0.1699557453393936,0.0674484968185424,1.175842523574829,0.1450441032648086,0.0272777676582336,1.2753430604934692,0.0222962796688079,0.1308208107948303,1.0746359825134275,0.0169246420264244,0.2015446275472641,0.8202234506607056,0.0886349529027938,0.2364747822284698,0.6333526372909546,0.1248068809509277,-0.0666965842247009,1.0771605968475342,0.0360803753137588,-0.1672376692295074,0.8451797962188721,0.0675394535064697,-0.152126207947731,0.6492958664894104
0.0,0.0,0.6850156784057617,0.0574622452259063,-0.0761407986283302,0.6731878519058228,0.1788711696863174,0.0517540872097015,0.3620313704013824,0.0947856605052948,-0.0258877873420715,0.0,-0.0574633255600929,0.0761484950780868,0.6968441605567932,-0.0394174382090568,0.1617847830057144,0.3443233966827392,-0.1850900650024414,0.0992134809494018,0.0410550236701965,0.0319084152579307,0.0201070010662078,0.9057650566101074,0.0837710127234458,0.0214503109455108,1.1530489921569824,0.1641623079776764,0.0575077831745147,1.2082654237747192,0.1385153234004974,0.0158791542053222,1.3074718713760376,0.0138162411749362,0.1215024590492248,1.1060938835144043,0.0209186896681785,0.1956115812063217,0.8507083654403687,0.1005646437406539,0.229498416185379,0.6659002304077148,0.1212463974952697,-0.0744709074497222,1.1036728620529177,0.0287009328603744,-0.1674266159534454,0.8722354173660278,0.0552037805318832,-0.1533532887697219,0.6755932569503784
0.0,0.0,0.6999592781066895,0.0578845888376235,-0.0768594890832901,0.6897421479225159,0.1751036643981933,0.0414980351924896,0.3757359981536865,0.1291856467723846,-0.0500643849372863,0.0,-0.0578850507736206,0.0768678188323974,0.7101773619651794,-0.0551381185650825,0.1657643914222717,0.3666526973247528,-0.2130236327648162,0.1279937028884887,0.0717904567718505,0.0301150064915418,0.0156763792037963,0.9217627048492432,0.0750298649072647,0.0118972063064575,1.1678225994110107,0.1540595442056656,0.0460187196731567,1.225142002105713,0.130040168762207,0.0023364424705505,1.325434327125549,0.0026837326586246,0.1124824285507202,1.1205917596817017,0.0171543806791305,0.190960556268692,0.8677704334259033,0.1091233864426612,0.2276933491230011,0.68440181016922,0.1150470972061157,-0.0856027603149414,1.1154673099517822,0.0188430920243263,-0.1742718070745468,0.8882184624671936,0.0392331853508949,-0.1673441231250763,0.6919285655021667
0.0,0.0,0.7039099931716919,0.0594590902328491,-0.0789535641670227,0.6958305239677429,0.1748948097229004,0.0388200581073761,0.3808187544345855,0.1377608776092529,-0.0695141553878784,0.0,-0.0594586580991745,0.0789616927504539,0.7119907140731812,-0.051886036992073,0.180771067738533,0.3813633620738983,-0.2243523597717285,0.1681030392646789,0.1025455594062805,0.0241982173174619,0.012112408876419,0.9265413284301758,0.0617938637733459,0.0013008117675781,1.1709340810775757,0.1404784917831421,0.0338901281356811,1.2296042442321775,0.1160367280244827,-0.0121636390686035,1.329210877418518,-0.0125263333320617,0.1022089123725891,1.1254411935806274,0.0117024257779121,0.1880091577768325,0.8741962313652039,0.109228491783142,0.2347164154052734,0.687023937702179,0.1043412908911705,-0.0960007011890411,1.1140620708465576,0.0117455124855041,-0.1841987371444702,0.8870674967765808,0.0345919206738472,-0.1727847903966903,0.6914036870002747
0.0,0.0,0.7037150859832764,0.0603258609771728,-0.0825036689639091,0.6991901993751526,0.1759006679058075,0.0386688709259033,0.3829526305198669,0.1240447759628295,-0.0772432684898376,0.0,-0.0603249222040176,0.0825113952159881,0.7082412242889404,-0.0327384024858474,0.1955382525920868,0.392967939376831,-0.2295496463775634,0.2057538628578186,0.1384681463241577,0.0189293008297681,0.0113117396831512,0.926485240459442,0.0540515929460525,-0.0063816606998443,1.1694121360778809,0.1315222680568695,0.0262506604194641,1.2285412549972534,0.1067354679107666,-0.0233763456344604,1.3280175924301147,-0.0220765620470047,0.0979630947113037,1.124981164932251,0.0069755911827087,0.1904072612524032,0.8753729462623596,0.108681783080101,0.2411223202943802,0.6820214986801147,0.097192034125328,-0.1058031022548675,1.1110711097717283,0.0055837929248809,-0.1946704983711242,0.8841593265533447,0.0428645610809326,-0.1639747768640518,0.6943908333778381
0.0,0.0,0.7086473703384399,0.0606220662593841,-0.0861885994672775,0.7075638175010681,0.169604480266571,0.0320291519165039,0.3834335803985595,0.0961616188287735,-0.0826004147529602,0.0,-0.0606210529804229,0.086195632815361,0.7097323536872864,-0.0091778635978698,0.2065495997667312,0.4001885652542114,-0.2299334108829498,0.2238300740718841,0.1691682338714599,0.0157096777111291,0.0119315236806869,0.9309275150299072,0.0511407181620597,-0.0108409523963928,1.1728827953338623,0.1289282590150833,0.0224590897560119,1.2330397367477417,0.1031620651483535,-0.0284128785133361,1.3328843116760254,-0.0241897925734519,0.0974969267845153,1.1312081813812256,0.007206343114376,0.199632465839386,0.8845168352127075,0.1090659126639366,0.2536298036575317,0.6860333681106567,0.0934124812483787,-0.1115990877151489,1.1132854223251345,0.006043367087841,-0.2048520892858505,0.8840011358261108,0.0608241111040115,-0.1581435799598693,0.6983157396316528
0.0,0.0,0.7107523679733276,0.0600634589791297,-0.0902484506368637,0.7118934988975525,0.161007359623909,0.0269117057323455,0.3812405467033386,0.0613002628087997,-0.0852555632591247,0.0,-0.0600627660751342,0.0902551561594009,0.7096127271652222,0.01847530528903,0.2129640579223632,0.4030023217201233,-0.2285940945148468,0.2249969244003296,0.1903078556060791,0.0157251320779323,0.0132047533988952,0.932849645614624,0.0555798597633838,-0.0116358697414398,1.17399799823761,0.1328257620334625,0.0210266709327697,1.2362303733825684,0.1058342307806015,-0.03021240234375,1.336093187332153,-0.0191150903701782,0.1021086573600769,1.1342600584030151,0.0063302814960479,0.2072080671787262,0.8891974091529846,0.1074565276503562,0.26115483045578,0.6893794536590576,0.0975055694580078,-0.1151191592216491,1.115386724472046,0.0119026750326156,-0.2119783610105514,0.8826822638511658,0.0758494436740875,-0.1584935784339904,0.700068473815918
0.0,0.0,0.7064054012298584,0.0596183091402053,-0.0932715311646461,0.7087697982788086,0.1501910239458084,0.0269703567028045,0.3710890412330627,0.029570072889328,-0.0824414491653442,0.0,-0.059618055820465,0.0932779684662818,0.7040421962738037,0.0485702455043792,0.219521552324295,0.4006510078907013,-0.2122018635272979,0.2143104076385498,0.190781831741333,0.0156414285302162,0.0140524357557296,0.9289978742599488,0.0604161918163299,-0.0119828879833221,1.1710659265518188,0.1373693495988845,0.0214191079139709,1.2349337339401243,0.1104452684521675,-0.0300041437149047,1.33630108833313,-0.0132210478186607,0.1044424772262573,1.1348562240600586,0.0046346634626388,0.2109787762165069,0.8894016742706299,0.097670093178749,0.2677680552005768,0.6864733695983887,0.1013929545879364,-0.1169030964374542,1.1108834743499756,0.0234829038381576,-0.217234194278717,0.8707631230354309,0.0977758467197418,-0.1582870334386825,0.6887956857681274
0.0,0.0,0.7071118354797363,0.0587102025747299,-0.0964881628751754,0.7108046412467957,0.1364625394344329,0.0279791951179504,0.3664125204086303,0.0041694790124893,-0.0755403637886047,0.0,-0.0587103813886642,0.0964946150779724,0.7034198045730591,0.07634998857975,0.2269425392150879,0.4016342759132385,-0.1844874918460846,0.202515959739685,0.1784783601760864,0.0180007889866828,0.0155325978994369,0.9296887516975404,0.0682792514562606,-0.0110049247741699,1.1728715896606443,0.1461652815341949,0.0239732265472412,1.237104415893555,0.1187048107385635,-0.0255338549613952,1.3399900197982788,-0.0035090819001197,0.1088089942932128,1.1380510330200195,-0.0007465779781341,0.2113829553127288,0.8917325139045715,0.086540363729,0.2741262912750244,0.6898216009140015,0.1070975214242935,-0.118832916021347,1.1126025915145874,0.0331734716892242,-0.2211987525224685,0.8675429224967957,0.1105280816555023,-0.159354493021965,0.6787495613098145
0.0,0.0,0.70655357837677,0.060099571943283,-0.0972312837839126,0.7105642557144165,0.1246682852506637,0.0317404866218566,0.3624132871627807,-0.0229384582489728,-0.065225601196289,0.0,-0.0601001232862472,0.0972375348210334,0.7025435566902161,0.1067424789071083,0.2348378300666809,0.3990731239318847,-0.142456367611885,0.1831371188163757,0.1522507667541504,0.0207703653723001,0.0173976421356201,0.9284203052520752,0.0768631100654602,-0.0081856846809387,1.171851634979248,0.155912160873413,0.026677668094635,1.2360657453536987,0.1263133585453033,-0.0213328599929809,1.340804100036621,0.005191721022129,0.1118841171264648,1.139760971069336,-0.0116065964102745,0.2041431367397308,0.8905895352363586,0.0700418427586555,0.2764332294464111,0.6841703057289124,0.1135851740837097,-0.1175156235694885,1.109065055847168,0.0437347590923309,-0.2273519337177276,0.86057448387146,0.1228141039609909,-0.1709276288747787,0.6694619655609131
0.0,0.0,0.7069627046585083,0.062391921877861,-0.095454528927803,0.7108942270278931,0.1080132722854614,0.0397471189498901,0.3611204028129577,-0.0600011646747589,-0.0555747151374816,0.0,-0.0623928308486938,0.0954606980085372,0.7030317187309265,0.1280751675367355,0.241159588098526,0.3965828120708465,-0.0902071893215179,0.1698465049266815,0.1212222576141357,0.0229141600430011,0.0186025649309158,0.9291880130767822,0.0839406698942184,-0.0046814084053039,1.1729289293289185,0.1619260162115097,0.0298478007316589,1.2372431755065918,0.1316657364368438,-0.0163849592208862,1.3438066244125366,0.0122745223343372,0.1140745878219604,1.144554615020752,-0.0241855382919311,0.1970378756523132,0.8961784243583679,0.0534606166183948,0.2797588109970093,0.6865224242210388,0.1180470585823059,-0.1154442131519317,1.1089613437652588,0.0503714829683303,-0.233496218919754,0.8603883385658264,0.1306745558977127,-0.1870455592870712,0.6620732545852661
0.0,0.0,0.7051674127578735,0.0649108737707138,-0.0942636802792549,0.7084056735038757,0.0932904258370399,0.047130286693573,0.361028254032135,-0.0838803350925445,-0.0470899939537048,0.0,-0.0649116933345794,0.094269685447216,0.7019297480583191,0.1414221376180648,0.2347252666950225,0.3950525522232055,-0.0510990321636199,0.1507905423641204,0.092491865158081,0.0257467329502105,0.0172202885150909,0.9283796548843384,0.0900137946009635,-0.0038133263587951,1.1729711294174194,0.1656152755022049,0.028943657875061,1.23901104927063,0.1340792924165725,-0.0174189209938049,1.3455010652542114,0.0170934125781059,0.1129478812217712,1.148473858833313,-0.0321915000677108,0.192347764968872,0.9009042978286744,0.0395834818482399,0.2877916991710663,0.6889504194259644,0.1230343878269195,-0.1164168417453765,1.1088645458221436,0.0585331171751022,-0.2468534708023071,0.8635494709014893,0.1352521777153015,-0.2172113507986068,0.6629346013069153
0.0,0.0,0.6961734294891357,0.0682848989963531,-0.093672826886177,0.6972332000732422,0.0781489834189415,0.0581002533435821,0.3569368124008178,-0.1083581298589706,-0.0333132147789001,0.0,-0.0682852566242218,0.093679279088974,0.695114254951477,0.1392540484666824,0.2151582986116409,0.3834373354911804,-0.0223069265484809,0.1233199834823608,0.0495423674583435,0.028309229761362,0.0145338177680969,0.9214870929718018,0.0918111354112625,-0.0027032494544982,1.1675111055374146,0.1652901768684387,0.0299829840660095,1.2350398302078247,0.1333647668361663,-0.0164324045181274,1.3407407999038696,0.0148347988724708,0.1126958131790161,1.1443405151367188,-0.0428739264607429,0.1950573921203613,0.8996115326881409,0.0256696715950965,0.3038943409919739,0.6885924339294434,0.1282470226287841,-0.118373692035675,1.1040775775909424,0.0633339434862136,-0.2609779238700866,0.865493655204773,0.1381699740886688,-0.2423457205295562,0.6612833142280579
0.0,0.0,0.6772714853286743,0.0715423077344894,-0.0910281091928482,0.6773648858070374,0.0660962611436843,0.0684723854064941,0.3482383489608764,-0.1335027813911438,-0.0203946828842163,0.0,-0.0715421438217163,0.0910347029566764,0.6771786212921143,0.1337936669588089,0.1965008676052093,0.3640373945236206,0.0145221557468175,0.1053479313850402,0.0065497159957885,0.0280638635158538,0.0149336457252502,0.9034764170646667,0.0903494209051132,0.0012384355068206,1.150972843170166,0.1652194559574127,0.0339786410331726,1.2186217308044434,0.1323365122079849,-0.0117502808570861,1.322144865989685,0.0101277604699134,0.1161675155162811,1.1271308660507202,-0.0519104301929473,0.2009088695049286,0.8831446170806885,0.0126214027404785,0.3173076510429382,0.668676495552063,0.1312496960163116,-0.116870492696762,1.0873770713806152,0.0691436380147934,-0.2726003229618072,0.8551061749458313,0.145571619272232,-0.2615834474563598,0.6506822109222412
0.0,0.0,0.6857195496559143,0.0726220905780792,-0.0893530696630477,0.6851072907447815,0.0584876276552677,0.0771343410015106,0.3652244508266449,-0.1550060808658599,-0.0099953413009643,0.0318582653999328,-0.0726216584444046,0.0893597900867462,0.6863322854042053,0.1283905208110809,0.1821034550666809,0.3749516606330871,0.0420541502535343,0.0921424627304077,0.0,0.0271662790328264,0.0156260877847671,0.9121100902557372,0.0862695947289466,0.0032593011856079,1.160425305366516,0.1617383062839508,0.0354940295219421,1.2273831367492676,0.129253476858139,-0.0087667107582092,1.330057144165039,0.0035480596125125,0.1186383366584777,1.1350746154785156,-0.0624151527881622,0.2044301927089691,0.8930546045303345,0.0010411292314529,0.3243846893310547,0.679145336151123,0.1299440413713455,-0.116424024105072,1.0985169410705566,0.0718912780284881,-0.2789443433284759,0.8724569082260132,0.1528777778148651,-0.2695434689521789,0.6685177087783813
0.0,0.0,0.6971213221549988,0.0713122636079788,-0.0881879180669784,0.6956254243850708,0.0550828427076339,0.0835873037576675,0.3818835318088531,-0.1690015792846679,-0.0020130276679992,0.064132273197174,-0.0713119357824325,0.0881942361593246,0.6986178755760193,0.1248031705617904,0.1703602373600006,0.3872695565223694,0.0593423694372177,0.0838766098022461,0.0,0.0243687555193901,0.0158621519804,0.9232728481292723,0.0801049917936325,0.0021241009235382,1.1722464561462402,0.1565912663936615,0.0337733626365661,1.2369587421417236,0.1228104382753372,-0.0095124244689941,1.3388473987579346,-0.0042781606316566,0.117167055606842,1.1441011428833008,-0.0714231133460998,0.2007751166820526,0.9015295505523682,-0.0069419592618942,0.3216204941272735,0.6874713897705078,0.1242182850837707,-0.1176243424415588,1.1102197170257568,0.0692986994981765,-0.2803449332714081,0.8866684436798096,0.1559648811817169,-0.2689129412174225,0.6848910450935364
0.0,0.0,0.7041105031967163,0.0690721571445465,-0.0886682271957397,0.7028222680091858,0.0597489587962627,0.0858990848064422,0.392681747674942,-0.1793136447668075,0.0037163496017456,0.090049922466278,-0.0690718591213226,0.0886745825409889,0.7053994536399841,0.11749829351902,0.1617422997951507,0.3941248059272766,0.0521163493394851,0.0727429389953613,0.0,0.021942988038063,0.0148951858282089,0.9308923482894896,0.0751033797860145,0.0013110637664794,1.180210828781128,0.1503266990184784,0.0342522859573364,1.2437183856964111,0.1165297031402587,-0.0089387893676757,1.3453437089920044,-0.0106507614254951,0.1157744228839874,1.150146484375,-0.0810260325670242,0.1927463710308075,0.9068405628204346,-0.01284621655941,0.314850777387619,0.6923928260803223,0.118182823061943,-0.1191803216934204,1.1189590692520142,0.0632457286119461,-0.2783418297767639,0.8958380222320557,0.1530515253543853,-0.2651530802249908,0.6989721655845642
0.0,0.0,0.7114075422286987,0.0661542862653732,-0.0903698280453682,0.7096681594848633,0.0647932514548301,0.081386312842369,0.3969053626060486,-0.1834193915128708,-0.0059202313423156,0.1093226075172424,-0.0661540329456329,0.0903762131929397,0.7131479978561401,0.1062360554933548,0.150165781378746,0.3983196318149566,0.0287843514233827,0.057850956916809,0.0,0.0190560482442379,0.014247789978981,0.9391413927078248,0.0722009167075157,0.0016596615314483,1.1880170106887815,0.1472354084253311,0.0358191728591918,1.253349542617798,0.1115633845329284,-0.0079110860824584,1.3534947633743286,-0.0148245170712471,0.1163738667964935,1.155890703201294,-0.0868540406227111,0.1853373944759369,0.9086195230484008,-0.0105521231889724,0.3113179802894592,0.6947974562644958,0.1135403513908386,-0.1211276352405548,1.1266636848449707,0.0570077002048492,-0.276911199092865,0.9019370079040528,0.1460708677768707,-0.263255625963211,0.7082042694091797
0.0,0.0,0.7140458226203918,0.0640919134020805,-0.0929281860589981,0.7115655541419983,0.0795191302895546,0.0772423446178436,0.4014143943786621,-0.1752310097217559,-0.016438603401184,0.1185651421546936,-0.0640916228294372,0.0929350778460502,0.7165271043777466,0.0899659544229507,0.1377805471420288,0.3991511464118957,0.0002187066711485,0.0425398349761962,0.0,0.0183562338352203,0.0131340324878692,0.9431209564208984,0.0719206482172012,0.0029428601264953,1.1905051469802856,0.1463861316442489,0.0398163795471191,1.2582401037216189,0.1109108328819274,-0.0039724111557006,1.3581132888793943,-0.0151631906628608,0.1176867485046386,1.157080054283142,-0.0885700136423111,0.1790980696678161,0.9092517495155334,-0.0028255432844161,0.3093715608119964,0.6950299739837646,0.1107190698385238,-0.1223129034042358,1.1286327838897705,0.0493037104606628,-0.2747993767261505,0.9037245512008668,0.1342580020427703,-0.2644909024238586,0.7084378004074097
0.0,0.0,0.7114154696464539,0.0627536326646804,-0.0950902849435806,0.7081456184387207,0.0998157486319542,0.0758904069662094,0.4007844030857086,-0.1480961292982101,-0.0263591408729553,0.1212515234947204,-0.0627533346414566,0.0950969979166984,0.714686393737793,0.0748311057686805,0.1282560676336288,0.3915724754333496,-0.0307302623987197,0.0331573486328125,0.0,0.0194840207695961,0.0137886703014373,0.9406920671463012,0.073072925209999,0.0055991113185882,1.18634831905365,0.1475881040096283,0.044446051120758,1.2566790580749512,0.1143769770860672,8.684396743774414e-05,1.3566498756408691,-0.0122398361563682,0.1198500990867614,1.1515647172927856,-0.0846322178840637,0.1716458350419998,0.8988533020019531,0.0084525495767593,0.3033819198608398,0.6881961822509766,0.1081447005271911,-0.1209516823291778,1.1225881576538086,0.0389023721218109,-0.2715572416782379,0.8975893259048462,0.1149059832096099,-0.2648987472057342,0.7009333372116089
0.0,0.0,0.7105554938316345,0.0615779608488082,-0.097535140812397,0.7060084939002991,0.1205116584897041,0.0747784376144409,0.4062987267971039,-0.1075416356325149,-0.0292390584945678,0.1137238144874572,-0.0615775287151336,0.0975415334105491,0.7151033878326416,0.055742010474205,0.1242433339357376,0.3847484588623047,-0.0577064342796802,0.0317865014076232,0.0,0.0217828676104545,0.0157715231180191,0.9395689368247986,0.0769772827625274,0.0090985596179962,1.1837255954742432,0.1516659259796142,0.0500645637512207,1.2541589736938477,0.1196191981434822,0.004553735256195,1.3547189235687256,-0.0063207894563674,0.1228683292865753,1.1482954025268557,-0.0811489671468734,0.1649052053689956,0.8949458599090576,0.0200449004769325,0.2897864580154419,0.6871746778488159,0.1083055138587951,-0.1163877248764038,1.1189982891082764,0.0317985266447067,-0.2608908414840698,0.8969987630844116,0.0918882489204406,-0.2559984922409057,0.6930510997772217
0.0,0.0,0.7073134779930115,0.0588321685791015,-0.1000628322362899,0.7015606164932251,0.1414217054843902,0.0713672041893005,0.4080731868743896,-0.0504535175859928,-0.0277283787727355,0.0892571806907653,-0.0588314235210418,0.1000689789652824,0.7130671739578247,0.0381204709410667,0.1210186630487442,0.3738640546798706,-0.0885193422436714,0.0339405536651611,0.0,0.0245130397379398,0.0182635486125946,0.9363999962806702,0.0824580416083335,0.0111783444881439,1.1798787117004397,0.1576674878597259,0.0523858666419982,1.2509965896606443,0.1250221878290176,0.0054012537002563,1.3522984981536863,0.0024061389267444,0.125873863697052,1.1441164016723633,-0.0708393007516861,0.1600883901119232,0.8895925283432007,0.0341449491679668,0.2700013518333435,0.6872168779373169,0.1095307618379592,-0.1130189597606659,1.1142213344573977,0.0265031084418296,-0.2513352930545807,0.8932735919952393,0.0794322490692138,-0.2415051758289337,0.6928781867027283
0.0,0.0,0.7115866541862488,0.0561448186635971,-0.102520115673542,0.7053115367889404,0.1577176749706268,0.0659663677215576,0.4100788235664367,0.0001028031110763,-0.0352040529251098,0.0683309435844421,-0.0561436861753463,0.1025267019867897,0.7178627252578735,0.0106478668749332,0.1190841346979141,0.3680113852024078,-0.1350638568401336,0.0296396017074584,0.0,0.0261381566524505,0.0217299610376358,0.94102680683136,0.0863791704177856,0.0144904851913452,1.1849398612976074,0.1611314713954925,0.0548369884490966,1.2570239305496216,0.1275925040245056,0.005198061466217,1.358588933944702,0.0088579580187797,0.1307211518287658,1.148026704788208,-0.0565500259399414,0.1652494221925735,0.8930352330207825,0.0504846386611461,0.2550861835479736,0.6968109607696533,0.1119122505187988,-0.1085917055606842,1.121086597442627,0.0259670689702034,-0.2392667829990387,0.90134996175766,0.0753779262304306,-0.2198115289211273,0.7028665542602539
0.0,0.0,0.7160336971282959,0.055224984884262,-0.1045145615935325,0.7090738415718079,0.1722486317157745,0.0587523281574249,0.4094463586807251,0.061131551861763,-0.0419839620590209,0.0423189997673034,-0.0552232638001441,0.1045216843485832,0.7229946851730347,-0.0149063467979431,0.1247560232877731,0.3666352927684784,-0.1782298237085342,0.0272426605224609,0.0,0.0272199492901563,0.0257909744977951,0.9446645975112916,0.0893675610423088,0.0175562500953674,1.1891380548477173,0.1648014336824417,0.0552939176559448,1.2630399465560913,0.1294402480125427,0.0035975575447082,1.3636819124221802,0.0114347897469997,0.1354077160358429,1.151880979537964,-0.0408567190170288,0.1745648384094238,0.8957767486572266,0.0741610080003738,0.2503107190132141,0.7053582072257996,0.1175498217344284,-0.1060761511325836,1.126258373260498,0.0291542410850524,-0.227921187877655,0.9040969610214232,0.0842176526784896,-0.192886620759964,0.7157739400863647
0.0,0.0,0.7125800848007202,0.0544147193431854,-0.1037488430738449,0.7073239684104919,0.175855740904808,0.0516485571861267,0.3987874388694763,0.1216437220573425,-0.0490347146987915,0.0123947262763977,-0.0544129014015197,0.1037565767765045,0.7178376317024231,-0.0449363887310028,0.1356837749481201,0.3619420528411865,-0.22088223695755,0.0343692898750305,0.0,0.0251971781253814,0.0278089195489883,0.9409400820732116,0.0856618955731391,0.0150761008262634,1.1857528686523438,0.1637698858976364,0.0496501326560974,1.2619163990020752,0.1275756061077118,-0.002562403678894,1.3617180585861206,0.008841086179018,0.1360220909118652,1.1501686573028564,-0.0315242260694503,0.1831177473068237,0.8935415744781494,0.0975607261061668,0.2490268051624298,0.7053467035293579,0.1148242950439453,-0.1102249920368194,1.124981164932251,0.0254943817853927,-0.2229181081056594,0.901388943195343,0.0820596069097518,-0.1751693785190582,0.7164868712425232
0.0,0.0,0.7095201015472412,0.0532669052481651,-0.1021408438682556,0.7060303092002869,0.1753282397985458,0.0483616888523101,0.3945317566394806,0.1685886085033416,-0.0556353330612182,0.0,-0.0532649755477905,0.1021485477685928,0.7130118608474731,-0.0672451853752136,0.1375249326229095,0.3633745312690735,-0.2558749914169311,0.0411416292190551,0.0149227380752563,0.0216380711644887,0.0278529822826385,0.9382089376449584,0.0785169973969459,0.0106175541877746,1.1819825172424316,0.1594502031803131,0.0420070886611938,1.2619974613189695,0.1226014643907547,-0.0116960406303405,1.3607968091964722,0.0035947784781455,0.1339674592018127,1.151127576828003,-0.0222920849919319,0.1871640384197235,0.8916705846786499,0.1156055852770805,0.2499104291200637,0.7082862854003906,0.1085876375436782,-0.1160570979118347,1.124545931816101,0.0159045159816741,-0.2250357717275619,0.9019339084625244,0.0739230811595916,-0.1756254136562347,0.716319739818573
0.0,0.0,0.7075157761573792,0.0520375221967697,-0.1021829769015312,0.7047525644302368,0.1756935119628906,0.0500710010528564,0.3937003016471863,0.1855633854866027,-0.0621900558471679,0.0,-0.0520357191562652,0.1021903753280639,0.7102811336517334,-0.0756472647190094,0.1434711217880249,0.3701201975345611,-0.2806788682937622,0.0517222881317138,0.039562702178955,0.0174861103296279,0.0266979932785034,0.9368646144866944,0.0723141506314277,0.0067951679229736,1.1794674396514893,0.1542873382568359,0.0372712016105651,1.2610719203948977,0.1175216436386108,-0.0164861679077148,1.3595457077026367,1.1645257472991943e-05,0.1330128908157348,1.152888298034668,-0.0197744518518447,0.1926839053630828,0.8946976661682129,0.1256413906812667,0.2526445984840393,0.711876630783081,0.1027675420045852,-0.1209185123443603,1.1248327493667605,0.0099040567874908,-0.2277754992246627,0.9072014093399048,0.0628770142793655,-0.1816991418600082,0.7097517251968384
0.0,0.0,0.7082452774047852,0.0518530681729316,-0.102028839290142,0.7065438032150269,0.1750606894493103,0.0528168082237243,0.3934131264686584,0.1765530258417129,-0.0626760721206665,0.0,-0.0518516302108764,0.1020354777574539,0.7099487781524658,-0.0714339464902877,0.1482786685228347,0.3779902458190918,-0.2993838787078857,0.0637013912200927,0.0705056190490722,0.0120149683207273,0.0262932032346725,0.9384955167770386,0.0673196166753768,0.0056087672710418,1.1807849407196045,0.1490144431591034,0.0358580350875854,1.261512041091919,0.1125678122043609,-0.0188392996788024,1.3602633476257324,-0.003242090344429,0.1326482892036438,1.1568145751953125,-0.0187861546874046,0.1953445523977279,0.8980234861373901,0.1227472871541976,0.2523692548274994,0.7122591733932495,0.097886174917221,-0.1216058731079101,1.1274209022521973,0.005142904818058,-0.224596694111824,0.9086697101593018,0.0553396791219711,-0.1850309371948242,0.7019129991531372
0.0,0.0,0.7101800441741943,0.0507645159959793,-0.1033367440104484,0.7105262279510498,0.1721074283123016,0.0534835159778595,0.3934130370616913,0.1507900655269622,-0.0622074007987976,0.0,-0.0507634505629539,0.1033427342772483,0.7098356485366821,-0.0578998401761055,0.152017205953598,0.3836566805839538,-0.3136796951293945,0.0742261409759521,0.1008398532867431,0.0070612654089927,0.0258066654205322,0.9417046308517456,0.0636204853653907,0.0042525827884674,1.1856915950775146,0.1442109942436218,0.0348584055900573,1.2651286125183103,0.1084047853946685,-0.0184354782104492,1.3639260530471802,-0.0046792328357696,0.132072627544403,1.163978934288025,-0.0198210328817367,0.2008047401905059,0.9058458805084229,0.1129777282476425,0.2518860995769501,0.7149365544319153,0.0940228849649429,-0.120978444814682,1.1320085525512695,0.0043863654136657,-0.2174481451511383,0.9087287187576294,0.0545558109879493,-0.1758038401603698,0.696367621421814
0.0,0.0,0.7204995155334473,0.0487583577632904,-0.1049181669950485,0.7239630222320557,0.1630979776382446,0.0475202202796936,0.3954877853393554,0.115087479352951,-0.0641278624534607,0.0,-0.0487576127052307,0.1049235984683036,0.7170379161834717,-0.0391009896993637,0.1504142433404922,0.3898574113845825,-0.318437784910202,0.0766441226005554,0.127820074558258,0.0033875489607453,0.0248908996582031,0.9530879259109496,0.060410164296627,0.0027152895927429,1.1993030309677124,0.1408166289329528,0.0332108736038208,1.2787669897079468,0.1059119552373886,-0.0167401432991027,1.3781063556671145,-0.0063651353120803,0.1317225098609924,1.1783437728881836,-0.0219804197549819,0.2032411098480224,0.9186194539070128,0.097099632024765,0.2537463903427124,0.7212158441543579,0.0898948386311531,-0.120824247598648,1.1440623998641968,0.0030877515673637,-0.2131542265415191,0.9115101099014282,0.0588111132383346,-0.1665172427892685,0.7007065415382385
0.0,0.0,0.728776216506958,0.0463862121105194,-0.1074499189853668,0.7354243397712708,0.1476807743310928,0.0417326092720031,0.3955477774143219,0.0668671950697898,-0.0644324421882629,0.0,-0.0463858097791671,0.1074551790952682,0.722129762172699,-0.0167957916855812,0.149806410074234,0.3902297616004944,-0.303434818983078,0.0734274387359619,0.1363341808319091,0.0010316222906112,0.023452877998352,0.9626694917678832,0.0575854629278183,0.0018782913684844,1.211018443107605,0.1376366317272186,0.0333137512207031,1.291004657745361,0.1045107766985893,-0.0133599042892456,1.3910773992538452,-0.0069528967142105,0.1337148547172546,1.1905789375305176,-0.0294350087642669,0.2084774076938629,0.9303283095359802,0.0779749155044555,0.2631707191467285,0.7252933979034424,0.0851159542798996,-0.1227250397205352,1.1539925336837769,0.0056303143501281,-0.209563061594963,0.9095938801765442,0.068185806274414,-0.1577620357275009,0.7005599141120911
0.0,0.0,0.7389827966690063,0.044915996491909,-0.1094121187925338,0.7465614080429077,0.1232067495584487,0.0341624319553375,0.3948941528797149,0.0195374339818954,-0.0663064122200012,0.0,-0.0449155867099761,0.1094173938035965,0.7314057946205139,0.004435870796442,0.1447098702192306,0.3928976953029632,-0.2758815884590149,0.0681020617485046,0.1357271671295166,-8.51564109325409e-05,0.0231688022613525,0.9741008281707764,0.0574878305196762,0.0025209784507751,1.2237017154693604,0.1375754177570343,0.0345751047134399,1.3042937517166138,0.103254809975624,-0.0093165636062622,1.404928207397461,-0.0059157088398933,0.1376333236694336,1.2036012411117554,-0.0375404506921768,0.2144952863454818,0.9419771432876588,0.0603918991982936,0.2793898284435272,0.7316923141479492,0.0820591151714325,-0.1240963637828826,1.164655089378357,0.0068675875663757,-0.2120605558156967,0.911507785320282,0.0802264660596847,-0.1534203588962555,0.7102028131484985
0.0,0.0,0.7413415908813477,0.0463258773088455,-0.1095796674489975,0.7485785484313965,0.0980727821588516,0.0364672243595123,0.3918066918849945,-0.023513950407505,-0.0578370094299316,0.0,-0.0463256537914276,0.1095849275588989,0.7341060042381287,0.0239661633968353,0.1451790183782577,0.3929219841957092,-0.2299844473600387,0.0668389201164245,0.1194463968276977,0.0003855070099234,0.0232982635498046,0.97671377658844,0.0592954941093921,0.0051187276840209,1.2270236015319824,0.1396112293004989,0.037186324596405,1.3073854446411133,0.1042014360427856,-0.0057645440101623,1.408665895462036,-0.0048730298876762,0.1429828405380249,1.2066447734832764,-0.0499796718358993,0.2181039452552795,0.9461243152618408,0.044035904109478,0.2921071052551269,0.7297998666763306,0.0824614912271499,-0.1256473660469055,1.1666274070739746,0.0115188062191009,-0.218053326010704,0.9118618369102478,0.0879567265510559,-0.1604208052158355,0.7050219774246216
0.0,0.0,0.7385381460189819,0.0497017800807952,-0.1085771694779396,0.7450671792030334,0.0772367641329765,0.0440784096717834,0.3867716789245605,-0.0661001950502395,-0.046310544013977,0.0,-0.0497013628482818,0.1085822507739067,0.7320104837417603,0.0440338514745235,0.1489188075065612,0.3865036070346832,-0.1634773015975952,0.0610479116439819,0.0905436277389526,0.0027695409953594,0.0250994265079498,0.9733409881591796,0.0622890666127204,0.0088886022567749,1.2238651514053345,0.1438787877559662,0.0402137041091918,1.3031983375549316,0.1047967746853828,-0.0025222301483154,1.4051578044891355,-0.0035904943943023,0.1465607285499572,1.2030606269836426,-0.0630823224782943,0.2179324775934219,0.9420936107635498,0.0250924825668334,0.3054180443286896,0.7224215269088745,0.0853843837976455,-0.1251214444637298,1.163278102874756,0.0212856382131576,-0.2285242080688476,0.90998774766922,0.1011180579662323,-0.1692099124193191,0.7049034237861633
0.0,0.0,0.7288186550140381,0.0547771453857421,-0.1076226234436035,0.7339226007461548,0.0626252368092536,0.0596898794174194,0.3816785514354706,-0.1046143621206283,-0.0349704027175903,0.0,-0.0547769591212272,0.1076277270913124,0.7237159609794617,0.0673891305923461,0.1569429785013198,0.3814715147018432,-0.101136602461338,0.0619092583656311,0.0639452934265136,0.0057487003505229,0.0247686654329299,0.9621257185935974,0.065286248922348,0.0106540322303771,1.2126727104187012,0.1466725021600723,0.0420803427696228,1.289907455444336,0.1041905730962753,-0.0016335844993591,1.39100182056427,-0.0027480274438858,0.1467655897140503,1.1904195547103882,-0.0775950402021408,0.214659184217453,0.9314962029457092,0.0034367367625236,0.3128903210163116,0.7080533504486084,0.0898561626672744,-0.1247602105140686,1.153231501579285,0.0345714837312698,-0.2343924194574356,0.9053955078125,0.1135265827178955,-0.1888551712036132,0.6926456689834595
0.0,0.0,0.7185813188552856,0.0574623942375183,-0.1053432449698448,0.7216175198554993,0.0500738210976123,0.0700190067291259,0.3814705014228821,-0.1336959600448608,-0.028296411037445,0.0,-0.0574616491794586,0.1053482741117477,0.715546727180481,0.0820125043392181,0.153819739818573,0.3745344281196594,-0.0384040847420692,0.0635821819305419,0.0271940827369689,0.0074030365794897,0.026284635066986,0.949467658996582,0.0673336014151573,0.0147014558315277,1.199798822402954,0.1485853493213653,0.0460160970687866,1.2743932008743286,0.102799504995346,0.0017988681793212,1.3746522665023804,-0.0033551529049873,0.1485337615013122,1.1754229068756104,-0.0878969728946685,0.2144250273704528,0.9188495874404908,-0.0148325562477111,0.3208869099617004,0.695838451385498,0.0950438529253006,-0.1209964752197265,1.141100287437439,0.0518371313810348,-0.2331173866987228,0.8950728178024292,0.1421174556016922,-0.1802240461111068,0.6930824518203735
0.0,0.0,0.7062957882881165,0.0607276111841201,-0.1014251410961151,0.707529604434967,0.0396965406835079,0.0779514610767364,0.3761854767799377,-0.1631163358688354,-0.0291074514389038,0.0049947500228881,-0.0607268363237381,0.1014306545257568,0.7050638794898987,0.0897474810481071,0.1557755023241043,0.3658267259597778,0.0130465943366289,0.0649486780166626,0.0,0.0067506181076169,0.0261787176132202,0.9358104467391968,0.065254271030426,0.0175532102584838,1.1866772174835205,0.1453772038221359,0.0498247742652893,1.2590177059173584,0.0989479720592498,0.0044037699699401,1.357105374336243,-0.0075305774807929,0.1492896676063537,1.159449338912964,-0.0963756144046783,0.213712990283966,0.9047813415527344,-0.0305679440498352,0.3210201859474182,0.68059903383255,0.0964411348104476,-0.1186020076274871,1.1283745765686035,0.0598707050085067,-0.2316103279590606,0.8889076709747314,0.1635464429855346,-0.1755849868059158,0.69200199842453
0.0,0.0,0.7147088646888733,0.0620941743254661,-0.0972022339701652,0.715488612651825,0.0317940190434455,0.0805953741073608,0.3911238312721252,-0.1877543628215789,-0.0353452563285827,0.0324394106864929,-0.06209297478199,0.0972079336643219,0.7139315009117126,0.0939482301473617,0.1563252955675125,0.374881386756897,0.046540692448616,0.0610601305961608,0.0,0.0047313906252384,0.0253434181213378,0.944158673286438,0.061656542122364,0.0184305608272552,1.1958060264587402,0.1413286328315735,0.0510785579681396,1.2665599584579468,0.0938429906964302,0.0066745281219482,1.364759922027588,-0.012949526309967,0.1458665132522583,1.1653908491134644,-0.1025963425636291,0.2113666832447052,0.9085731506347656,-0.0442761480808258,0.319102019071579,0.6845433115959167,0.0957718342542648,-0.115862101316452,1.1363686323165894,0.0652516931295394,-0.2333953827619552,0.8958209753036499,0.1790369749069214,-0.1741688996553421,0.7140381336212158
0.0,0.0,0.7178572416305542,0.0615212023258209,-0.097741462290287,0.7175610661506653,0.0216356292366981,0.0750688910484314,0.3939420282840729,-0.2210631817579269,-0.0454604625701904,0.0539285540580749,-0.0615198612213134,0.0977478399872779,0.7181559205055237,0.1030085757374763,0.1539924144744873,0.3764451742172241,0.0735999345779419,0.0552008748054504,0.0,0.0024617100134491,0.021977424621582,0.9477860927581788,0.0582142733037471,0.0164608359336853,1.2005932331085205,0.1367300599813461,0.0492660403251647,1.271744966506958,0.0895375534892082,0.0051020979881286,1.3714020252227783,-0.0188025012612342,0.1428014039993286,1.1665645837783811,-0.111337274312973,0.2070010751485824,0.9103083610534668,-0.0579809844493866,0.312950849533081,0.6816272735595703,0.0942280367016792,-0.1172770857810974,1.1407742500305176,0.0664133727550506,-0.235484629869461,0.904975414276123,0.1857940256595611,-0.1802152842283249,0.7202737927436829
0.0,0.0,0.7194734811782837,0.0615023076534271,-0.0965970158576965,0.7170641422271729,0.0235088896006345,0.0649763941764831,0.3916774392127991,-0.230863407254219,-0.0634455680847168,0.0688010454177856,-0.0615008771419525,0.096603162586689,0.7218851447105408,0.0949050933122634,0.1485331207513809,0.3786168694496155,0.0648631528019905,0.0447615981101989,0.0,-0.0018079746514558,0.0203690379858016,0.9510810375213624,0.0527153611183166,0.0150420367717742,1.2035865783691406,0.1310572475194931,0.0475003123283386,1.275886297225952,0.0834460109472274,0.0038396120071411,1.3785653114318848,-0.0248120054602623,0.1383797824382782,1.167048454284668,-0.114288330078125,0.2016268372535705,0.908852517604828,-0.0649750977754592,0.302740216255188,0.6756552457809448,0.0892553478479385,-0.1169275343418121,1.143771409988403,0.063602864742279,-0.2385313063859939,0.9050997495651244,0.1837045848369598,-0.1947070062160492,0.7202019691467285
0.0,0.0,0.7268093824386597,0.0621921345591545,-0.098958633840084,0.7209998965263367,0.0163060165941715,0.0554803609848022,0.393157035112381,-0.2429644167423248,-0.0813258290290832,0.0886223912239074,-0.0621899887919425,0.098965898156166,0.7326216101646423,0.0950204879045486,0.137023851275444,0.3790373802185058,0.0483853295445442,0.0329251885414123,0.0,-0.0059243775904178,0.0188085287809371,0.9586118459701538,0.0471343696117401,0.0145988762378692,1.21080482006073,0.1219930052757263,0.0469173192977905,1.2859091758728027,0.0770635455846786,0.0034602284431457,1.3893795013427734,-0.0307790338993072,0.1376263797283172,1.174713134765625,-0.1192113161087036,0.1976911723613739,0.9151628017425536,-0.0680612176656723,0.2916471362113952,0.6777933239936829,0.084512248635292,-0.1173407435417175,1.153170108795166,0.0599680095911026,-0.2397927045822143,0.9175045490264891,0.1761053502559662,-0.2037709951400756,0.7231868505477905
0.0,0.0,0.7263717651367188,0.0590645149350166,-0.1015760451555252,0.7183330059051514,0.0398794412612915,0.0471545457839965,0.3902390003204345,-0.2309379577636718,-0.1028920412063598,0.093834102153778,-0.0590628087520599,0.1015821322798729,0.7344133853912354,0.0801991075277328,0.1333636492490768,0.3806937634944916,0.0114959105849266,0.0196082592010498,0.0,-0.0087641514837741,0.0202374011278152,0.9572458267211914,0.0434019044041633,0.0140547752380371,1.2081719636917114,0.1183809638023376,0.0474292635917663,1.284963607788086,0.0728639066219329,0.0029923319816589,1.3891987800598145,-0.0312485098838806,0.1370750963687896,1.1727696657180786,-0.1099444180727005,0.1945031285285949,0.9118335247039796,-0.0605061650276184,0.2798375785350799,0.6685466766357422,0.0788114517927169,-0.1175282597541809,1.1526093482971191,0.0556018948554992,-0.2398756742477417,0.913065791130066,0.1619580537080764,-0.2058372050523758,0.7176792025566101
0.0,0.0,0.7287747859954834,0.0574519783258438,-0.1057793423533439,0.7191723585128784,0.0556853152811527,0.0479327738285064,0.3937165737152099,-0.2267670333385467,-0.1006682515144348,0.1051743030548095,-0.057450458407402,0.105785459280014,0.738379716873169,0.0724090486764907,0.1237330436706543,0.3824646770954132,-0.0124914236366748,0.0143596529960632,0.0,-0.0110591314733028,0.0192847251892089,0.9593231678009032,0.0388783365488052,0.0106350183486938,1.2105498313903809,0.1110010594129562,0.0443282723426818,1.288231372833252,0.0676229596138,-0.0006953477859497,1.3911755084991455,-0.0313509404659271,0.1374426484107971,1.174896001815796,-0.0999251157045364,0.1961744725704193,0.9119827151298524,-0.0459208339452743,0.2751807570457458,0.6664286851882935,0.0716652497649192,-0.1200113892555236,1.1553488969802856,0.0448404401540756,-0.2347402274608612,0.9166691899299622,0.145663246512413,-0.1926917135715484,0.718836784362793
0.0,0.0,0.7311607599258423,0.0527347028255462,-0.10763581097126,0.7223870754241943,0.0767182782292366,0.0376041531562805,0.3963410556316376,-0.1966202855110168,-0.1035010814666748,0.101039171218872,-0.0527337118983268,0.1076407879590988,0.7399370670318604,0.0554215610027313,0.1155807673931121,0.3822225034236908,-0.0413916669785976,0.0185765624046325,0.0,-0.0114888176321983,0.0212996006011962,0.9619084000587464,0.0372891314327716,0.0092416405677795,1.2139065265655518,0.1104265749454498,0.0407866835594177,1.2924199104309082,0.0655967518687248,-0.0025508403778076,1.3969507217407229,-0.0264270827174186,0.1376816630363464,1.1773793697357178,-0.083643302321434,0.1979305148124694,0.9109537601470948,-0.0199924185872077,0.2687544822692871,0.6685744524002075,0.0627300143241882,-0.1232551634311676,1.1574795246124268,0.0320927500724792,-0.2332443296909332,0.9113531708717346,0.1209098100662231,-0.1908431947231292,0.7135694622993469
0.0,0.0,0.7323956489562988,0.0520622730255126,-0.1110514923930168,0.7244426012039185,0.0962689518928527,0.0387234985828399,0.4000959098339081,-0.1535150557756424,-0.0972561836242675,0.0842993259429931,-0.0520618706941604,0.1110560297966003,0.7403510212898254,0.038816925138235,0.1096656024456024,0.3812165260314941,-0.067919909954071,0.0171166062355041,0.0,-0.0094322487711906,0.0226351618766784,0.9637904167175292,0.0393862202763557,0.0074767470359802,1.2157413959503174,0.1127847954630851,0.0385070443153381,1.2957463264465332,0.0668177157640457,-0.0059253573417663,1.3980801105499268,-0.0205366685986518,0.1421395540237426,1.1793733835220337,-0.0695136338472366,0.2028200626373291,0.913727045059204,0.0058285593986511,0.2663853764533996,0.6748688817024231,0.0618155747652053,-0.1269649863243103,1.1585137844085691,0.0235854238271713,-0.2329993695020675,0.9161842465400696,0.1017758846282959,-0.1901411712169647,0.7116048336029053
0.0,0.0,0.7338117361068726,0.0481723919510841,-0.1111527979373931,0.7276118993759155,0.1150832250714302,0.0360888838768005,0.4047930240631103,-0.1010700389742851,-0.0941671729087829,0.0739721059799194,-0.0481723248958587,0.1111567169427871,0.7400140166282654,0.0159627981483936,0.1039775311946868,0.3795594573020935,-0.1026299148797988,0.0264896154403686,0.0,-0.0066294148564338,0.0253283232450485,0.9659601449966432,0.0420948565006256,0.0076822936534881,1.2199722528457642,0.116336315870285,0.0361725687980651,1.298581600189209,0.0682557970285415,-0.0068209767341613,1.40271258354187,-0.0127910673618316,0.1416351199150085,1.1829266548156738,-0.0533259809017181,0.2009435296058654,0.9136581420898438,0.0342251285910606,0.2555007040500641,0.6817442774772644,0.0593295395374298,-0.1276817321777343,1.162074089050293,0.0141607001423835,-0.2341962903738021,0.9160677790641784,0.0826988220214843,-0.1993292719125747,0.7104242444038391
0.0,0.0,0.7453455328941345,0.0478508844971656,-0.1139587983489036,0.7405516505241394,0.1289593577384948,0.035294234752655,0.4162460565567016,-0.0412998721003532,-0.0927068591117858,0.0604293942451477,-0.0478503257036209,0.1139640733599662,0.7501420974731445,-0.0114502944052219,0.0921559035778045,0.3825958967208862,-0.1436021327972412,0.0164046287536621,0.0,-0.004650916904211,0.0244296044111251,0.9783596396446228,0.0425518415868282,0.0048381984233856,1.2329649925231934,0.1180259138345718,0.032042384147644,1.314775466918945,0.0696671605110168,-0.0108062624931335,1.4166347980499268,-0.0121582970023155,0.1434000730514526,1.1978532075881958,-0.0448788553476333,0.2015536427497863,0.9269866347312928,0.0570139065384864,0.2490499764680862,0.7026818990707397,0.0628915131092071,-0.132743090391159,1.1764253377914429,0.0073896571993827,-0.2396660298109054,0.9366995096206664,0.0659712702035904,-0.2131957113742828,0.7265039682388306
0.0,0.0,0.7451456785202026,0.045130431652069,-0.1113587170839309,0.7430256009101868,0.1371619552373886,0.0225126147270202,0.4138372540473938,0.0201841443777084,-0.0994753837585449,0.0388610363006591,-0.0451303124427795,0.1113633140921592,0.7472690343856812,-0.039254143834114,0.0924165546894073,0.3828179836273193,-0.1754449009895324,0.0228159427642822,0.0,-0.0041441731154918,0.0244718939065933,0.9788093566894532,0.0446028970181942,0.0012507438659667,1.2328803539276123,0.1209527924656868,0.0253808498382568,1.3148702383041382,0.07077407091856,-0.0162106752395629,1.4178733825683594,-0.0089924111962318,0.1387802362442016,1.1996099948883057,-0.038566954433918,0.1999686062335968,0.9268932342529296,0.0822041034698486,0.2406989932060241,0.711651086807251,0.0620785504579544,-0.1351465582847595,1.1775286197662354,0.006323255598545,-0.242575466632843,0.9333494901657104,0.0544947981834411,-0.2198811322450637,0.726460874080658
0.0,0.0,0.7348719239234924,0.0462492704391479,-0.1108169853687286,0.7344825267791748,0.1333604454994201,0.0211576223373413,0.4011632800102234,0.063087448477745,-0.1010896563529968,0.0155913233757019,-0.0462492778897285,0.1108224764466285,0.7352646589279175,-0.0539637953042984,0.0908145904541015,0.3765687644481659,-0.1947285830974578,0.0214996933937072,0.0,-0.0070874150842428,0.0187477618455886,0.969781458377838,0.0425394177436828,-0.010058045387268,1.2236179113388062,0.1194202899932861,0.0134824514389038,1.3073322772979736,0.0696443170309066,-0.0290294885635375,1.4074926376342771,-0.0126017928123474,0.1304076015949249,1.1945244073867798,-0.0397290959954261,0.1980316042900085,0.9208418726921082,0.0953217819333076,0.2377394437789917,0.7153409123420715,0.0630233883857727,-0.146795779466629,1.1685006618499756,0.0045718029141426,-0.2523025870323181,0.9300629496574402,0.0475403368473053,-0.2261350303888321,0.718665599822998
0.0,0.0,0.7149848937988281,0.0444642305374145,-0.1089100092649459,0.7170572876930237,0.1369450092315673,0.0171110033988952,0.3843042254447937,0.0932306498289108,-0.1088519692420959,0.0,-0.0444643422961235,0.1089147478342056,0.7129162549972534,-0.0608230307698249,0.0932913720607757,0.3666900992393493,-0.2141991406679153,0.0358338356018066,0.0088337659835815,-0.0079956483095884,0.0152937620878219,0.9498655200004578,0.0421569570899009,-0.0171610713005065,1.2045471668243408,0.1193672269582748,0.0046281218528747,1.2860257625579834,0.0693273544311523,-0.0341627597808837,1.3882038593292236,-0.0099060386419296,0.1224629878997802,1.1779154539108276,-0.033775046467781,0.1978410929441452,0.9012468457221984,0.1097180172801017,0.2336367517709732,0.7055741548538208,0.0594517439603805,-0.1540108621120453,1.1497831344604492,0.0067267715930938,-0.2573247253894806,0.9051644206047058,0.0507894605398178,-0.2278327494859695,0.6981601715087891
0.0,0.0,0.7183824181556702,0.04649268835783,-0.1112256795167923,0.7217946648597717,0.1265371292829513,0.0210335254669189,0.3890625238418579,0.0658464878797531,-0.1029199957847595,0.0,-0.046492800116539,0.1112300530076026,0.7149733901023865,-0.0483048409223556,0.0928214788436889,0.3752321600914001,-0.2092496752738952,0.0289841294288635,0.0337726473808288,-0.0113278329372406,0.0108473598957061,0.9542031288146972,0.0396773517131805,-0.02531298995018,1.2095147371292114,0.11773082613945,-0.0022634863853454,1.2898211479187012,0.0668330118060112,-0.0415205955505371,1.3894847631454468,-0.0133394673466682,0.1176392138004303,1.1842705011367798,-0.0394464656710624,0.1987480521202087,0.9114362001419068,0.1085053086280822,0.2384844273328781,0.7203226089477539,0.059639498591423,-0.1616592109203338,1.15291428565979,0.0097598508000373,-0.2619901299476623,0.9090842008590698,0.0579822063446044,-0.2258543819189071,0.7045490741729736
0.0,0.0,0.7196227312088013,0.0441018342971801,-0.1111347302794456,0.7268026471138,0.133976474404335,0.0112209320068359,0.3886893391609192,0.071324273943901,-0.1138290166854858,0.0,-0.044101595878601,0.1111388653516769,0.7124463319778442,-0.0426390841603279,0.0989875197410583,0.3798858523368835,-0.2483508735895156,0.0389283299446105,0.0718503594398498,-0.0118933264166116,0.0064633786678314,0.9533222913742064,0.0383437275886535,-0.0305351912975311,1.2086297273635864,0.1172154992818832,-0.0085760354995727,1.2846710681915283,0.0665301233530044,-0.0450400114059448,1.3865971565246582,-0.012661263346672,0.1115198731422424,1.1838802099227903,-0.0391975194215774,0.1962292194366455,0.9100274443626404,0.1067457348108291,0.2335137575864792,0.7231844067573547,0.0560560375452041,-0.1653754711151123,1.1513361930847168,0.0119784101843833,-0.2595447301864624,0.8977426886558533,0.0664056539535522,-0.2196475565433502,0.7049479484558105
0.0,0.0,0.7215355038642883,0.0446680560708045,-0.1139714419841766,0.7301163673400879,0.1139502376317977,0.0122988820075988,0.3880351483821869,0.0202926695346832,-0.1128914356231689,0.0,-0.044667437672615,0.113976389169693,0.712958037853241,-0.0173146724700927,0.0909501612186431,0.3752360045909881,-0.238431841135025,0.0252567529678344,0.0892600417137146,-0.0143117066472768,0.0023087263107299,0.9559069275856018,0.0362307392060756,-0.0362807512283325,1.21019184589386,0.1152653768658638,-0.0144456624984741,1.286062479019165,0.0657932311296463,-0.0488788485527038,1.38660728931427,-0.0180944725871086,0.1096818745136261,1.1868152618408203,-0.0527365058660507,0.1966129541397094,0.9159265756607056,0.091513305902481,0.2392992228269577,0.73021399974823,0.0553692579269409,-0.1708032786846161,1.153089165687561,0.015011578798294,-0.265941858291626,0.8979632258415222,0.0761536359786987,-0.2251226305961609,0.7053263187408447
0.0,0.0,0.7230796217918396,0.0418303608894348,-0.1149914562702179,0.7339522838592529,0.1219730302691459,-0.0003015100955963,0.3905949294567108,0.0098929852247238,-0.1227854490280151,0.0,-0.0418303906917572,0.1149955987930297,0.7122101783752441,-0.0053149163722991,0.0980990231037139,0.379836231470108,-0.252731055021286,0.0288811922073364,0.120588481426239,-0.01571486890316,0.0034490525722503,0.9548425078392028,0.0380214676260948,-0.0342842936515808,1.2072455883026123,0.1190928220748901,-0.0125725865364074,1.279587745666504,0.0700182169675827,-0.0455168485641479,1.381915807723999,-0.0140051990747451,0.1122765839099884,1.1846606731414795,-0.0522601753473281,0.1967529654502868,0.915101170539856,0.0779128894209861,0.243331953883171,0.7242501974105835,0.053761601448059,-0.1670659184455871,1.150670051574707,0.0185928791761398,-0.2648981809616089,0.8880078792572021,0.0873583257198333,-0.2191911488771438,0.6999081373214722
0.0,0.0,0.7227821946144104,0.0427614822983741,-0.1170884296298027,0.7332466244697571,0.100448653101921,0.0049521327018737,0.3881886601448059,-0.0231690071523189,-0.1216980814933776,0.0,-0.0427614748477935,0.1170926839113235,0.7123202085494995,0.0176687911152839,0.0943594872951507,0.3781563937664032,-0.2308390438556671,0.0181525349617004,0.11796635389328,-0.0182817354798316,0.004224270582199,0.9540042281150818,0.0383009947836399,-0.0337395668029785,1.2048262357711792,0.1186958998441696,-0.0102604627609252,1.2766934633255005,0.0711384862661361,-0.0439201593399047,1.3778109550476074,-0.0160694569349288,0.1159811615943908,1.183437466621399,-0.0628794878721237,0.1985174417495727,0.915337324142456,0.0556998960673809,0.2494141310453415,0.7230213284492493,0.0539142861962318,-0.1662066876888275,1.149369478225708,0.0189669653773307,-0.2686423063278198,0.88798987865448,0.0942049175500869,-0.2165553122758865,0.6992846131324768
0.0,0.0,0.725689172744751,0.0428073853254318,-0.1178041249513626,0.7355342507362366,0.0837739557027816,-0.0052710175514221,0.3847286999225616,-0.0485164485871791,-0.1322998404502868,0.0,-0.0428077429533004,0.1178077384829521,0.7158464193344116,0.0273558385670185,0.0964069068431854,0.3763646483421325,-0.1925504356622696,0.0184429883956909,0.1006960868835449,-0.0188488401472568,0.0085405111312866,0.9568354487419128,0.0403141565620899,-0.0270692110061645,1.2072858810424805,0.1201228201389312,-0.0039190053939819,1.277843952178955,0.0736792981624603,-0.0385072827339172,1.3805105686187744,-0.0139697939157485,0.1233137547969818,1.184232473373413,-0.0668603479862213,0.1995523571968078,0.9173166751861572,0.0381029173731803,0.2537575364112854,0.7215253710746765,0.0523700416088104,-0.1619770526885986,1.152451753616333,0.0217467620968818,-0.2700220942497253,0.8891075849533081,0.0984795838594436,-0.2129358798265457,0.7023068070411682
0.0,0.0,0.7236759662628174,0.0461315959692001,-0.1192336976528167,0.7322435975074768,0.0653494298458099,0.0001596212387084,0.3770892918109894,-0.0776415020227432,-0.1230757236480712,0.0,-0.0461313724517822,0.1192374527454376,0.7151104211807251,0.0417310632765293,0.1013582944869995,0.3690868318080902,-0.1416830122470855,0.0086273550987243,0.0835996270179748,-0.0194786973297595,0.0101812928915023,0.9562619924545288,0.0412301681935787,-0.0244212448596954,1.2056317329406738,0.1199558526277542,0.0003905892372131,1.2769267559051514,0.0731828436255455,-0.0369852185249328,1.378116250038147,-0.0172353759407997,0.1285303831100464,1.1833138465881348,-0.0798988044261932,0.1978236436843872,0.9189198613166808,0.0139572918415069,0.2587873935699463,0.7200832366943359,0.055927500128746,-0.1614424884319305,1.1508285999298096,0.0280982106924057,-0.2736256122589111,0.8950164914131165,0.1095626354217529,-0.2111234217882156,0.7053686380386353
0.0,0.0,0.7206653356552124,0.0472811162471771,-0.118833988904953,0.7287654876708984,0.0540909655392169,-0.0048336088657379,0.3698864281177521,-0.1018099263310432,-0.1339321136474609,0.0,-0.0472805723547935,0.1188377663493156,0.7125677466392517,0.0575797259807586,0.1049191653728485,0.3632467985153198,-0.0968780219554901,0.0027753710746765,0.0569965839385986,-0.0173624623566865,0.0110130757093429,0.9539191722869872,0.0432356782257556,-0.0225608944892883,1.2035987377166748,0.1184036806225776,0.0023140311241149,1.2754464149475098,0.0726854130625724,-0.036001980304718,1.378061294555664,-0.0153751298785209,0.1287012100219726,1.180579423904419,-0.0883064568042755,0.1909079551696777,0.9173697233200072,-0.008475586771965,0.2575951516628265,0.7142981886863708,0.0570815205574035,-0.159908652305603,1.1482210159301758,0.0379882305860519,-0.2713402509689331,0.8944958448410034,0.1219086647033691,-0.2038424164056778,0.7068672776222229
0.0,0.0,0.7313612699508667,0.051583781838417,-0.1156016811728477,0.7397142648696899,0.026996124535799,-0.0099745690822601,0.3734998106956482,-0.1410356760025024,-0.1453156471252441,0.0,-0.0515824705362319,0.1156060695648193,0.7230112552642822,0.0653566271066665,0.0825558602809906,0.3676770627498626,-0.0432454533874988,-0.0189771056175231,0.0272104144096374,-0.0160964597016572,0.0114837437868118,0.9662655591964722,0.0447520688176155,-0.020165741443634,1.2150633335113523,0.1166237890720367,0.0048720240592956,1.290461182594299,0.0725615471601486,-0.0339768528938293,1.3907145261764526,-0.018818125128746,0.1296574473381042,1.190500259399414,-0.1015495955944061,0.1872071325778961,0.9307152032852172,-0.0326901525259017,0.2596910297870636,0.7256203889846802,0.0622331500053405,-0.1557448208332061,1.1595646142959597,0.0526849031448364,-0.2667967975139618,0.9088189601898192,0.1450053751468658,-0.2040302455425262,0.7242257595062256
0.0,0.0,0.7282350063323975,0.0519950464367866,-0.1118982136249542,0.7347089648246765,0.0132679864764213,-0.0259926319122314,0.3610083758831024,-0.1779947429895401,-0.1656858921051025,0.0004453063011169,-0.0519929379224777,0.1119027882814407,0.7217645645141602,0.0663035362958908,0.0655021965503692,0.3615341782569885,0.0066806487739086,-0.0349434614181518,0.0,-0.0129240732640028,0.012526199221611,0.9644323587417604,0.0450740791857242,-0.0179776549339294,1.2132588624954224,0.1135800629854202,0.0074468851089477,1.2921277284622192,0.0712363719940185,-0.0310356020927429,1.3928940296173096,-0.019486092031002,0.128229558467865,1.1873966455459597,-0.1080918163061142,0.1804327964782714,0.929670512676239,-0.0487842559814453,0.2583841681480407,0.7223841547966003,0.066024325788021,-0.1541662216186523,1.1612608432769775,0.0675554126501083,-0.2605504989624023,0.9114536046981812,0.164214476943016,-0.1961676776409149,0.7319998741149902
0.0,0.0,0.7469754219055176,0.0540348663926124,-0.1066076606512069,0.7506764531135559,-0.0110715813934803,-0.0260630846023559,0.3740466237068176,-0.217549592256546,-0.1705060601234436,0.0314744710922241,-0.0540317893028259,0.1066126227378845,0.7432781457901001,0.0715355277061462,0.0492545366287231,0.3778297007083893,0.0573692545294761,-0.0523005127906799,0.0,-0.0131487771868705,0.0102958381175994,0.9830992221832277,0.0431677661836147,-0.0178825259208679,1.2324776649475098,0.110515184700489,0.0078673958778381,1.3141982555389404,0.0681971758604049,-0.0326153039932251,1.4135831594467163,-0.0244679376482963,0.1243394613265991,1.205044507980347,-0.117712914943695,0.1751830428838729,0.9483990669250488,-0.0660857707262039,0.2508658468723297,0.7420230507850647,0.0674755871295929,-0.1523415148258209,1.1842843294143677,0.0781280547380447,-0.2591228187084198,0.9383668899536132,0.1775179505348205,-0.2017043530941009,0.760895848274231
0.0,0.0,0.7415435314178467,0.0532074570655822,-0.1060990840196609,0.7418990135192871,-0.0114413909614086,-0.0351447463035583,0.3678096532821655,-0.2433959245681762,-0.1725647449493408,0.0490869879722595,-0.0532040148973465,0.1061039716005325,0.7411918640136719,0.0782850533723831,0.0457419157028198,0.3774157762527466,0.0713746398687362,-0.0517609119415283,0.0,-0.0124342031776905,0.0103698521852493,0.9777593016624452,0.0418905764818191,-0.0179495513439178,1.227627873420715,0.1062089428305625,0.0090875029563903,1.31025230884552,0.0657107383012771,-0.0341807603836059,1.4105417728424072,-0.0240160077810287,0.12415212392807,1.199363350868225,-0.1208170801401138,0.1696386635303497,0.9446536898612976,-0.0821666717529296,0.2447761595249176,0.7336081862449646,0.0662477016448974,-0.1538286209106445,1.1816937923431396,0.0843270421028137,-0.2595831751823425,0.9382562637329102,0.1839659363031387,-0.1993157118558883,0.7583508491516113
0.0,0.0,0.7453255653381348,0.0499995052814483,-0.102402314543724,0.7429433465003967,-0.0111115127801895,-0.0475372374057769,0.3691387772560119,-0.2602318823337555,-0.1785815358161926,0.0722763538360595,-0.0499955415725708,0.1024065241217613,0.7477114200592041,0.0768925622105598,0.0393375754356384,0.3804613053798675,0.0907608866691589,-0.0536538362503051,0.0,-0.0158997625112533,0.0100502073764801,0.9799014925956726,0.039223488420248,-0.0194948017597198,1.229377508163452,0.1059707254171371,0.0042104125022888,1.310814619064331,0.0604553148150444,-0.0386375784873962,1.4087069034576416,-0.0248196199536323,0.1188747584819793,1.1971757411956787,-0.1240903735160827,0.1597147136926651,0.947577953338623,-0.0837532877922058,0.2315375208854675,0.7372627854347229,0.0612117946147918,-0.1481525599956512,1.186629295349121,0.0822372883558273,-0.2526122331619262,0.9395596981048584,0.1921388208866119,-0.1905469447374344,0.7660430669784546
0.0,0.0,0.7494339942932129,0.0452904105186462,-0.1032891497015953,0.7453773021697998,-0.0080252699553966,-0.0622462332248687,0.3718847036361694,-0.2680501341819763,-0.1874029040336609,0.0938590764999389,-0.0452868044376373,0.1032932847738266,0.7534947991371155,0.0830959379673004,0.0368747413158416,0.3848486244678497,0.0934501588344574,-0.0390475988388061,0.0,-0.0161760449409484,0.0114268213510513,0.982528805732727,0.0361910611391067,-0.0216087996959686,1.2333247661590576,0.0990654379129409,0.0049133896827697,1.3126535415649414,0.0602035485208034,-0.0409526824951171,1.415971279144287,-0.0212706699967384,0.1131325960159301,1.1981335878372192,-0.1245867311954498,0.1505339443683624,0.9480032920837402,-0.090459406375885,0.2312694191932678,0.7371548414230347,0.0550351440906524,-0.1449122130870819,1.1870192289352417,0.0779615491628646,-0.2432465404272079,0.9400833249092102,0.1857934892177581,-0.1737741827964782,0.7719072103500366
0.0,0.0,0.7563799619674683,0.0406968966126441,-0.103108711540699,0.7521202564239502,-0.0030803456902503,-0.0768685638904571,0.3784868419170379,-0.2787273228168487,-0.194074273109436,0.1140674352645874,-0.0406932681798934,0.1031116545200347,0.7606439590454102,0.0815477520227432,0.0348457396030426,0.3911678791046142,0.0985881313681602,-0.0233712196350097,0.0,-0.0209220461547374,0.0126061141490936,0.9902031421661376,0.0332028307020664,-0.0269667208194732,1.2381196022033691,0.0997614562511444,-0.0062448978424072,1.3167214393615725,0.0537113174796104,-0.0452842116355896,1.4057157039642334,-0.0220119953155517,0.1087037920951843,1.2009291648864746,-0.1201007664203643,0.1481376588344574,0.962539553642273,-0.0793049484491348,0.2168433964252472,0.753470778465271,0.0486286729574203,-0.1450795233249664,1.197620868682861,0.0670911818742752,-0.2339505106210708,0.9420547485351562,0.1775258779525756,-0.1697298288345337,0.7778424024581909
0.0,0.0,0.756777286529541,0.0380625799298286,-0.1034516543149948,0.7520363330841064,0.0107793509960174,-0.0815821588039398,0.3714201748371124,-0.2778992056846618,-0.1800565719604492,0.1184107065200805,-0.0380593091249465,0.1034541204571724,0.7615224123001099,0.0778063610196113,0.0373973846435546,0.3859455585479736,0.0832385867834091,-0.0117239356040954,0.0,-0.018546562641859,0.0133517533540725,0.9862896203994752,0.0273813437670469,-0.0239524841308593,1.2344123125076294,0.0908455774188041,-0.0022917985916137,1.3128986358642578,0.0545021407306194,-0.0450556874275207,1.4208126068115234,-0.0194818973541259,0.1061297059059143,1.196394920349121,-0.1174501925706863,0.142828419804573,0.9499027729034424,-0.0816897749900817,0.2087831199169159,0.7463839650154114,0.0426535606384277,-0.138381689786911,1.191989779472351,0.0571922808885574,-0.2123721837997436,0.9294212460517884,0.158679187297821,-0.143589586019516,0.7779092788696289
0.0,0.0,0.7647395133972168,0.0347194001078605,-0.0995825827121734,0.7574089169502258,0.0209774374961853,-0.0907541811466217,0.3721087872982025,-0.2680920362472534,-0.1691048741340637,0.1380336880683899,-0.034715712070465,0.099584475159645,0.7720745205879211,0.06025280803442,0.0327965021133422,0.3893790543079376,0.0609848648309707,0.0091035962104797,0.0,-0.0188062414526939,0.0133429914712905,0.9961810111999512,0.0250901505351066,-0.0287765264511108,1.2449661493301392,0.089787870645523,-0.0094547271728515,1.3210139274597168,0.0504976511001586,-0.0449856519699096,1.4154843091964722,-0.0208022966980934,0.1015775203704834,1.206536054611206,-0.110330194234848,0.1363899260759353,0.9657724499702454,-0.062755599617958,0.1862199455499649,0.7645831108093262,0.0387832298874855,-0.138711005449295,1.2073793411254885,0.0423749238252639,-0.200596421957016,0.9383588433265686,0.1315024495124817,-0.1309433281421661,0.7764133810997009
0.0,0.0,0.7598358988761902,0.033332347869873,-0.1014589667320251,0.7495338916778564,0.0470285415649414,-0.0978698134422302,0.3610276877880096,-0.2465220391750335,-0.1623590588569641,0.1281057000160217,-0.0333286523818969,0.1014600172638893,0.7701423764228821,0.055434662848711,0.0410612821578979,0.3858379423618316,0.0232978835701942,0.0464728474617004,0.0,-0.0136904437094926,0.0113047510385513,0.9872029423713684,0.024288535118103,-0.0283496379852294,1.232779026031494,0.0860791578888893,-0.0097389221191406,1.3082568645477295,0.0531596392393112,-0.0422815680503845,1.4124380350112915,-0.0172264799475669,0.1002564132213592,1.190969467163086,-0.1001997888088226,0.1366437673568725,0.945356011390686,-0.0455273687839508,0.1791371703147888,0.7407675385475159,0.03721484541893,-0.1365847885608673,1.196945309638977,0.0400474667549133,-0.1915108114480972,0.9255979061126708,0.104359745979309,-0.116064615547657,0.7528284788131714
0.0,0.0,0.7605999708175659,0.0285250395536422,-0.096235454082489,0.74717116355896,0.0382513403892517,-0.1012597680091857,0.3661750555038452,-0.216152936220169,-0.1592314839363098,0.1054932475090026,-0.028520755469799,0.0962360128760337,0.7740335464477539,0.0314556956291198,0.0517178475856781,0.3795191645622253,-0.0265987962484359,0.0775843262672424,0.0,-0.0173974186182022,0.008975014090538,0.9872369766235352,0.0231035407632589,-0.0288692116737365,1.2323710918426514,0.0891526117920875,-0.0147892832756042,1.304905652999878,0.045750081539154,-0.0416890382766723,1.39681077003479,-0.0177395865321159,0.0996100306510925,1.1898622512817385,-0.0970084816217422,0.1378207206726074,0.9488821029663086,-0.0331019163131713,0.1652970314025879,0.7522892951965332,0.033595360815525,-0.1330936849117279,1.2033121585845947,0.0296177864074707,-0.1889722794294357,0.9326989650726318,0.0812113583087921,-0.0995455458760261,0.7596114873886108
0.0,0.0,0.7549383044242859,0.0310356020927429,-0.0987979099154472,0.7422829866409302,0.0567278936505317,-0.0963386893272399,0.3511553406715393,-0.1943660676479339,-0.17197185754776,0.0743128657341003,-0.0310303941369056,0.0987987890839576,0.7675987482070923,0.0299585554748773,0.0662614107131958,0.3759675621986389,-0.0529809296131134,0.0901268124580383,0.0,-0.0069600697606801,0.009525179862976,0.9754064679145812,0.0293761491775512,-0.0221273899078369,1.2173315286636353,0.0849126204848289,-0.0058248043060302,1.2866028547286987,0.0479628331959247,-0.0392692685127258,1.39088773727417,-0.009639024734497,0.1000014841556549,1.1746312379837036,-0.0823569446802139,0.1415570229291916,0.9367159008979796,-0.0299296230077743,0.1678549498319625,0.7326362729072571,0.0422658324241638,-0.1247437894344329,1.1898349523544312,0.0391586348414421,-0.1705373078584671,0.9320101737976074,0.0618344992399215,-0.0733844712376594,0.7564758062362671
0.0,0.0,0.740829586982727,0.0273789092898368,-0.0909870490431785,0.7285218238830566,0.044018879532814,-0.0891476571559906,0.345800369977951,-0.1762652695178985,-0.1643247604370117,0.0478944778442382,-0.0273722037672996,0.0909876003861427,0.7531434893608093,0.0251991041004657,0.0649973154067993,0.3595092892646789,-0.0812070369720459,0.1094364523887634,0.0,-0.0133559741079807,0.0071457922458648,0.9580894708633424,0.0258244443684816,-0.0223358869552612,1.1920005083084106,0.0859173461794853,-0.0166904330253601,1.255643367767334,0.0371787771582603,-0.0379337072372436,1.3474152088165283,-0.0115116313099861,0.0959681570529937,1.143631935119629,-0.0745784342288971,0.1496736109256744,0.9232193231582642,-0.013004258275032,0.1551607102155685,0.7348924875259399,0.0329904481768608,-0.1180560886859893,1.173386573791504,0.0357450544834136,-0.1529646217823028,0.9202538132667542,0.0460004955530166,-0.0634076371788978,0.7521517872810364
0.0,0.0,0.727342963218689,0.0274845361709594,-0.0889179706573486,0.7180774211883545,0.0491253063082695,-0.0831259787082672,0.3287719488143921,-0.1666997671127319,-0.145562469959259,0.019188642501831,-0.0274764709174633,0.0889185816049575,0.7366147041320801,0.0344698503613472,0.0652303099632263,0.3441599309444427,-0.1111289113759994,0.1227456331253051,0.0,-0.0065362658351659,0.0048710107803344,0.9335600137710572,0.0264874696731567,-0.0171473324298858,1.1548964977264404,0.0779501795768737,-0.0171195268630981,1.212348699569702,0.0360997729003429,-0.0383990406990051,1.318500518798828,-0.0038541480898857,0.0918439030647277,1.1165753602981567,-0.0554818511009216,0.1488792300224304,0.8845826387405396,-0.0149628669023513,0.1643790453672409,0.672748327255249,0.0329411700367927,-0.1087003946304321,1.1337295770645142,0.0354660600423812,-0.1112303584814071,0.8949918150901794,0.0273888632655143,-0.027626845985651,0.7366422414779663
0.0,0.0,0.7102565765380859,0.0268703810870647,-0.0772349536418914,0.6990562081336975,0.0311078056693077,-0.0817918479442596,0.318217396736145,-0.150154560804367,-0.1295676827430725,0.0093392133712768,-0.0268608927726745,0.0772358104586601,0.7214637398719788,0.0180946141481399,0.0715775787830352,0.3283408880233764,-0.1302786916494369,0.1269857287406921,0.0,-0.0161074791103601,0.0036047846078872,0.9143472909927368,0.0199564695358276,-0.0156043469905853,1.1300758123397827,0.0774892270565033,-0.0242745280265808,1.1814650297164917,0.0231268424540758,-0.037423551082611,1.2688536643981934,-0.0074210688471794,0.0877610445022583,1.082618236541748,-0.0482832640409469,0.1425243765115738,0.8702464699745178,-0.0062841139733791,0.1436899602413177,0.6671274900436401,0.024656306952238,-0.096146672964096,1.1211568117141724,0.03396512940526,-0.0608951225876808,0.8861529231071472,0.0300594884902238,0.0033245496451854,0.730814516544342
0.0,0.0,0.6844401359558105,0.025437980890274,-0.0775286331772804,0.6729310750961304,0.0386969149112701,-0.0886940360069274,0.2978007793426513,-0.1595943868160247,-0.12587571144104,0.0019932985305786,-0.0254278816282749,0.0775301977992057,0.6959556341171265,0.0533156655728817,0.068069189786911,0.3240851461887359,-0.1458158195018768,0.112038254737854,0.0,-0.0096756890416145,0.006910890340805,0.8779983520507812,0.0217356756329536,0.0009675025939941,1.0695631504058838,0.0715488493442535,-0.0025247931480407,1.1127471923828125,0.0327424705028533,-0.0199589133262634,1.2130026817321775,0.0004785880446434,0.0944187641143798,1.0203425884246826,-0.0297253280878067,0.1362140476703643,0.814944326877594,-0.0100395679473876,0.1410989165306091,0.5920509696006775,0.0271473042666912,-0.0742486119270324,1.059553146362305,0.0417473092675209,-0.0143646150827407,0.8417123556137085,0.0198595635592937,0.0532856248319149,0.689794659614563
0.0,0.0,0.6609119176864624,0.0246841050684452,-0.0662799030542373,0.6351510286331177,0.0285094752907753,-0.0814472138881683,0.2898590266704559,-0.1667316854000091,-0.1114870905876159,0.0122944116592407,-0.0246713198721408,0.066283032298088,0.6866779327392578,0.0320617444813251,0.0740039646625518,0.3049613535404205,-0.1414801627397537,0.1173881292343139,0.0,-0.0213874895125627,0.0136321038007736,0.8498613238334656,0.0154886553063988,0.0127941966056823,1.023603439331055,0.072662204504013,0.0080769956111907,1.055006504058838,0.0061780037358403,0.0021966397762298,1.1373798847198486,-0.0028013661503791,0.1027537286281585,0.9695671796798706,-0.0215402320027351,0.116907387971878,0.7935340404510498,-0.0034924820065498,0.1198735311627388,0.582958459854126,0.0191124100238084,-0.0474782288074493,1.0248208045959473,0.0448533818125724,0.0335471034049987,0.8199119567871094,0.0222790408879518,0.109782688319683,0.6850293874740601
0.0,0.0,0.6304811835289001,0.0294165089726448,-0.0577947944402694,0.5981055498123169,0.0612578988075256,-0.0686854422092437,0.2687295973300934,-0.1433976143598556,-0.1167218685150146,0.0068650245666503,-0.0294036827981472,0.0578001253306865,0.6628609299659729,0.045076448470354,0.0812999010086059,0.3021332323551178,-0.1307733952999115,0.08282470703125,0.0,-0.0122417844831943,0.0197452753782272,0.7946535348892212,0.0137569950893521,0.0367904901504516,0.9321155548095704,0.0596654899418354,0.0478370487689971,0.9512791633605956,0.0240366943180561,0.0255159437656402,1.0532557964324951,0.0004092454910278,0.1057565808296203,0.8754693865776062,0.0156260561197996,0.0878529101610183,0.7211449146270752,-0.0041875280439853,0.1083143875002861,0.4895548224449157,0.0221418850123882,-0.0158884525299072,0.9376075863838196,0.0684579312801361,0.08292256295681,0.765715479850769,0.019287321716547,0.1728756725788116,0.6122478246688843
0.0,0.0,0.5797513127326965,0.0296363309025764,-0.0462230890989303,0.5298817753791809,0.0570336878299713,-0.0573142170906066,0.2503257691860199,-0.1350079625844955,-0.1189671158790588,0.0195435285568237,-0.0296207070350646,0.0462289750576019,0.6296249032020569,0.0605080686509609,0.0853579044342041,0.2814750969409942,-0.1261174380779266,0.0738058686256408,0.0,-0.020296111702919,0.0236964523792266,0.7228631377220154,0.0133623955771327,0.0458769798278808,0.8285977840423584,0.0657712817192077,0.0637799203395843,0.8413873910903931,-0.0052152015268802,0.0644790828227996,0.9271557331085204,-0.0065221078693866,0.1132978200912475,0.7609237432479858,0.0189028568565845,0.0818652287125587,0.6757735013961792,0.0320773608982563,0.0773342028260231,0.472193568944931,0.0249279215931892,0.0035911202430725,0.8427940607070923,0.0941266641020774,0.1178843453526496,0.7110849022865295,0.0233625136315822,0.202147290110588,0.5532106161117554
0.0,0.0,0.5673108100891113,0.0374306924641132,-0.0388066470623016,0.5135025382041931,0.0773034393787384,-0.0401892662048339,0.23501718044281,-0.1129446327686309,-0.1026695966720581,0.0171150565147399,-0.0374157913029193,0.0388129502534866,0.6211225390434265,0.0568969473242759,0.0974660962820053,0.2743053138256073,-0.1126112043857574,0.0619570612907409,0.0,-0.0066439788788557,0.0345508009195327,0.6797430515289307,0.0062591843307018,0.0746590197086334,0.7589036226272583,0.0353171825408935,0.1060005724430084,0.7677172422409058,-0.0017208606004714,0.0885757505893707,0.8921022415161133,-0.0109209567308425,0.1236743405461311,0.7166249752044678,0.049571968615055,0.0632680058479309,0.6055713891983032,0.0267923660576343,0.0834773033857345,0.380437284708023,0.0291874017566442,0.0408716946840286,0.7633198499679565,0.0885365083813667,0.1555071324110031,0.650253415107727,0.0127118602395057,0.229114294052124,0.477267175912857
0.0,0.0,0.5333535671234131,0.0373099297285079,-0.0290922001004219,0.4730759561061859,0.0561766251921653,-0.0195594727993011,0.2074794173240661,-0.1075067743659019,-0.080725073814392,0.0268595218658447,-0.0372925698757171,0.0291010700166225,0.5936351418495178,0.0427845679223537,0.1114908754825592,0.2494624853134155,-0.1168892905116081,0.0714758932590484,0.0,-0.007396176457405,0.0567604452371597,0.6365607976913452,0.0015434175729751,0.106488212943077,0.6972773671150208,0.0276414826512336,0.1406861990690231,0.7086747288703918,-0.0302874371409416,0.1270568370819091,0.8079839944839478,-0.0195333361625671,0.152943730354309,0.6582716107368469,0.054688312113285,0.0633754879236221,0.5962936878204346,0.0629894882440567,0.0773393660783767,0.395554631948471,0.0304655656218528,0.0768617391586303,0.7116537690162659,0.1257570385932922,0.1657452583312988,0.6461665034294128,0.0139806568622589,0.2517576813697815,0.4564560651779175
0.0,0.0,0.521038293838501,0.0392626151442527,-0.0246616750955581,0.4587875604629516,0.0687719285488128,0.0030605196952819,0.2020570039749145,-0.0903118178248405,-0.0489347577095031,0.0277261137962341,-0.0392462685704231,0.0246690884232521,0.5832933783531189,0.0458342023193836,0.1123555749654769,0.253894180059433,-0.108634740114212,0.0859555900096893,0.0,0.006584158167243,0.0688516646623611,0.6011532545089722,-0.0007250607013702,0.1344010233879089,0.6348110437393188,0.0081830248236656,0.1721663475036621,0.6472373008728027,-0.0303989499807357,0.143071711063385,0.7523699402809143,-0.0230636373162269,0.1638997495174408,0.6092244386672974,0.086213506758213,0.0420691445469856,0.542339026927948,0.0686507374048233,0.0749436020851135,0.3027147948741913,0.0343622453510761,0.1093869507312774,0.6417426466941833,0.1290732324123382,0.1805078089237213,0.6070519089698792,0.0017876923084259,0.2714436650276184,0.3914527893066406
0.0,0.0,0.5308631062507629,0.0389997586607933,-0.0098532140254974,0.4577389061450958,0.0444395169615745,0.0281341671943664,0.2128464877605438,-0.0897393971681594,-0.0182661414146423,0.041084349155426,-0.03898236900568,0.0098619312047958,0.6039911508560181,0.0151257887482643,0.1236271262168884,0.2444178164005279,-0.111287236213684,0.1079784631729126,0.0,0.0090844202786684,0.08383309841156,0.5999261140823364,-0.0047570466995239,0.157998114824295,0.6247031092643738,0.0046385079622268,0.1957287341356277,0.6349107027053833,-0.0558145567774772,0.1672477573156356,0.725159764289856,-0.029895469546318,0.1788168251514434,0.610048770904541,0.1055358797311782,0.0176490899175405,0.5630460977554321,0.0965637415647506,0.051691398024559,0.3450166881084442,0.0356664098799228,0.1453409194946289,0.6367363333702087,0.1485437750816345,0.1877911388874054,0.6257951259613037,0.0001260712742805,0.2798442244529724,0.4017036259174347
0.0,0.0,0.5354689359664917,0.0383894629776477,-0.0100730061531066,0.4650986194610595,0.0715941116213798,0.0455138683319091,0.1981068551540374,-0.0644169375300407,0.0040729045867919,0.0315282344818115,-0.0383745357394218,0.0100815370678901,0.605843186378479,0.0276988297700881,0.1238548308610916,0.2594019174575805,-0.0978841185569763,0.1110099852085113,0.0,0.0262557733803987,0.0877725630998611,0.5847412943840027,0.0052176192402839,0.1782744377851486,0.5935577154159546,-0.00665944814682,0.2209108769893646,0.5939194560050964,-0.0390711724758148,0.1864783465862274,0.7041569948196411,-0.0134166851639747,0.1786239743232727,0.5863211154937744,0.1561399400234222,-0.0070037865079939,0.5469913482666016,0.130671739578247,0.054444596171379,0.2905184626579284,0.0476184822618961,0.1673073321580886,0.5977699756622314,0.1646229028701782,0.1789755970239639,0.6121259331703186,-0.0149992555379867,0.270708680152893,0.3624522089958191
0.0,0.0,0.5394895672798157,0.0313335955142974,-0.0057489275932312,0.4660582542419433,0.0708806365728378,0.0554495155811309,0.2006271183490753,-0.0536893121898174,0.0181710124015808,0.024214744567871,-0.0313194654881954,0.0057576075196266,0.6129248738288879,0.027257164940238,0.1182697266340255,0.2599247097969055,-0.1053148806095123,0.1331816017627716,0.0,0.0276102889329195,0.0880374386906623,0.5827451348304749,0.0084212347865104,0.1830607056617736,0.58476322889328,-0.0084062591195106,0.2318630814552307,0.5793360471725464,-0.0580772757530212,0.2119254469871521,0.6881451606750488,-0.0105186849832534,0.1797615140676498,0.5797524452209473,0.1632788032293319,-0.0234537273645401,0.5684319138526917,0.1679648458957672,0.0248971283435821,0.344340443611145,0.0495613366365432,0.1784362196922302,0.5800602436065674,0.1883919388055801,0.1589032560586929,0.6191970109939575,-0.0118648707866668,0.2551189064979553,0.3736653625965118
0.0,0.0,0.5467809438705444,0.0317511409521102,-0.0129372701048851,0.4798489212989807,0.0945468842983245,0.0679323673248291,0.1933391988277435,-0.0233700480312109,0.0200187563896179,0.0124675035476684,-0.0317393764853477,0.0129456296563148,0.6137166619300842,0.0354124084115028,0.1180001050233841,0.2644569873809814,-0.0891620814800262,0.1438930630683899,0.0,0.0457340814173221,0.0842978656291961,0.5775142908096313,0.0217144377529621,0.1818590462207794,0.5612446665763855,-0.0097959414124488,0.233739972114563,0.548944354057312,-0.0384267568588256,0.2116121053695678,0.6606013178825378,0.0039145424962043,0.1693199425935745,0.5843462944030762,0.2015028744935989,-0.0542221069335937,0.5491154193878174,0.178189069032669,0.0220003873109817,0.2834252715110779,0.0667850226163864,0.1758985519409179,0.543786883354187,0.1839437782764434,0.1326493024826049,0.5776445269584656,-0.0224225893616676,0.2139345109462738,0.3350085020065307
0.0,0.0,0.5447689294815063,0.0272787027060985,-0.0089822113513946,0.4753687679767608,0.0983300656080246,0.0727313160896301,0.1922388970851898,-0.0126157505437731,0.0293541252613067,0.0141221284866333,-0.0272680949419736,0.0089918449521064,0.6141733527183533,0.0298302099108696,0.1161810010671615,0.2653611004352569,-0.0842248797416687,0.1482552886009216,0.0,0.0513597056269645,0.0884067118167877,0.5737228393554688,0.0340019538998603,0.1902167201042175,0.5591517090797424,1.0788440704345705e-05,0.2423689812421798,0.5526674389839172,-0.0396734178066253,0.2304041385650634,0.657254695892334,0.0170619860291481,0.173721432685852,0.5749769806861877,0.2116937637329101,-0.0585373789072036,0.574498176574707,0.2034529000520706,0.0187016278505325,0.320953369140625,0.0820331424474716,0.191307783126831,0.5389178991317749,0.2217867970466613,0.1176100745797157,0.593697190284729,0.0038743838667869,0.1968687027692794,0.337019145488739
0.0,0.0,0.5461839437484741,0.0267761871218681,-0.0165638588368892,0.4840496480464935,0.1143867969512939,0.0720907151699066,0.186825156211853,0.0064548682421445,0.0302345156669616,0.0064340233802795,-0.0267678424715995,0.0165741816163063,0.6083237528800964,0.0459556840360164,0.1081170290708541,0.2799295783042907,-0.0777983292937278,0.154013991355896,0.0,0.0624426342546939,0.0842500925064086,0.5687003135681152,0.0511785298585891,0.1901050060987472,0.5445280075073242,0.0036960020661354,0.2427791953086853,0.5378243327140808,-0.0186477228999137,0.225246325135231,0.6429245471954346,0.0299317091703414,0.1699134558439254,0.574640154838562,0.2261064946651458,-0.072249487042427,0.5689167976379395,0.2007408440113067,0.0250497609376907,0.299501895904541,0.1030949279665947,0.1889361441135406,0.5143417119979858,0.231207937002182,0.1041613295674324,0.5756686329841614,0.0036555677652359,0.1923705339431762,0.3195689916610718
0.0,0.0,0.5671688914299011,0.0292215384542942,-0.0100255981087684,0.5046058893203735,0.1136448383331298,0.0755672454833984,0.1945734918117523,0.0228866878896951,0.0456323027610778,0.0109592676162719,-0.0292135365307331,0.0100379511713981,0.629737913608551,0.0275420192629098,0.1009983122348785,0.2798858880996704,-0.0963458716869354,0.1359396874904632,0.0,0.0704847276210784,0.0888070911169052,0.5915272235870361,0.0628208741545677,0.2023510038852691,0.5716172456741333,0.0026023685932159,0.2612930238246918,0.5662832260131836,-0.0284158289432525,0.2496764808893203,0.6625719666481018,0.0340128988027572,0.1792780458927154,0.6100707054138184,0.2296685427427292,-0.0657012015581131,0.6069657206535339,0.2169913053512573,0.032188668847084,0.3554150462150574,0.1256077587604522,0.2099645733833313,0.5353463888168335,0.2541149854660034,0.1007248312234878,0.5969990491867065,0.0075627230107784,0.1855589747428894,0.34185791015625
0.0,0.0,0.5836986303329468,0.0293885171413421,-0.0142671763896942,0.5297656059265137,0.1240167617797851,0.0643951892852783,0.2033240795135498,0.0448966771364212,0.0406050682067871,0.0124676823616027,-0.0293824672698974,0.0142802260816097,0.6376386880874634,0.0315771698951721,0.0943787544965744,0.3004626631736755,-0.0987280830740928,0.115801990032196,0.0,0.0764003694057464,0.0913832709193229,0.6026084423065186,0.0732008963823318,0.2141013741493225,0.56883305311203,0.0029815509915351,0.273529052734375,0.5587543249130249,-0.0077909976243972,0.2618208527565002,0.6498281359672546,0.0433536246418952,0.1904406696557998,0.6216879487037659,0.2422454357147216,-0.052471999078989,0.6205247640609741,0.2342153936624527,0.0414533764123916,0.3713206350803375,0.1372789591550827,0.2177814841270446,0.5224334001541138,0.2541527152061462,0.0988074615597724,0.587691605091095,-0.0052936747670173,0.1898021697998047,0.3324129581451416
0.0,0.0,0.5982577800750732,0.0302734225988388,-0.0151376761496067,0.5383224487304688,0.1171905845403671,0.0600644350051879,0.212308257818222,0.0441655963659286,0.0333450436592102,0.013435959815979,-0.0302666649222373,0.0151522308588027,0.6582008004188538,0.0357790067791938,0.0850940644741058,0.3155825734138489,-0.1147908121347427,0.1108500361442565,0.0,0.0826378017663955,0.0957151651382446,0.6113241314888,0.0887704044580459,0.228673905134201,0.5795408487319946,0.0082042813301086,0.2978851795196533,0.5724561214447021,-0.0172293037176132,0.299634575843811,0.6727690100669861,0.048994418233633,0.2109469324350357,0.6401351690292358,0.2345800399780273,-0.0270612835884094,0.6594269275665283,0.266780823469162,0.0229850113391876,0.437064528465271,0.1601100265979766,0.2309664487838745,0.5205338001251221,0.2727813124656677,0.0887269079685211,0.606876790523529,-0.0068113282322883,0.1855900287628173,0.359291136264801
0.0,0.0,0.6331859827041626,0.0370029583573341,-0.0191366076469421,0.5757018327713013,0.1349343955516815,0.0605493783950805,0.2333687841892242,0.0526609569787979,0.0303110480308532,0.0203987956047058,-0.0369966179132461,0.019151285290718,0.6906776428222656,0.0256804153323173,0.0814070254564285,0.344373494386673,-0.1144472062587738,0.1212091445922851,0.0,0.0909952968358993,0.0987878888845443,0.6458900570869446,0.0988039448857307,0.2352028787136078,0.6097904443740845,0.0106633901596069,0.3088868856430053,0.5991743803024292,0.0004588067531585,0.3034485876560211,0.6943039894104004,0.0568214580416679,0.2220561504364013,0.699190616607666,0.2609353363513946,-0.0156121775507926,0.6926974654197693,0.2909249067306518,0.0073987990617752,0.4723445177078247,0.1743316948413849,0.2373446524143219,0.5356974005699158,0.2496501356363296,0.090134397149086,0.6040595769882202,-0.0138175189495086,0.1779305338859558,0.3738832175731659
