0.0,0.0,0.714911699295044,0.0656389892101287,-0.038932479918003,0.6888023018836975,0.0581494346261024,-0.0751485228538513,0.3480149805545807,-0.0090449303388595,-0.0838147401809692,0.0,-0.0656338185071945,0.0389440171420574,0.7410299181938171,-0.0685938373208046,0.044548362493515,0.4014366269111633,-0.1109929606318473,0.0464217662811279,0.0316501855850219,0.0483264066278934,-0.0138450413942337,0.8882204294204712,0.0396918095648288,0.0438012480735778,0.9543684124946594,0.0041520446538925,0.0567554831504821,1.0479764938354492,-0.0227741971611976,0.0276587307453155,1.0001153945922852,-0.0070456117391586,0.0475115478038787,0.9455187320709229,-0.2091880738735199,0.0368427634239196,0.8904109001159668,-0.1789363324642181,0.1438238620758056,0.815247654914856,0.0731132850050926,-0.0143569260835647,0.917160153388977,0.0501914247870445,-0.1909867227077484,0.7998723387718201,0.1420764029026031,-0.1390136927366256,0.8555940389633179
0.0,0.0,0.7184561491012573,0.0666978061199188,-0.0372248515486717,0.6948844790458679,0.0568515658378601,-0.0702109932899475,0.348081886768341,-0.005206286907196,-0.0739893317222595,0.0,-0.0666937232017517,0.0372357331216335,0.7420377731323242,-0.0663645565509796,0.0391050279140472,0.3990142345428467,-0.1041701585054397,0.041028082370758,0.038312017917633,0.0456433147192001,-0.0109309554100036,0.8910204172134399,0.0335724838078022,0.0471327900886535,0.950644075870514,-0.004759095609188,0.0542355775833129,1.0418869256973269,-0.0117963477969169,0.0294488072395324,1.0025311708450315,-0.0121731348335742,0.050671249628067,0.9398678541183472,-0.2011338174343109,0.0304453372955322,0.8778755068778992,-0.176817387342453,0.1384158134460449,0.8000175356864929,0.0668112412095069,-0.0130667984485626,0.9172365665435792,0.0443957820534706,-0.1988421380519867,0.8064810633659363,0.134656935930252,-0.1435979604721069,0.8422461748123169
0.0,0.0,0.7379564046859741,0.06866455078125,-0.0389185100793838,0.7135921120643616,0.0582805871963501,-0.0826898515224456,0.3551690578460693,0.0058621577918529,-0.0899279117584228,0.0,-0.0686602145433425,0.038929246366024,0.7623311281204224,-0.073644682765007,0.0420137643814086,0.4088575541973114,-0.1104816645383834,0.0282368659973144,0.0394952297210693,0.0496926680207252,0.0025453120470046,0.91047602891922,0.0463686138391494,0.0630078464746475,0.9632867574691772,0.0118613168597221,0.0623750388622283,1.0577175617218018,-0.0129070542752742,0.0567573308944702,1.002058744430542,-0.0006946846842765,0.0709435045719146,0.9630130529403688,-0.1888291090726852,0.0467836558818817,0.8953126072883606,-0.161371037364006,0.1501846760511398,0.8123710751533508,0.0779414772987365,9.569525718688963e-05,0.9299602508544922,0.0644096285104751,-0.1905420124530792,0.7992717623710632,0.1374813169240951,-0.1378324925899505,0.8600937724113464
0.0,0.0,0.7433097958564758,0.0671347975730896,-0.0418883934617042,0.7196556329727173,0.057406909763813,-0.074908822774887,0.3564960360527038,0.0184107273817062,-0.0753554105758667,0.0,-0.0671320855617523,0.0418998524546623,0.7669750452041626,-0.0737859904766082,0.0439958274364471,0.4123953282833099,-0.116048626601696,0.015991985797882,0.0469774603843688,0.0481187440454959,0.0161087960004806,0.9160698056221008,0.0434107184410095,0.0726201236248016,0.9635691046714784,0.014757664874196,0.071446418762207,1.0527033805847168,0.015743663534522,0.0564937889575958,0.9834368228912354,0.0013572834432125,0.0909495800733566,0.9645718336105348,-0.1714158803224563,0.0716303884983062,0.90001380443573,-0.1398944705724716,0.1794541329145431,0.8347238302230835,0.079544797539711,0.0048761367797851,0.9369412064552308,0.0769259184598922,-0.1793386936187744,0.8298861384391785,0.135515496134758,-0.1181312352418899,0.8733948469161987
0.0,0.0,0.7615247964859009,0.0692838728427887,-0.0459934957325458,0.739516019821167,0.0595670565962791,-0.0756992995738983,0.3728283643722534,0.026355430483818,-0.0603644847869873,0.0,-0.0692806988954544,0.0460047014057636,0.7835456132888794,-0.0711997523903846,0.0474514961242675,0.4181753993034363,-0.1226547807455062,0.0141202807426452,0.0462462902069091,0.0539299957454204,0.0226857364177703,0.938229501247406,0.0518343895673751,0.0778363943099975,0.9867121577262878,0.0123516917228698,0.0684299767017364,1.0885579586029053,0.0039450693875551,0.0519672036170959,1.0018609762191772,0.0048559978604316,0.0996134579181671,0.9878513216972352,-0.1719970107078552,0.0715793222188949,0.9297619462013244,-0.1421534121036529,0.1899705231189727,0.864048421382904,0.0897718220949173,0.0114960521459579,0.9645971655845642,0.0863813161849975,-0.1633131951093673,0.8508435487747192,0.1489867866039276,-0.0953663736581802,0.8910457491874695
0.0,0.0,0.774797797203064,0.0706434398889541,-0.0484579429030418,0.7550601959228516,0.0594469755887985,-0.0788578689098358,0.3854828476905823,0.0332028418779373,-0.0551298856735229,0.0,-0.070640318095684,0.0484688654541969,0.7945481538772583,-0.0686190947890281,0.0498392879962921,0.424094557762146,-0.1198747232556343,0.0023661255836486,0.0421252250671386,0.0532846897840499,0.0239653885364532,0.9511836767196656,0.0561505481600761,0.077544093132019,0.993363320827484,0.0147568695247173,0.0714179873466491,1.096043825149536,0.0195693485438823,0.035388559103012,1.009764552116394,0.0074058473110198,0.0988667905330658,1.000317096710205,-0.1729900240898132,0.0595596134662628,0.9554035663604736,-0.1520085036754608,0.1818667650222778,0.8767536282539368,0.0979946702718734,0.0121355503797531,0.9809271097183228,0.0863482952117919,-0.1650692671537399,0.8870668411254883,0.1573846936225891,-0.0974914878606796,0.9089101552963256
0.0,0.0,0.7826984524726868,0.0695388615131378,-0.0446081385016441,0.7661189436912537,0.0600246042013168,-0.0799253582954406,0.3954657912254333,0.0354728922247886,-0.0617260336875915,0.0,-0.0695354640483856,0.0446194037795066,0.7992901802062988,-0.0750984251499176,0.0488944947719574,0.428255170583725,-0.1260881721973419,-0.0122051239013671,0.0400142073631286,0.054861731827259,0.0226427763700485,0.9550108909606934,0.0561213120818138,0.0675431489944458,0.9949886798858644,0.0066802762448787,0.0589636862277984,1.1095027923583984,0.0123799042776227,0.0214263051748275,0.964782416820526,0.0068266987800598,0.0868804156780242,1.007601022720337,-0.1724945604801178,0.0424148440361022,0.9684768319129944,-0.1590630710124969,0.1564508974552154,0.8875505924224854,0.1012069657444953,0.0070971250534057,0.9853168725967408,0.0837740451097488,-0.1712108701467514,0.8936964869499207,0.1631891131401062,-0.1052401438355445,0.9104371666908264
0.0,0.0,0.7999169826507568,0.0704737976193428,-0.0407202206552028,0.78520268201828,0.0570249110460281,-0.0703916251659393,0.4008839726448059,0.0308757424354553,-0.0602879524230957,0.0,-0.0704706311225891,0.0407315418124198,0.8146426677703857,-0.0714364051818847,0.0400882959365844,0.4294346272945404,-0.1176007390022277,-0.019895315170288,0.0437238216400146,0.0530887395143508,0.028353601694107,0.9666215181350708,0.0549981370568275,0.0713509768247604,1.0019967555999756,0.017217731103301,0.0715381205081939,1.1087267398834229,0.0234059579670429,0.0239480584859848,1.010082721710205,0.0046856813132762,0.0883978009223938,1.011687994003296,-0.1761354804039001,0.0403791218996048,0.9871623516082764,-0.1571578979492187,0.1549596786499023,0.9161183834075928,0.1029060631990432,0.0118104070425033,0.9932522773742676,0.0858426988124847,-0.1684841364622116,0.912812352180481,0.1652293503284454,-0.0951730981469154,0.9139847755432128
0.0,0.0,0.8067224621772766,0.0706811696290969,-0.0363718271255493,0.7932168245315552,0.0683477744460105,-0.0614466369152069,0.40579754114151,0.0345191285014152,-0.0479298830032348,0.0,-0.0706775784492492,0.0363820120692253,0.8202377557754517,-0.0685322135686874,0.041072130203247,0.4318740367889404,-0.1128823161125183,-0.0172842741012573,0.0455379486083984,0.0507027357816696,0.0273864269256591,0.9692109823226928,0.055263802409172,0.0694465935230255,1.0092289447784424,0.0204684138298034,0.0805064737796783,1.1203718185424805,0.0232922527939081,0.0303622335195541,0.9877573251724244,0.0029985457658767,0.0785228013992309,1.0207834243774414,-0.1821783781051635,0.0319149047136306,1.0025557279586792,-0.16794453561306,0.1248099654912948,0.9294142723083496,0.106184035539627,0.018483355641365,1.0028581619262695,0.0959077775478363,-0.1445963084697723,0.9060691595077516,0.1858489662408828,-0.0725547522306442,0.9070862531661988
0.0,0.0,0.8063616752624512,0.0681475698947906,-0.0372079610824584,0.7914797067642212,0.0725095272064209,-0.0531849563121795,0.401496946811676,0.0304551497101783,-0.0450186729431152,0.0,-0.0681442320346832,0.0372176617383956,0.8212518692016602,-0.0567181706428527,0.0407248437404632,0.4272037446498871,-0.0975055694580078,-0.0148473381996154,0.0425634980201721,0.0514827594161033,0.0302762985229492,0.9638343453407288,0.0581412278115749,0.0741815865039825,0.9963592886924744,0.0242510773241519,0.1017894446849823,1.0966777801513672,0.0368134453892707,0.0430290400981903,0.9996777772903442,0.003564890474081,0.0826637297868728,1.0022451877593994,-0.1836048662662506,0.0405467599630355,0.992813527584076,-0.1671035587787628,0.109206423163414,0.9165592789649964,0.1101320907473564,0.0274091660976409,0.9943711757659912,0.0936532765626907,-0.1253788471221923,0.9161555171012878,0.1997417360544204,-0.0431702733039855,0.8934968709945679
0.0,0.0,0.8206858038902283,0.069582000374794,-0.0366998612880706,0.804179847240448,0.0768494307994842,-0.0514948964118957,0.4060901403427124,0.0298400521278381,-0.0449764728546142,0.0,-0.0695781111717224,0.0367100052535533,0.8371997475624084,-0.0585276633501052,0.0533009767532348,0.4311901926994324,-0.0955721735954284,0.00076425075531,0.0375115275382995,0.0484266206622123,0.0298137962818145,0.9764916896820068,0.0578149035573005,0.0707262754440307,1.0153286457061768,0.0328930839896202,0.0977817475795745,1.1146100759506226,0.0371973440051078,0.0506513267755508,1.0329985618591309,-0.0003224425017833,0.0813615918159484,1.0175457000732422,-0.186172530055046,0.0429242998361587,1.0141899585723877,-0.1800929009914398,0.1154224723577499,0.9362009763717652,0.1068203374743461,0.0291442424058914,1.0120455026626587,0.0915410742163658,-0.1085946559906005,0.9229115843772888,0.2099633812904358,-0.0266773328185081,0.8928441405296326
0.0,0.0,0.8236337900161743,0.0692139267921447,-0.0357082337141037,0.8067205548286438,0.0701632350683212,-0.0430645644664764,0.4070188403129577,0.0226460769772529,-0.0400551557540893,0.0,-0.0692099630832672,0.0357188172638416,0.8405544757843018,-0.0512742586433887,0.0597364902496337,0.4366330504417419,-0.091232493519783,0.0072455406188964,0.0417078733444213,0.0476065799593925,0.0240880399942398,0.9733089208602904,0.0455177053809165,0.0515958815813064,1.008142113685608,0.0080477781593799,0.0749894976615905,1.0984121561050415,0.0379332527518272,0.021392822265625,1.0200343132019043,-0.0116751194000244,0.0601912885904312,1.0095747709274292,-0.1956738978624344,0.0297410190105438,1.0132485628128052,-0.202100783586502,0.0975444763898849,0.9345173239707948,0.1004720702767372,0.0151456594467163,1.007643461227417,0.0844613462686538,-0.1127756312489509,0.932306170463562,0.207991674542427,-0.0302158147096633,0.8959086537361145
0.0,0.0,0.8333464860916138,0.071589358150959,-0.0357582904398441,0.8149321675300598,0.0792313739657402,-0.0306852459907531,0.4137470722198486,0.0273708626627922,-0.0226687788963317,0.0,-0.0715847611427307,0.0357693843543529,0.8517681956291199,-0.056286446750164,0.0636136829853057,0.45058274269104,-0.099648579955101,0.0082760453224182,0.0468469262123107,0.0496336556971073,0.0257873982191085,0.9842235445976256,0.0506502203643322,0.0564810037612915,1.0216853618621826,0.0185739137232303,0.0770323276519775,1.1116796731948853,0.0546881221234798,0.0308288186788558,1.0044034719467163,-0.003687597811222,0.0624634325504303,1.0181957483291626,-0.1903771758079528,0.0332821756601333,1.026314616203308,-0.207650825381279,0.0931817069649696,0.9411041140556335,0.1039478704333305,0.0244230031967163,1.021327018737793,0.1035383641719818,-0.0949858054518699,0.9417868256568908,0.2196493297815323,-0.0175107903778553,0.9108206033706664
0.0,0.0,0.8305221199989319,0.0710286125540733,-0.0391921326518058,0.8134427070617676,0.0726450756192207,-0.0345772802829742,0.4112491607666015,0.0213878490030765,-0.0231488943099975,0.0,-0.0710235387086868,0.039203081279993,0.8476085662841797,-0.0581895858049392,0.0624215006828308,0.4471428394317627,-0.0991232395172119,0.0072817802429199,0.0462116599082946,0.047422356903553,0.0206904858350753,0.9817633628845216,0.0577494092285633,0.0481732189655303,1.0107148885726929,0.0308191273361444,0.079450249671936,1.0899968147277832,0.0573694705963134,0.0342834293842315,1.0231904983520508,0.0022807456552982,0.056028127670288,1.0119293928146362,-0.1905390918254852,0.0212936550378799,1.0271551609039309,-0.2181815505027771,0.0592560097575187,0.9316657781600952,0.106589987874031,0.0133364051580429,1.016114354133606,0.1061017364263534,-0.1090951412916183,0.9578393697738647,0.2078628987073898,-0.0364846512675285,0.9289636611938475
0.0,0.0,0.8352276086807251,0.0734131783246994,-0.0391173213720321,0.8190378546714783,0.0760507881641388,-0.036007136106491,0.4142011106014251,0.0179103016853332,-0.0185749530792236,0.0,-0.0734084546566009,0.0391296297311782,0.8514240384101868,-0.0619707703590393,0.0652838051319122,0.4468992054462433,-0.1096953004598617,0.0032801032066345,0.0394327640533447,0.0530858375132083,0.0287705361843109,0.9853500127792358,0.0646945312619209,0.0568758696317672,1.0180586576461792,0.0412593334913253,0.0869956314563751,1.104135274887085,0.0780102163553237,0.0585723221302032,1.015446662902832,0.008826233446598,0.0639238059520721,1.019081473350525,-0.1904419660568237,0.0209213644266128,1.0290220975875854,-0.2250376790761947,0.0535033494234085,0.9329999685287476,0.1137725114822387,0.0185983330011367,1.015887975692749,0.1142060160636901,-0.104385495185852,0.9319679737091064,0.2217528820037841,-0.0301505625247955,0.9378879070281982
0.0,0.0,0.8342730402946472,0.0745714306831359,-0.0361286252737045,0.8184183835983276,0.0753773897886276,-0.0276983380317688,0.4079930186271667,0.0111934058368206,-0.0243551731109619,0.0,-0.0745664536952972,0.0361430272459983,0.8501342535018921,-0.063930258154869,0.0582258105278015,0.4359874725341797,-0.1147516518831253,-0.001728355884552,0.0343982577323913,0.0593928769230842,0.0470540672540664,0.984870672225952,0.0785224735736846,0.0768246352672576,1.0052694082260132,0.0552368946373462,0.1044304370880127,1.0881609916687012,0.0836643129587173,0.0908174812793731,1.022451639175415,0.0245845280587673,0.0836430341005325,1.009269952774048,-0.1942394971847534,0.0531468242406845,1.0236560106277466,-0.2148598730564117,0.0842205137014389,0.9360012412071228,0.1219073086977005,0.0291084498167037,1.002803087234497,0.1283905208110809,-0.0991839244961738,0.944954752922058,0.2239661216735839,-0.0316794328391552,0.9294834136962892
0.0,0.0,0.8373727798461914,0.0765329897403717,-0.0343939438462257,0.8205713629722595,0.0803765058517456,-0.019408106803894,0.409775823354721,0.0135388448834419,-0.0190332531929016,0.0,-0.076526865363121,0.0344092324376106,0.8541805148124695,-0.0631698966026306,0.0653252601623535,0.4378602504730224,-0.112726479768753,0.0187016129493713,0.0363656878471374,0.0644765943288803,0.0525227040052413,0.9850715398788452,0.0754509642720222,0.0802237540483474,1.0144182443618774,0.0412022396922111,0.0900148898363113,1.1046963930130005,0.084477312862873,0.0782517343759536,1.009774923324585,0.0215952955186367,0.0920352041721344,1.0088839530944824,-0.1955114006996154,0.0779136419296264,1.0158474445343018,-0.2118002027273178,0.1149962395429611,0.942737877368927,0.1214521080255508,0.0327433496713638,1.0072013139724731,0.1349246203899383,-0.0899625867605209,0.9357098937034608,0.2284213304519653,-0.0346766971051692,0.9279273748397828
0.0,0.0,0.835102915763855,0.0765821486711502,-0.0317900590598583,0.8186312913894653,0.0811125785112381,-0.0033512115478515,0.4076558947563171,0.0098389983177185,-0.0116013884544372,0.0,-0.0765755623579025,0.0318044424057006,0.8515806794166565,-0.0593495517969131,0.0763727128505706,0.4334024488925934,-0.1054627597332,0.028150737285614,0.027752935886383,0.0626878589391708,0.0436789840459823,0.9822178483009338,0.0740400850772857,0.0704320520162582,1.0020157098770142,0.038884237408638,0.0656989812850952,1.0845739841461182,0.0685809776186943,0.0609528571367263,1.0124151706695557,0.024324944242835,0.0829546600580215,0.999028205871582,-0.1948797553777694,0.074940487742424,1.005722999572754,-0.2059624195098877,0.13213811814785,0.9406712651252748,0.1125489100813865,0.0212689787149429,0.9900246858596802,0.1151639819145202,-0.1079026982188224,0.9349996447563172,0.2139283865690231,-0.0575430765748024,0.9276557564735411
0.0,0.0,0.8277207612991333,0.0749551653861999,-0.030353620648384,0.8117887377738953,0.0838188529014587,0.0015277564525604,0.4095206260681152,0.0109474919736385,-0.0087983608245849,0.0,-0.0749488919973373,0.0303673576563596,0.8436586856842041,-0.065348170697689,0.0794400572776794,0.4336619973182678,-0.1162743121385574,0.024870753288269,0.0226204395294189,0.0556587353348732,0.0360411554574966,0.975580871105194,0.060104101896286,0.0599861294031143,0.9998188018798828,0.0242141149938106,0.0437559783458709,1.0819206237792969,0.0602855309844017,0.0435154139995574,0.9673344492912292,0.0188478734344244,0.0730244219303131,0.9956852793693542,-0.1929955780506134,0.0596794337034225,1.0108190774917605,-0.2107627987861633,0.1263852715492248,0.9435452818870544,0.0974008589982986,0.0134564191102981,0.984517216682434,0.0954761505126953,-0.1380805075168609,0.9283968806266784,0.1947401612997055,-0.0997499749064445,0.9263336658477784
0.0,0.0,0.8414148688316345,0.0733370035886764,-0.027100957930088,0.8233006000518799,0.0796474143862724,-0.0019294023513793,0.4121899008750915,0.0044535771012306,-0.0192437767982482,0.0,-0.0733317136764526,0.0271137170493602,0.8595360517501831,-0.0698094218969345,0.0661244392395019,0.4413444101810455,-0.1138538569211959,0.0029568076133728,0.0301524996757507,0.0537309683859348,0.0426994711160659,0.9938631057739258,0.06548722833395,0.0793531984090805,1.0165271759033203,0.0337302796542644,0.0537417829036712,1.083984613418579,0.0594634860754013,0.0558358579874038,1.0216645002365112,0.0272440388798713,0.0885447859764099,1.0191384553909302,-0.2021563202142715,0.0484959781169891,1.032588243484497,-0.2183544039726257,0.1250571608543396,0.956986665725708,0.0987622141838073,0.0283398777246475,0.99361252784729,0.0925591588020324,-0.1377848535776138,0.9440300464630128,0.19334277510643,-0.0930905193090438,0.9432329535484314
0.0,0.0,0.8398103713989258,0.0701533854007721,-0.0285130441188812,0.8186313509941101,0.0858796089887619,-0.008731186389923,0.4137029647827148,-0.0016799140721559,-0.0213609933853149,0.0,-0.0701487213373184,0.0285246148705482,0.8609968423843384,-0.0707060545682907,0.0628367364406585,0.445345789194107,-0.115145742893219,-0.0042893886566162,0.0367010235786438,0.0420309826731681,0.0382612347602844,0.9920654296875,0.0635136663913726,0.0744492709636688,1.0221993923187256,0.0396228954195976,0.031943529844284,1.1023218631744385,0.0427310019731521,0.0426081418991088,1.0044152736663818,0.0247452966868877,0.0901489704847335,1.0156177282333374,-0.1989570707082748,0.038884162902832,1.0326792001724243,-0.2238694429397583,0.1294315755367279,0.9676299095153807,0.0930228978395462,0.0308407396078109,1.007093071937561,0.0957967042922973,-0.1341637521982193,0.9469573497772216,0.1925689578056335,-0.0727517902851104,0.9481088519096376
0.0,0.0,0.8397607803344727,0.0704384371638298,-0.0341448932886123,0.8154993653297424,0.0832132697105407,-0.0323805809020996,0.4070259630680084,-0.0073803216218948,-0.0480107069015502,0.0,-0.0704335421323776,0.0341563150286674,0.864030659198761,-0.0709092915058136,0.0650890171527862,0.4402997195720672,-0.1073618978261947,-0.0011045932769775,0.0324213504791259,0.0457986406981945,0.0377869606018066,0.9967058300971984,0.0721333995461463,0.0761950463056564,1.026942014694214,0.0291763916611671,0.028612196445465,1.119639873504639,0.0333549454808235,0.0325961261987686,1.050552487373352,0.0348879881203174,0.088399738073349,1.0264644622802734,-0.2010889053344726,0.032711923122406,1.0304174423217771,-0.225974440574646,0.1333709955215454,0.9545546770095824,0.1013949811458587,0.0299232602119445,1.0094525814056396,0.0959831625223159,-0.1402583718299865,0.9628349542617798,0.1812737137079239,-0.0593876913189888,0.962893843650818
0.0,0.0,0.8355709910392761,0.0715710893273353,-0.0390501469373703,0.8098793625831604,0.0806845799088478,-0.046427309513092,0.4014240503311157,-0.0103614181280136,-0.0650854110717773,0.0,-0.0715658068656921,0.039061140269041,0.8612720966339111,-0.0686320066452026,0.0712223649024963,0.4348694980144501,-0.0988578498363494,0.0179049372673034,0.0257863402366638,0.0340230800211429,0.0408145487308502,0.9927560091018676,0.0769535079598426,0.0889412015676498,1.0332521200180054,0.0498288162052631,0.0501461029052734,1.125797986984253,0.0367615297436714,0.060625284910202,1.0646920204162598,0.0337917283177375,0.1054660230875015,1.0234999656677246,-0.188528835773468,0.0534373074769973,1.0158679485321045,-0.2067302763462066,0.1540542542934417,0.945380449295044,0.1037110388278961,0.0356733500957489,1.0116363763809204,0.1155156195163726,-0.1467273831367492,0.961050510406494,0.1967369318008422,-0.0532457828521728,0.9705896973609924
0.0,0.0,0.8345450162887573,0.0717168450355529,-0.0410232283174991,0.8110635280609131,0.0773413702845573,-0.0379730463027954,0.403413712978363,0.0027399212121963,-0.0557563304901123,0.0,-0.0717120692133903,0.0410342849791049,0.8580359220504761,-0.0637650042772293,0.072726309299469,0.4346920251846313,-0.088043138384819,0.0226050615310668,0.0280389189720153,0.0292061269283294,0.0321020185947418,0.9905294179916382,0.0726209133863449,0.0816123336553573,1.023949384689331,0.0456333234906196,0.0539488792419433,1.1209166049957275,0.0289094913750886,0.0561088025569915,1.046335220336914,0.0258912127465009,0.0957553833723068,1.0228915214538574,-0.1870453059673309,0.0493824779987335,1.0047707557678225,-0.1923708617687225,0.1451570689678192,0.9364346265792848,0.0989552736282348,0.0181804299354553,1.0079894065856934,0.1064296662807464,-0.1770616024732589,0.9579265713691713,0.1958325803279876,-0.0771468877792358,0.9765377044677734
0.0,0.0,0.8272361159324646,0.0710335150361061,-0.0422956757247448,0.804940402507782,0.0787326246500015,-0.0184928774833679,0.4059832394123077,0.0105872079730033,-0.0206227898597717,0.0,-0.0710285454988479,0.0423071682453155,0.8495416045188904,-0.0589920282363891,0.0810717642307281,0.4354317486286163,-0.0742047131061554,0.0461317896842956,0.0304015278816223,0.0247599408030509,0.0199084728956222,0.9792894721031188,0.0589266642928123,0.0538474917411804,1.0202008485794067,0.0297968760132789,0.0239959359169006,1.1342720985412598,0.0183050110936164,0.0194156616926193,1.0361897945404053,0.0135327782481908,0.069949984550476,1.0114145278930664,-0.1832132935523986,0.0428877472877502,0.9864869117736816,-0.1866005957126617,0.1442560851573944,0.9280614256858826,0.088952898979187,-0.0056906640529632,1.001366376876831,0.0979523211717605,-0.194536879658699,0.9402137994766236,0.1863792240619659,-0.1078951433300972,0.9709633588790894
0.0,0.0,0.8238468170166016,0.0719836056232452,-0.0419938564300537,0.8046100735664368,0.0725831389427185,-0.0180297791957855,0.4055767655372619,0.0169487297534942,-0.01005619764328,0.0,-0.0719783157110214,0.0420050509274005,0.8430935144424438,-0.0663644671440124,0.0776229500770568,0.4264785349369049,-0.0746780335903167,0.03867107629776,0.0229643583297729,0.0269928816705942,0.0119483023881912,0.976227879524231,0.0604540556669235,0.0451392978429794,1.0143903493881226,0.0337244011461734,0.0267278552055358,1.12835955619812,0.0092594781890511,0.0133727639913558,1.0475494861602783,0.0113353244960308,0.0587887167930603,1.010871171951294,-0.184895247220993,0.0315490365028381,0.985509753227234,-0.2019902169704437,0.1330128610134124,0.9131188988685608,0.091788113117218,-0.0157749205827713,0.9967070817947388,0.0940697491168975,-0.1944029778242111,0.9423059821128844,0.1778773814439773,-0.1304844468832016,0.9705862998962402
0.0,0.0,0.8108003735542297,0.0706842988729476,-0.0411751717329025,0.7936992049217224,0.069426029920578,-0.0192609131336212,0.4007577896118164,0.0239481925964355,0.0047278404235839,0.0,-0.0706788599491119,0.041185937821865,0.8279109597206116,-0.0651159510016441,0.0711818039417266,0.4208685457706451,-0.066390611231327,0.0345935821533203,0.0192341208457946,0.0238383002579212,0.0076624155044555,0.9561065435409546,0.0599715560674667,0.0318305194377899,1.000929594039917,0.0492591969668865,0.017835259437561,1.1175469160079956,0.0156288798898458,0.006476268172264,1.034559965133667,0.0036727525293827,0.0479544252157211,0.9914862513542176,-0.1764790713787078,0.0198370516300201,0.9709293842315674,-0.2192197144031524,0.1084103211760521,0.8934352397918701,0.0951180309057235,-0.0232677608728408,0.9848384857177734,0.1085702180862426,-0.2035937756299972,0.9342188239097596,0.1994902789592743,-0.1399682462215423,0.9679189324378968
0.0,0.0,0.8151746392250061,0.070580706000328,-0.0382249057292938,0.7967722415924072,0.0693191140890121,-0.0184174180030822,0.3973622918128967,0.0347965098917484,0.0146984457969665,0.0,-0.0705755949020385,0.0382363311946392,0.8335858583450317,-0.0592744946479797,0.0677596926689148,0.4227728247642517,-0.054179809987545,0.0522943139076232,0.0231320858001709,0.0344804674386978,0.0163868963718414,0.961925745010376,0.0680170729756355,0.0428089946508407,1.00507652759552,0.050949603319168,0.0373288989067077,1.1272608041763306,0.0243733078241348,0.0150306224822998,1.069466233253479,0.0116786919534206,0.0519457310438156,1.0061827898025513,-0.1717753708362579,0.0218546092510223,0.9717811942100524,-0.2277527153491974,0.0930166542530059,0.8942938446998596,0.1078313663601875,-0.0166069269180297,0.9827487468719482,0.1170308887958526,-0.1982133388519287,0.9379374980926514,0.2223004400730133,-0.1248305737972259,0.9659572243690492
0.0,0.0,0.8046388626098633,0.0694227293133735,-0.0362625904381275,0.7853111028671265,0.0688017457723617,-0.0202929079532623,0.3895497024059295,0.0395716689527034,0.0133672356605529,0.0,-0.0694179385900497,0.0362742394208908,0.8239752054214478,-0.0554780736565589,0.0702378749847412,0.4152460098266601,-0.0424613319337368,0.0760871171951294,0.0276342630386352,0.0421613678336143,0.0346158146858215,0.952227771282196,0.0694822892546653,0.0609524995088577,1.0031907558441162,0.0626467019319534,0.0464516878128051,1.129042148590088,0.0295510627329349,0.0334623157978057,1.0687662363052368,0.0140572283416986,0.0716466307640075,0.9868793487548828,-0.1666818261146545,0.0427954047918319,0.95959734916687,-0.2165315151214599,0.1225617602467536,0.8999835252761841,0.1079613268375396,0.002417966723442,0.9767205119132996,0.1214514374732971,-0.1879461854696273,0.9287782311439514,0.2135539352893829,-0.1207116097211837,0.940195858478546
0.0,0.0,0.791865348815918,0.06877002120018,-0.0314543768763542,0.7745766043663025,0.0691054984927177,-0.0210015177726745,0.3819277584552765,0.0428164787590503,0.0048735737800598,0.0,-0.0687657594680786,0.031466819345951,0.8091623783111572,-0.0543113648891449,0.0772171318531036,0.4092139303684234,-0.0392307192087173,0.0951913595199585,0.0310799479484558,0.0495534241199493,0.0377036184072494,0.9374940395355223,0.0664132982492446,0.06687593460083,0.9864159226417542,0.0437862947583198,0.0443611443042755,1.1127418279647827,0.0248248726129531,0.0180705934762954,1.040316820144653,0.0135049503296613,0.0772992074489593,0.9735026359558104,-0.1664110124111175,0.0587909370660781,0.9522165060043336,-0.1990775614976883,0.1521518230438232,0.8968416452407837,0.1086421608924865,0.0055815428495407,0.9591143131256104,0.1105531901121139,-0.1822929978370666,0.9159306883811952,0.1885005831718444,-0.1285049319267273,0.9177095890045166
0.0,0.0,0.777209997177124,0.0681843534111976,-0.0314080342650413,0.7597481608390808,0.0666647851467132,-0.0290337204933166,0.3710311651229858,0.0377998203039169,-0.0092769861221313,0.0,-0.0681795924901962,0.0314205549657344,0.7946803569793701,-0.050885185599327,0.0770976543426513,0.401553750038147,-0.0370428636670112,0.097308874130249,0.0313740968704223,0.0504808537662029,0.0389016568660736,0.9266948699951172,0.0674600005149841,0.0771445333957672,0.9759562015533448,0.0431492179632186,0.0492241382598876,1.0928469896316528,0.0361793860793113,0.0253293514251709,1.0227419137954712,0.0173872448503971,0.0870041698217392,0.9557769298553468,-0.1599183976650238,0.0685747414827346,0.9390857219696044,-0.1874763071537017,0.1644161194562912,0.895778477191925,0.1068903356790542,0.0146379917860031,0.9444857239723206,0.1045429706573486,-0.1664978116750717,0.9021874666213988,0.1807072758674621,-0.1222936585545539,0.8997262716293335
0.0,0.0,0.7784026265144348,0.0693056806921958,-0.0364469811320304,0.7565760612487793,0.0611521005630493,-0.0315163731575012,0.3662479519844055,0.0340328812599182,-0.01874440908432,0.0,-0.0693007409572601,0.0364598035812377,0.8002380132675171,-0.0519925877451896,0.0719147026538848,0.4102326035499573,-0.0410774946212768,0.0853673815727233,0.03739595413208,0.0508390888571739,0.0356628000736236,0.9290593266487122,0.0706459656357765,0.08699531853199,0.9748497009277344,0.0420918017625808,0.0622485280036926,1.0894063711166382,0.0491233468055725,0.0306704044342041,1.0234436988830566,0.0158810839056968,0.0983403474092483,0.9591071605682372,-0.1548878848552703,0.0761535763740539,0.9391316175460817,-0.1728791147470474,0.1716752052307129,0.899318516254425,0.1111841574311256,0.0167148113250732,0.942066490650177,0.1043706089258194,-0.1568871587514877,0.9049488306045532,0.1801554262638092,-0.1017867475748062,0.89620041847229
0.0,0.0,0.7737714052200317,0.0669988468289375,-0.0409194119274616,0.7499938607215881,0.062019258737564,-0.0290070474147796,0.3655148446559906,0.0243664346635341,-0.0257258415222167,0.0,-0.0669921115040779,0.0409317836165428,0.7975580096244812,-0.0503580644726753,0.0658584535121917,0.4091489613056183,-0.039801076054573,0.0798572897911071,0.0371040105819702,0.0411371104419231,0.0275187045335769,0.9227707386016846,0.0681011080741882,0.0758574903011322,0.974635899066925,0.0407415367662906,0.0512602627277374,1.0832785367965698,0.0329484418034553,0.0305345356464386,1.0379765033721924,0.0114879384636878,0.0910427719354629,0.9510449171066284,-0.1589979827404022,0.0644123703241348,0.9364266991615297,-0.1722971796989441,0.1559484302997589,0.907063603401184,0.1058747693896293,0.0096181184053421,0.9499524831771852,0.1034689843654632,-0.1605564951896667,0.9174696207046508,0.1723891794681549,-0.1040797755122184,0.9040916562080384
0.0,0.0,0.7618509531021118,0.0655783414840698,-0.0422318428754806,0.7401482462882996,0.057790994644165,-0.0298283696174621,0.3643222451210022,0.0144612342119216,-0.0262641310691833,0.0,-0.0655721202492713,0.0422444008290767,0.783562421798706,-0.0505457669496536,0.0694334805011749,0.4041063189506531,-0.0432681515812873,0.0771202445030212,0.0307213068008422,0.0375948809087276,0.0246725678443908,0.9147462248802184,0.0622134581208229,0.0736506283283233,0.9629865884780884,0.0334111340343952,0.0677661001682281,1.0731507539749146,0.0533850863575935,0.0275880098342895,1.0151662826538086,0.0019338056445121,0.0866711139678955,0.9519033432006836,-0.1682072579860687,0.0447886884212493,0.9252433776855468,-0.1974219977855682,0.123035043478012,0.8910526037216187,0.1071682572364807,0.0076226592063903,0.9416484832763672,0.0948377400636673,-0.1568467319011688,0.9167505502700806,0.1552061885595321,-0.1031064689159393,0.9144673347473145
0.0,0.0,0.7569882869720459,0.0689684897661209,-0.0437425635755062,0.7339709401130676,0.0607187896966934,-0.0189837217330932,0.3597457706928253,0.0071675553917884,-0.0181334614753723,0.0,-0.068962275981903,0.0437551923096179,0.7800147533416748,-0.0462137162685394,0.0736037492752075,0.3954125642776489,-0.0456373617053031,0.0703555941581726,0.0205403566360473,0.0426858328282833,0.0381336212158203,0.9160019159317015,0.0735408291220665,0.0864211022853851,0.9621211886405944,0.0576364360749721,0.0897603332996368,1.0681865215301514,0.0508879050612449,0.0614467561244964,1.0263253450393677,0.0102891288697719,0.1008055061101913,0.9437309503555298,-0.1754652112722396,0.0320741832256317,0.9134503602981568,-0.2112758457660675,0.0939378067851066,0.8757155537605286,0.1179121434688568,0.0229327529668808,0.9370721578598022,0.1100637167692184,-0.1469853669404983,0.9088813066482544,0.165041908621788,-0.0933303534984588,0.9093875885009766
0.0,0.0,0.7513138055801392,0.0696587413549423,-0.0379280298948287,0.7275280952453613,0.0633157044649124,-0.0104191005229949,0.3557019233703613,0.0031725820153951,-0.0216450095176696,0.0,-0.0696536004543304,0.0379413478076458,0.7751075029373169,-0.0468079224228858,0.0706210732460022,0.3972896039485931,-0.0538197606801986,0.0619988441467285,0.0242109298706054,0.0444605126976966,0.0397330969572067,0.9089544415473938,0.0659070760011673,0.0906322449445724,0.944827914237976,0.0475081875920295,0.1100163161754608,1.058262825012207,0.0697054117918014,0.0737862288951873,0.9704266786575316,0.0022458620369434,0.1064891517162323,0.939658522605896,-0.1768647581338882,0.0364740639925003,0.91185063123703,-0.2002865374088287,0.0941659659147262,0.8660614490509033,0.1214219182729721,0.0315960794687271,0.9273208379745485,0.1224369406700134,-0.1378502696752548,0.8975375294685364,0.1685397624969482,-0.0793041735887527,0.8911015391349792
0.0,0.0,0.7569756507873535,0.0737749710679054,-0.0308504924178123,0.7337316274642944,0.0606336072087287,-0.0102632343769073,0.3571979999542236,-0.0026876833289861,-0.0299328565597534,0.0,-0.0737698674201965,0.0308629013597965,0.7802274227142334,-0.0525276437401771,0.0609825849533081,0.4033481478691101,-0.0684738606214523,0.0501532554626464,0.0231401920318603,0.0459944568574428,0.0434153378009796,0.9190326929092408,0.0692831873893737,0.0915483087301254,0.9508517384529114,0.0497980341315269,0.122465431690216,1.0519778728485107,0.0687928795814514,0.0928177386522293,0.9862067699432372,0.0092115774750709,0.1040261387825012,0.9402379989624025,-0.1847614347934723,0.0480557978153228,0.9060533046722412,-0.1957603394985199,0.109942153096199,0.848792552947998,0.1209048926830291,0.0382784754037857,0.9291861057281494,0.1281574070453643,-0.1322909295558929,0.8907454013824463,0.1678755432367324,-0.082452468574047,0.8823763132095337
0.0,0.0,0.7576648592948914,0.0779389515519142,-0.0241332463920116,0.7340801954269409,0.0520310848951339,-0.0167749226093292,0.3590146899223327,-0.0122305825352668,-0.0300112962722778,0.0,-0.0779338777065277,0.0241462904959917,0.7812561988830566,-0.0665032118558883,0.0514667630195617,0.4073932766914367,-0.0898183733224868,0.0340436100959777,0.0213983654975891,0.0387609228491783,0.0350732803344726,0.918594777584076,0.0501016862690448,0.071822851896286,0.9478122591972352,0.0199674628674983,0.0899088680744171,1.0457584857940674,0.0499013029038906,0.0522233843803405,0.9435601234436036,-0.0110386870801448,0.0878930389881134,0.9445244073867798,-0.1937368810176849,0.056974172592163,0.9056929349899292,-0.1967917084693908,0.1309671550989151,0.8409073948860168,0.1074049174785614,0.0295352041721344,0.9258981943130492,0.1262300908565521,-0.1228666678071022,0.8858651518821716,0.1623975336551666,-0.0854997932910919,0.882826566696167
0.0,0.0,0.7700074315071106,0.0787367671728134,-0.0211730636656284,0.7485471367835999,0.0511034429073333,-0.0239040255546569,0.3674658238887787,-0.020686000585556,-0.0352494120597839,0.0,-0.0787322670221328,0.0211850684136152,0.7914753556251526,-0.0728255659341812,0.0396406650543212,0.4148643016815185,-0.1101592183113098,0.0029115676879882,0.0249338746070861,0.0409507229924202,0.0324279218912124,0.9321776032447816,0.0499923378229141,0.076322466135025,0.9567164182662964,0.0061274953186511,0.0885385870933532,1.037703037261963,0.0504424422979354,0.0499693155288696,0.9407391548156738,-0.0014412887394428,0.0811221301555633,0.9586076736450196,-0.1970860958099365,0.0554509311914444,0.9250987768173218,-0.190749317407608,0.1384288370609283,0.8521862626075745,0.1005645841360092,0.0361658334732055,0.9402992129325868,0.1230397224426269,-0.1057907938957214,0.8950066566467285,0.161893606185913,-0.0777884423732757,0.8808730244636536
0.0,0.0,0.7647501230239868,0.0799026191234588,-0.023514250293374,0.7437557578086853,0.0612024143338203,-0.0309757590293884,0.369836688041687,-0.0177495498210191,-0.0410923361778259,0.0,-0.0798980891704559,0.0235252864658832,0.7857523560523987,-0.0763932913541793,0.0373730063438415,0.4171011745929718,-0.1119250208139419,-0.0120500922203063,0.0235605239868164,0.0413720607757568,0.0218341350555419,0.926693320274353,0.0433393977582454,0.0612610876560211,0.9570766687393188,-0.0028677321970462,0.0703794360160827,1.041720628738403,0.0474757328629493,0.0377093702554702,0.8997887969017029,-0.0037775114178657,0.0645498037338256,0.9646139740943908,-0.1985569596290588,0.0293491333723068,0.9300225973129272,-0.197050005197525,0.0971477851271629,0.8522980809211731,0.092617467045784,0.0221746563911438,0.9395242929458618,0.1171215325593948,-0.1021319329738617,0.8891986608505249,0.1651032269001007,-0.071214735507965,0.8768084049224854
0.0,0.0,0.7731923460960388,0.0795463770627975,-0.0253175441175699,0.7508724927902222,0.0541342496871948,-0.0426880121231079,0.3743776082992553,-0.0308895818889141,-0.0656214952468872,0.0,-0.0795418322086334,0.0253275539726018,0.795521080493927,-0.0802073627710342,0.0321180522441864,0.4179719984531402,-0.1225473284721374,-0.0397794246673584,0.0223036408424377,0.0389016270637512,0.0154670923948287,0.9325473308563232,0.0369599685072898,0.049344003200531,0.9640674591064452,-0.007768053561449,0.0484011620283126,1.0327701568603516,0.0366261675953865,0.0218098610639572,0.9271979331970216,-0.0031362622976303,0.0482739806175231,0.9719172716140748,-0.2067669630050659,-0.0011594146490097,0.9335770606994628,-0.2128622829914093,0.0628460794687271,0.8507584929466248,0.0769816190004348,0.0121645629405975,0.9486504197120668,0.1045078039169311,-0.1118011772632598,0.8879328370094299,0.1483184695243835,-0.0589706934988498,0.8824023008346558
0.0,0.0,0.7588770389556885,0.0783499330282211,-0.0302871316671371,0.7379329800605774,0.0528745204210281,-0.0578593313694,0.3711987137794494,-0.0409635491669178,-0.0939546823501586,0.0,-0.0783449411392211,0.0302978083491325,0.7798300385475159,-0.0754290297627449,0.0352490842342376,0.4081184267997741,-0.1261766254901886,-0.0460399985313415,0.0155959129333496,0.0462588518857955,0.0142068266868591,0.9172394275665284,0.0392232090234756,0.0571946799755096,0.9498140215873718,-0.0312987565994262,0.0495081543922424,1.0297880172729492,0.0347719937562942,0.0268385112285614,0.8773840069770813,0.0004879832267761,0.0573377460241317,0.9609608054161072,-0.1876580119132995,0.006922960281372,0.9305322170257568,-0.1951145678758621,0.0642938539385795,0.8391100764274597,0.0840428620576858,0.022988423705101,0.9394397139549256,0.1086542010307312,-0.1063888818025589,0.8743957281112671,0.1558113098144531,-0.0333658829331398,0.8754600882530212
0.0,0.0,0.75758957862854,0.0747559964656829,-0.0321817398071289,0.7383716106414795,0.0513264387845993,-0.0626786649227142,0.3663829863071441,-0.0397078394889831,-0.0995847582817077,0.0,-0.0747515708208084,0.0321923121809959,0.7768172025680542,-0.071409672498703,0.0306118726730346,0.3943202197551727,-0.120690569281578,-0.0532373785972595,0.0077974796295166,0.0400416553020477,0.0079739242792129,0.9217634201049804,0.0445693954825401,0.0512363463640213,0.9490654468536376,-0.0186344794929027,0.0256783664226531,1.020653247833252,0.0249094907194376,0.0125942081212997,0.889114499092102,0.0065281316637992,0.0529226213693618,0.956190824508667,-0.1854625642299652,-0.0010532736778259,0.919766128063202,-0.191270038485527,0.05747851729393,0.8387038111686707,0.0846750438213348,0.0163099616765975,0.9395016431808472,0.1147954165935516,-0.1263557970523834,0.8685425519943237,0.1574202179908752,-0.0359614565968513,0.8663149476051331
0.0,0.0,0.7625592947006226,0.0746342167258262,-0.0340628400444984,0.7424243092536926,0.0508168041706085,-0.0573513805866241,0.3686660230159759,-0.036425556987524,-0.0951209664344787,0.0,-0.0746293291449546,0.0340732634067535,0.7827041149139404,-0.068711020052433,0.0380714535713195,0.3977280557155609,-0.1200069189071655,-0.0495274662971496,0.0116834044456481,0.0380792096257209,0.0098044574260711,0.9298467040061952,0.0436442866921424,0.0590507835149765,0.9554505348205566,-0.0237426906824111,0.0362972617149353,1.029854416847229,0.0267396736890077,0.0099750384688377,0.8718208074569702,-0.0018171668052673,0.0619495511054992,0.9663647413253784,-0.1852914094924926,0.0053148120641708,0.9355543851852416,-0.1942986249923706,0.0709119960665702,0.8527698516845703,0.0894385799765586,0.026828110218048,0.9563107490539552,0.1239148378372192,-0.122782751917839,0.8844208717346191,0.1776506006717682,-0.0129749253392219,0.8846890926361084
0.0,0.0,0.7792963981628418,0.0737787708640098,-0.0353328734636306,0.759591817855835,0.0489083975553512,-0.0527564585208892,0.3748648762702942,-0.034013457596302,-0.0937049388885498,0.0,-0.0737740248441696,0.0353432744741439,0.7990119457244873,-0.0698432028293609,0.0369344353675842,0.4039542078971863,-0.1222101897001266,-0.0441363453865051,0.0147193670272827,0.0374465584754943,0.0196410417556762,0.9471374750137328,0.0453589148819446,0.0760181546211242,0.9679190516471864,-0.0233718827366828,0.0450136363506317,1.0337365865707395,0.0217352658510208,0.0045526921749114,0.909260869026184,-0.0005302615463733,0.0744884610176086,0.9796602725982666,-0.1899741291999817,0.0126887410879135,0.942546010017395,-0.1987814307212829,0.1031075045466423,0.8705411553382874,0.0908483490347862,0.0450411587953567,0.9738373160362244,0.1271182596683502,-0.1128894463181495,0.8990993499755859,0.1823311895132064,0.0052251666784286,0.9010570049285888
0.0,0.0,0.7757886648178101,0.0765591636300087,-0.0362259224057197,0.756911039352417,0.0536876395344734,-0.0458844900131225,0.3727006912231445,-0.021669615060091,-0.0709705352783203,0.0,-0.0765538364648819,0.0362370088696479,0.7946769595146179,-0.0709543377161026,0.0481725633144378,0.4034149050712585,-0.1117790341377258,-0.0142472386360168,0.0146125555038452,0.0397920757532119,0.0305799692869186,0.9466047883033752,0.0476747490465641,0.0955275893211364,0.9721107482910156,-0.0180151425302028,0.0651175677776336,1.0522215366363523,0.0263829249888658,0.0252685621380805,0.8877391815185547,-0.0030546896159648,0.0942858457565307,0.988656997680664,-0.1875657141208648,0.030197262763977,0.9564736485481262,-0.2074893414974212,0.1278104484081268,0.8859947323799133,0.0994160994887352,0.0646110028028488,0.9784326553344728,0.1313546001911163,-0.0895596593618393,0.9080621004104614,0.1790584772825241,0.0144005566835403,0.9019360542297364
0.0,0.0,0.7982788681983948,0.0775908455252647,-0.0383237227797508,0.780182421207428,0.0507274121046066,-0.0515662729740142,0.3841419816017151,-0.0171490907669067,-0.0635236501693725,0.0,-0.0775856226682663,0.0383346527814865,0.8163862824440002,-0.0664091557264328,0.0514976382255554,0.415616363286972,-0.1090439334511756,-0.0003166198730468,0.0231165289878845,0.040462777018547,0.0388613790273666,0.9698640704154968,0.0539169088006019,0.1035569310188293,0.997007131576538,-0.008478507399559,0.0842140316963195,1.068943738937378,0.0281190481036901,0.0429884493350982,0.9434062242507936,-0.0015716962516307,0.1002416610717773,1.015583038330078,-0.1974508911371231,0.0253521651029586,0.986261546611786,-0.2242120206356048,0.1240228489041328,0.910431981086731,0.107253111898899,0.0657033026218414,1.002305269241333,0.13419970870018,-0.1006648391485214,0.9349825382232666,0.1809189021587371,-0.0054952576756477,0.925089716911316
0.0,0.0,0.8061168193817139,0.0792846009135246,-0.0417015179991722,0.7900723814964294,0.0583855807781219,-0.0495195388793945,0.3926536440849304,-0.0026720203459262,-0.0434372425079345,0.0,-0.0792797580361366,0.0417136996984481,0.8221724629402161,-0.0618146955966949,0.0644372403621673,0.4248782098293304,-0.1102619916200637,0.0155302882194519,0.0310978889465332,0.049762949347496,0.0457987934350967,0.9803789854049684,0.0603625364601612,0.1126809567213058,1.0157673358917236,-0.0195930004119873,0.1080045700073242,1.097617745399475,0.0450669974088668,0.0637659877538681,0.9500361680984496,0.0061649978160858,0.1125681102275848,1.0293138027191162,-0.1951020061969757,0.0310165584087371,1.010382890701294,-0.2317010760307312,0.1205875277519226,0.9298422932624816,0.1205561906099319,0.0700601041316986,1.0136873722076416,0.1292817145586013,-0.0986338406801223,0.9535771012306212,0.1918896436691284,-0.0073643550276756,0.9477717876434326
0.0,0.0,0.8243935108184814,0.081376314163208,-0.0401132777333259,0.8106521964073181,0.05486461520195,-0.0472303926944732,0.3983328938484192,0.0090112090110778,-0.0478966236114501,0.0,-0.0813712626695633,0.0401261001825332,0.8381470441818237,-0.0604152157902717,0.0574223101139068,0.4213779270648956,-0.107480950653553,0.0013685822486877,0.0210355520248413,0.0539475791156291,0.0660207420587539,0.9984840154647828,0.0797709971666336,0.1351750940084457,1.0295007228851318,0.0194514133036136,0.138933390378952,1.1044719219207764,0.0497196055948734,0.1155206114053726,1.0202243328094482,0.0222439244389534,0.1338199526071548,1.0439969301223757,-0.1869092583656311,0.0446943640708923,1.0326844453811646,-0.2296826839447021,0.1387321352958679,0.9411287307739258,0.12777841091156,0.0809836387634277,1.0182048082351685,0.1303866803646087,-0.1032297015190124,0.9623927474021912,0.2056330144405365,-0.0216293483972549,0.9490853548049928
0.0,0.0,0.8289631605148315,0.0828407853841781,-0.0387598425149917,0.8159675002098083,0.0555637776851654,-0.0401977598667144,0.3983942568302154,0.0231225863099098,-0.0496026277542114,0.0,-0.0828360468149185,0.0387734696269035,0.8419707417488098,-0.0627397447824478,0.0566539466381073,0.4221433401107788,-0.1086242422461509,-0.0029705166816711,0.0265052914619445,0.0628446191549301,0.0762344747781753,0.9968661069869996,0.0789909288287162,0.1393368542194366,1.0320565700531006,0.0057421550154685,0.1505007147789001,1.1119569540023804,0.0634293779730796,0.1205905079841613,1.0170973539352417,0.0261285565793514,0.1398301571607589,1.0473883152008057,-0.1835381686687469,0.0624033361673355,1.0487871170043943,-0.2255912125110626,0.1497053951025009,0.9487375020980836,0.133085697889328,0.0838467627763748,1.0158902406692505,0.133183866739273,-0.1057955473661422,0.9641740322113036,0.2076091766357422,-0.0356103479862213,0.9520257711410522
0.0,0.0,0.842363715171814,0.0832888782024383,-0.0362594351172447,0.827836811542511,0.0592628717422485,-0.0316820740699768,0.4015335142612457,0.0381356924772262,-0.0556622147560119,0.0,-0.0832850337028503,0.0362721160054206,0.856902539730072,-0.0597970336675643,0.0582307577133178,0.4259827136993408,-0.0999152585864067,-0.0096025466918945,0.0289239883422851,0.0627597123384475,0.0754889547824859,1.0046436786651611,0.0775449126958847,0.1277698129415512,1.0368279218673706,0.0252867043018341,0.1332255005836486,1.115519881248474,0.0770339518785476,0.1089148819446563,1.0520377159118652,0.0287042260169982,0.1273317039012909,1.0516859292984009,-0.1841690242290496,0.0553838014602661,1.05836021900177,-0.2253267467021942,0.1371423006057739,0.9583113789558412,0.1251151710748672,0.0737604796886444,1.018681287765503,0.1387169063091278,-0.121849313378334,0.965155839920044,0.2085688114166259,-0.0614641010761261,0.9511979818344116
0.0,0.0,0.8437268733978271,0.0815313458442688,-0.0366050526499748,0.8260115385055542,0.0735551416873931,-0.0134369432926177,0.397766649723053,0.0547465980052948,-0.0460073351860046,0.0,-0.0815266072750091,0.0366171002388,0.8614538311958313,-0.0518264919519424,0.0741996765136718,0.4251393675804138,-0.0843818187713623,0.0052164196968078,0.0270527601242065,0.0644648671150207,0.0713399648666381,1.0017176866531372,0.0825689733028411,0.1230575740337371,1.0372344255447388,0.0416096672415733,0.1350817680358886,1.121659755706787,0.0788695067167282,0.1237729489803314,1.0367039442062378,0.0379391014575958,0.1278417408466339,1.0532913208007812,-0.1687155663967132,0.0709392875432968,1.066110610961914,-0.195307508111,0.1417925208806991,0.9637577533721924,0.1244914978742599,0.068714290857315,1.0204952955245972,0.1483801007270813,-0.1040878519415855,0.973563015460968,0.2149047404527664,-0.0494184680283069,0.9495338797569276
0.0,0.0,0.8482412099838257,0.0784502774477005,-0.0358031913638114,0.8315356969833374,0.0682753250002861,-0.0223855376243591,0.3961902856826782,0.047706127166748,-0.0616778135299682,0.0,-0.0784463286399841,0.035813745111227,0.8649582862854004,-0.0516285672783851,0.074249655008316,0.4240510463714599,-0.0800907164812088,-0.0020838975906372,0.0281878113746643,0.0583413615822792,0.0585996061563491,1.0032930374145508,0.0774921029806137,0.1080091744661331,1.0474116802215576,0.0511545985937118,0.1448517143726349,1.1187400817871094,0.1031394451856613,0.1339430958032608,1.083676815032959,0.0369056537747383,0.112743467092514,1.0635192394256592,-0.1604679822921753,0.0635434091091156,1.0766143798828125,-0.1806026995182037,0.1390688270330429,0.9657508730888368,0.111728049814701,0.0532488375902175,1.0299193859100342,0.1371014267206192,-0.1091214343905448,0.983833074569702,0.1942372322082519,-0.057792879641056,0.9589038491249084
0.0,0.0,0.8436944484710693,0.0755450874567031,-0.0397079214453697,0.8282949924468994,0.071465864777565,-0.0183946192264556,0.3963785767555237,0.0368909388780593,-0.0601167678833007,0.0,-0.0755409151315689,0.039718423038721,0.8591050505638123,-0.0488743782043457,0.0832768380641937,0.4217066168785095,-0.0830716043710708,-0.0021441578865051,0.0271966457366943,0.0553183704614639,0.0446927696466445,0.9958356618881226,0.0709955841302871,0.0858210921287536,1.0512762069702148,0.0413922667503356,0.1358174383640289,1.1336218118667605,0.0938660502433776,0.1305260360240936,1.0833635330200195,0.0371842160820961,0.0960475355386734,1.0623760223388672,-0.1598255038261413,0.05430668592453,1.0823345184326172,-0.1875982731580734,0.1155299767851829,0.9686882495880128,0.1049685180187225,0.032506838440895,1.0289199352264404,0.1189190000295639,-0.1201762482523918,0.9833446741104126,0.1828784942626953,-0.0554423332214355,0.9666980504989624
0.0,0.0,0.8515909910202026,0.0771494060754776,-0.0427164435386657,0.8367153406143188,0.0684666037559509,-0.02498060464859,0.398922860622406,0.0195283815264701,-0.0896101593971252,0.0,-0.0771444588899612,0.042727455496788,0.8664777278900146,-0.0459421165287494,0.0783132910728454,0.4200305938720703,-0.0842361226677894,-0.026537001132965,0.0189981460571289,0.0504824258387088,0.0455614626407623,1.0084228515625,0.0860507190227508,0.0955850780010223,1.0535190105438232,0.0827109888195991,0.147068366408348,1.1265968084335327,0.1031012907624244,0.1534905135631561,1.1017282009124756,0.0465530231595039,0.1079368293285369,1.0672476291656494,-0.1481924057006836,0.038467988371849,1.0936537981033323,-0.1936552226543426,0.1001074016094207,0.966988205909729,0.1098354905843734,0.0361688733100891,1.0297000408172607,0.1176010519266128,-0.1142881736159324,0.9900343418121338,0.1936714947223663,-0.0246253609657287,0.973230242729187
0.0,0.0,0.8664536476135254,0.078387551009655,-0.0441177189350128,0.85038822889328,0.0612600296735763,-0.0340472161769866,0.4040307402610779,0.0071600675582885,-0.1105772256851196,0.0,-0.0783815383911132,0.044131115078926,0.8825298547744751,-0.0476351901888847,0.0672933757305145,0.430260956287384,-0.1016699969768524,-0.0452029705047607,0.019742727279663,0.0597098320722579,0.0489658713340759,1.02524733543396,0.098904550075531,0.1222317814826965,1.060782551765442,0.0674563944339752,0.1794656813144683,1.1205155849456787,0.1203010529279708,0.1778201162815094,1.102897882461548,0.0604832358658313,0.1320800632238388,1.084019422531128,-0.1342963278293609,0.0592993199825286,1.1263569593429563,-0.181627869606018,0.1246325820684433,0.9795098304748536,0.126874178647995,0.056736335158348,1.0356321334838867,0.126182273030281,-0.0905491635203361,1.0036356449127195,0.2195477485656738,0.0191914662718772,0.9926613569259644
0.0,0.0,0.88261878490448,0.0797075778245925,-0.0382707640528678,0.867178738117218,0.0420608073472976,-0.0431555807590484,0.4100827276706695,-0.007428154349327,-0.1227259635925293,0.0,-0.0797010511159896,0.0382849462330341,0.8980686664581299,-0.0532137900590896,0.054247111082077,0.4380976855754852,-0.1063793078064918,-0.0672466158866882,0.0211301445960998,0.0505449064075946,0.0563762634992599,1.0504062175750732,0.0976392775774002,0.1365869641304016,1.0722347497940063,0.0934347063302993,0.1720446050167083,1.1057608127593994,0.1232411712408065,0.1864344775676727,1.1032613515853882,0.0508057698607444,0.1437924206256866,1.0966517925262451,-0.1386510729789734,0.0593154430389404,1.1432241201400757,-0.1933812797069549,0.1309022605419159,0.9982342720031738,0.1180357635021209,0.0681357085704803,1.0475939512252808,0.1284292042255401,-0.0923790782690048,1.0115392208099363,0.2105605155229568,0.0084475949406623,0.9878733158111572
0.0,0.0,0.9071931838989258,0.0813242197036743,-0.0376326106488704,0.8917122483253479,0.0446800664067268,-0.0421131253242492,0.4256684780120849,-0.0077510029077529,-0.108496069908142,0.0,-0.0813170447945594,0.0376484096050262,0.9226832389831544,-0.0533386431634426,0.0559951066970825,0.4597112834453583,-0.1070657074451446,-0.0615362524986267,0.0343797206878662,0.0547559782862663,0.0531377643346786,1.0811989307403564,0.0999367758631706,0.1361329406499862,1.0988563299179075,0.0719298496842384,0.1643604636192321,1.124132752418518,0.1157876253128051,0.1829630434513092,1.1124528646469116,0.0520492084324359,0.1368620991706848,1.1220569610595703,-0.1618901789188385,0.0553249418735504,1.1700767278671265,-0.2129876315593719,0.1327110230922699,1.0293595790863037,0.1274141073226928,0.0715365260839462,1.077325463294983,0.133420705795288,-0.1061886623501777,1.0417509078979492,0.2190053761005401,-0.017838567495346,1.0018410682678225
0.0,0.0,0.9253320693969728,0.081509344279766,-0.0378786399960517,0.9094781875610352,0.0379249304533004,-0.0396599471569061,0.4403430223464966,-0.007636085152626,-0.0940905809402465,0.0,-0.0815026760101318,0.0378960631787776,0.941194474697113,-0.053092535585165,0.0515966713428497,0.4780924320220947,-0.0947883278131485,-0.0491012930870056,0.0423400998115539,0.0518351532518863,0.0503382682800293,1.1027063131332395,0.0987083613872528,0.127941682934761,1.1142398118972778,0.0762551873922348,0.1504553407430648,1.126127004623413,0.1192475110292434,0.1708614975214004,1.1312289237976074,0.0498843938112258,0.1287718266248703,1.131958246231079,-0.1693882197141647,0.0485199093818664,1.169495701789856,-0.2181201577186584,0.1539623290300369,1.0409119129180908,0.1225929707288742,0.0668495148420333,1.0954232215881348,0.1331891566514969,-0.1309714764356613,1.058361291885376,0.2111885547637939,-0.0471618212759494,1.0074578523635864
0.0,0.0,0.9292145371437072,0.0837886184453964,-0.0391953699290752,0.9151418209075928,0.0428176522254943,-0.0312327742576599,0.448777437210083,-0.0084167197346687,-0.0645648837089538,0.0,-0.0837817043066024,0.0392139703035354,0.9432953000068665,-0.0498436875641346,0.0651954114437103,0.4840865731239319,-0.0904369130730629,-0.0228908658027648,0.0444040894508361,0.0621505640447139,0.0445445477962493,1.1047914028167725,0.09327432513237,0.1125404834747314,1.113824486732483,0.0404326021671295,0.1304191648960113,1.1302273273468018,0.0898894518613815,0.1390041559934616,1.1276181936264038,0.0551518686115741,0.1116965413093566,1.129868745803833,-0.1747925579547882,0.0473980158567428,1.1655761003494265,-0.2245054244995117,0.1654189527034759,1.0379585027694702,0.1232037246227264,0.0571348965167999,1.0983134508132937,0.1331577003002166,-0.1479615718126297,1.061307668685913,0.1935948431491851,-0.0732823312282562,1.0103881359100342
0.0,0.0,0.9200991988182068,0.0887442678213119,-0.0389364548027515,0.907059371471405,0.042744256556034,-0.0378870368003845,0.4480955898761749,-0.011254534125328,-0.0638756155967712,0.0,-0.0887366980314254,0.0389550104737281,0.933146595954895,-0.0554950535297393,0.0648865103721618,0.4735883772373199,-0.0795428603887558,-0.0146304965019226,0.0306352972984313,0.067140445113182,0.0429307222366333,1.0947597026824951,0.0957929044961929,0.1031402200460434,1.105282187461853,0.0477902740240097,0.1102610230445861,1.1225087642669678,0.0618475340306758,0.1277755200862884,1.128495216369629,0.0560667179524898,0.1034839451313018,1.117003321647644,-0.1714662760496139,0.0362347662448883,1.1478828191757202,-0.2285938560962677,0.1567928344011306,1.0122376680374146,0.1220167279243469,0.051179364323616,1.0833195447921753,0.1333567202091217,-0.1585133671760559,1.0460931062698364,0.1762683093547821,-0.0943256616592407,0.9974466562271118
0.0,0.0,0.908605456352234,0.0869191959500312,-0.0393621399998664,0.8977037072181702,0.0492940917611122,-0.036311388015747,0.440713107585907,-0.0131655819714069,-0.0628766417503357,0.0,-0.0869116336107254,0.039380244910717,0.919515073299408,-0.0615743249654769,0.0720987915992736,0.4645206928253174,-0.0810962989926338,-0.0127763152122497,0.0250366330146789,0.0734353438019752,0.0393489301204681,1.076146960258484,0.0979801937937736,0.1132229566574096,1.0884807109832764,0.0299974344670772,0.1367791891098022,1.1098512411117554,0.0600824356079101,0.1461909264326095,1.126246452331543,0.0629988312721252,0.1100749969482421,1.0974304676055908,-0.1586264371871948,0.0606096088886261,1.1258149147033691,-0.1978985071182251,0.1611096560955047,0.9842543005943298,0.1268790066242218,0.0570056736469268,1.07221519947052,0.1379780173301696,-0.1580033600330352,1.038973093032837,0.1694541275501251,-0.0961610600352287,0.9829696416854858
0.0,0.0,0.8984382152557373,0.0882349163293838,-0.0388475954532623,0.8892755508422852,0.0507393181324005,-0.0379467904567718,0.4371377229690552,-0.0156413987278938,-0.0684369802474975,0.0,-0.0882273614406585,0.0388634465634822,0.9076088070869446,-0.0632813274860382,0.0854019522666931,0.4570797979831695,-0.0705366432666778,0.0019702315330505,0.0199561715126037,0.0687877312302589,0.034137800335884,1.0693767070770264,0.0924484282732009,0.112914428114891,1.0836198329925537,0.0467065833508968,0.1404194831848144,1.116334080696106,0.0516988784074783,0.1558807492256164,1.1227355003356934,0.0480775944888591,0.1088417470455169,1.0882205963134766,-0.1517324149608612,0.0654337853193283,1.1151936054229736,-0.1884377896785736,0.1550111770629882,0.9766259789466858,0.1151965260505676,0.0551391392946243,1.0662800073623655,0.1268711984157562,-0.1620741337537765,1.0308191776275637,0.1617716699838638,-0.1021486148238182,0.9574539661407472
0.0,0.0,0.8952306509017944,0.0861213430762291,-0.0390015952289104,0.8890346884727478,0.0576295480132103,-0.0338431000709533,0.4336293935775757,-0.0203974992036819,-0.0820847749710083,0.0,-0.086113765835762,0.0390150845050811,0.9014347195625304,-0.0597584322094917,0.0917824506759643,0.4544597566127777,-0.0675349235534668,0.014369785785675,0.016493797302246,0.0709250122308731,0.0230722576379776,1.0614103078842163,0.0876433253288269,0.1139943152666091,1.079627275466919,0.0287108495831489,0.1573359072208404,1.127350926399231,0.0426938943564891,0.1566710025072097,1.1561511754989624,0.0413429513573646,0.1043780446052551,1.0881191492080688,-0.1548690199851989,0.081667274236679,1.113497972488403,-0.1762488186359405,0.165452554821968,0.9719684720039368,0.1139139533042907,0.0573803037405014,1.0648443698883057,0.1229487359523773,-0.154590219259262,1.0207408666610718,0.1725726127624511,-0.089091807603836,0.9519853591918944
0.0,0.0,0.8874950408935547,0.0835114046931266,-0.0414209179580211,0.8815842270851135,0.0557194575667381,-0.0315138697624206,0.4301501214504242,-0.0251243244856596,-0.0758360028266906,0.0,-0.0835050493478775,0.0414322763681411,0.8934142589569092,-0.0569321066141128,0.0892289876937866,0.4506001472473144,-0.0644791722297668,0.024442434310913,0.0111250281333923,0.070409394800663,0.0342180132865905,1.0521036386489868,0.0915361642837524,0.1380377560853958,1.0728673934936523,0.0490952804684639,0.2045243084430694,1.1235181093215942,0.0595470331609249,0.1933517158031463,1.1750962734222412,0.0384859219193458,0.128747671842575,1.07322359085083,-0.134721040725708,0.1142381876707077,1.089195728302002,-0.1546621471643448,0.2104272842407226,0.9623987674713136,0.1174951195716857,0.0821243226528167,1.0530598163604736,0.1226593405008316,-0.1072003096342086,0.9972952008247375,0.1885687410831451,-0.0443584509193897,0.9378920793533324
0.0,0.0,0.8716484308242798,0.0804030895233154,-0.0422911122441291,0.8633089065551758,0.0612236708402633,-0.028297871351242,0.4239246249198913,-0.0257486905902624,-0.0615163445472717,0.0,-0.0803972110152244,0.042301058769226,0.8799967169761658,-0.0530992895364761,0.0991841852664947,0.4459137320518493,-0.0641525536775589,0.0425466299057006,0.0082499980926513,0.072224237024784,0.049831211566925,1.0306624174118042,0.102325439453125,0.1717656552791595,1.0534613132476809,0.0567494854331016,0.2558518648147583,1.1197954416275024,0.0588523522019386,0.2243412733078003,1.1809241771697998,0.0486391484737396,0.1600422263145446,1.0493292808532717,-0.1311639249324798,0.1292838305234909,1.0614957809448242,-0.1472498774528503,0.2303488850593567,0.9453229904174804,0.1321752667427063,0.1108610033988952,1.032078504562378,0.1224526613950729,-0.0679194703698158,0.9751654267311096,0.1955489665269851,-0.0018859356641769,0.9165315628051758
0.0,0.0,0.8476496338844299,0.0778343677520752,-0.0416127741336822,0.8368478417396545,0.0551407039165496,-0.0316265821456909,0.4149449169635772,-0.0274601839482784,-0.0606321692466735,0.0,-0.0778287947177887,0.0416216105222702,0.8584606051445007,-0.0513830557465553,0.096185564994812,0.4351994395256042,-0.0627667158842086,0.0479992032051086,0.0014673471450805,0.0668256804347038,0.0587879866361618,1.0055454969406128,0.1058057695627212,0.1867117881774902,1.0344390869140625,0.065977044403553,0.2809054255485534,1.1015167236328125,0.0554760545492172,0.2353394627571106,1.1819303035736084,0.0481056459248065,0.1791220009326934,1.022979497909546,-0.1311805248260498,0.1265054941177368,1.0313855409622192,-0.1584042459726333,0.2251943349838256,0.9281337261199952,0.1340854465961456,0.1200438737869262,1.00973641872406,0.1069445461034774,-0.0626033619046211,0.9554508328437804,0.1760869175195694,-0.02255080640316,0.894990861415863
0.0,0.0,0.8340651988983154,0.0743275880813598,-0.0421160534024238,0.8217008709907532,0.0553179159760475,-0.0308428704738616,0.4116779267787933,-0.020513953641057,-0.0500053763389587,0.0,-0.0743224322795867,0.042125467211008,0.8464387655258179,-0.0496648848056793,0.1011458933353424,0.4322710037231445,-0.0642478242516517,0.0601798295974731,0.0012316107749938,0.0657689124345779,0.0706702321767807,0.9866175651550292,0.1073236688971519,0.2017995864152908,1.0180672407150269,0.0642698183655738,0.3053045272827148,1.0941851139068604,0.062945008277893,0.2511436641216278,1.166957974433899,0.0483194664120674,0.196682870388031,1.0027580261230469,-0.1321695744991302,0.1310757100582122,1.0093876123428345,-0.1638624370098114,0.2292315512895584,0.9148598909378052,0.141749307513237,0.1302566081285476,0.9927321076393129,0.1030221134424209,-0.0610039792954921,0.9459717869758606,0.1699654906988144,-0.0424025505781173,0.8937155604362488
0.0,0.0,0.8217752575874329,0.0749003514647483,-0.041888628154993,0.8088381886482239,0.053366020321846,-0.0224144756793975,0.4086124002933502,-0.0109450109302997,-0.0276516079902648,0.000203788280487,-0.0748959183692932,0.0418977178633213,0.8347216248512268,-0.0463032126426696,0.1014689207077026,0.4248250424861908,-0.0635263696312904,0.0653599500656127,0.0,0.0657996535301208,0.0842018723487854,0.9750753045082092,0.1112552285194397,0.2188926935195922,1.0028300285339355,0.0781865790486335,0.3270951509475708,1.0814664363861084,0.0705655515193939,0.267082542181015,1.1568856239318848,0.0435685329139232,0.2158935070037841,0.9853047728538512,-0.1292417347431183,0.1277237832546234,0.9803327322006226,-0.1684609949588775,0.2252320051193237,0.8940210342407227,0.1491862088441848,0.1440037041902542,0.980469822883606,0.104908749461174,-0.0524153187870979,0.9297300577163696,0.1698362678289413,-0.0473479256033897,0.8927327990531921
0.0,0.0,0.8217693567276001,0.0774704664945602,-0.0394356325268745,0.8101435899734497,0.0568496882915496,-0.0193958580493927,0.4101064503192901,0.0010256823152303,-0.0116057395935058,0.0003293752670288,-0.0774665921926498,0.0394449494779109,0.833404541015625,-0.0433765798807144,0.0926347374916076,0.4226554036140442,-0.0604586154222488,0.0563881993293762,0.0,0.0751389861106872,0.0974884629249572,0.9674453735351562,0.1209870278835296,0.2403372526168823,0.9930285215377808,0.0822463631629943,0.3537853360176086,1.075756311416626,0.0897605195641517,0.2852993607521057,1.1671773195266724,0.0513739958405494,0.2353995740413665,0.9797141551971436,-0.1216051578521728,0.1336330771446228,0.9630356431007384,-0.1611077189445495,0.2226434201002121,0.8860366344451904,0.1637646257877349,0.1597895324230194,0.973895251750946,0.1103905588388443,-0.0499984622001647,0.9233084321022034,0.1839326471090316,-0.0502485930919647,0.8924715518951416
0.0,0.0,0.8319131731987,0.082109548151493,-0.0379988476634025,0.8197555541992188,0.0569876357913017,-0.0116788446903228,0.4198128879070282,0.0163359679281711,0.0003296136856079,0.0,-0.0821065604686737,0.0380090400576591,0.8440800905227661,-0.0422203764319419,0.0921131074428558,0.4364413619041443,-0.0510500445961952,0.0643748044967651,0.0109027028083801,0.0768551379442215,0.1111477389931678,0.9751068353652954,0.1231467574834823,0.2555809020996094,1.00106942653656,0.0943777188658714,0.3694889545440674,1.0835167169570925,0.1185022592544555,0.305826872587204,1.1702260971069336,0.0524236187338829,0.2548608481884002,0.9844731092453004,-0.1056943237781524,0.1503942608833313,0.9607433080673218,-0.1389643549919128,0.2460016459226608,0.8910298347473145,0.1672175675630569,0.1709410846233368,0.9785590171813964,0.1173039376735687,-0.0439153760671615,0.9234440922737122,0.1990821957588195,-0.0381490662693977,0.8856185078620911
0.0,0.0,0.8450391292572021,0.0843270048499107,-0.0358964912593364,0.8337575197219849,0.0637853890657424,-0.0068153440952301,0.4295397400856018,0.0328701063990592,0.0083891749382019,0.0,-0.0843235999345779,0.0359076969325542,0.8563293814659119,-0.0435623973608017,0.1042403876781463,0.4470576047897339,-0.0454128868877887,0.0732414722442627,0.0158584713935852,0.0750627517700195,0.1104041188955307,0.9820538759231568,0.1203913018107414,0.2518513202667236,1.005468726158142,0.0925349593162536,0.3695176243782043,1.087264895439148,0.1240715235471725,0.3050478994846344,1.1866860389709473,0.050948292016983,0.2496267110109329,0.9961370229721068,-0.1040391027927398,0.1497209817171096,0.9712148308753968,-0.1309794038534164,0.2497899085283279,0.906147837638855,0.1665361076593399,0.1703637391328811,0.9894599318504332,0.1259649991989135,-0.0365682244300842,0.9399354457855223,0.2022052109241485,-0.0286082252860069,0.8918803334236145
0.0,0.0,0.8492017388343811,0.08595472574234,-0.0355942882597446,0.8412942290306091,0.0669154673814773,-0.0076505541801452,0.4367407262325287,0.0437379889190197,0.0170325636863708,0.0,-0.0859520137310028,0.0356057025492191,0.857117772102356,-0.0385755002498626,0.1137714087963104,0.4506743550300598,-0.0399386547505855,0.0807827115058898,0.0126686692237854,0.075726106762886,0.1102642640471458,0.9847124814987184,0.1148315444588661,0.2483817636966705,1.0081210136413574,0.0921249017119407,0.3723962604999542,1.0810096263885498,0.1434193700551986,0.3063387870788574,1.178581953048706,0.0478171482682228,0.2442720532417297,0.9975311756134032,-0.0988406538963317,0.1505634486675262,0.973276913166046,-0.1330665647983551,0.2538757026195526,0.9143123030662536,0.163821130990982,0.1706595122814178,0.9902090430259703,0.1315491497516632,-0.0233621969819068,0.941864550113678,0.2029846012592315,-0.0024687461555004,0.8955389857292175
0.0,0.0,0.8562443256378174,0.0858155190944671,-0.0350333750247955,0.8505219221115112,0.0738234594464302,-0.0020418167114257,0.4402612149715423,0.047802984714508,0.0226344466209411,0.0,-0.0858134254813194,0.0350448340177536,0.861975371837616,-0.0334935784339904,0.1209245324134826,0.4513662755489349,-0.0376111790537834,0.0857417583465576,0.0086142420768737,0.0752381011843681,0.1043666303157806,0.9879328012466432,0.1098464131355285,0.2401010990142822,1.0048692226409912,0.0949307382106781,0.363258957862854,1.0787136554718018,0.1546802222728729,0.2996532320976257,1.166847825050354,0.0452563874423503,0.2357098162174224,0.9969558715820312,-0.0934821516275405,0.1575152277946472,0.9836852550506592,-0.1254235208034515,0.2672835886478424,0.9233517050743104,0.1605759561061859,0.1668196618556976,0.9950066804885864,0.1361172944307327,-0.0143027603626251,0.9541231393814088,0.2016499042510986,0.0158109664916992,0.8912071585655212
0.0,0.0,0.8666929602622986,0.0878885835409164,-0.035695020109415,0.8621776700019836,0.0734489560127258,-0.0086193978786468,0.4425137042999267,0.0407980047166347,0.0112732648849487,0.0,-0.0878866463899612,0.0357065722346305,0.8712171912193298,-0.0359074622392654,0.1142705678939819,0.4538213312625885,-0.0491885058581829,0.066394567489624,0.0057868361473083,0.0754047781229019,0.1035936847329139,1.003188967704773,0.1128308996558189,0.2411858886480331,1.0143896341323853,0.1018687114119529,0.3625088930130005,1.0767303705215454,0.1694728881120681,0.3052460253238678,1.154199242591858,0.0502583011984825,0.2337585091590881,1.013157844543457,-0.0867765843868255,0.162830650806427,1.0021895170211792,-0.1234466135501861,0.2688696384429931,0.9288543462753296,0.1608638167381286,0.1690602004528045,1.0094151496887207,0.137234017252922,-0.0025583133101463,0.9740363955497742,0.2045215666294098,0.0207119174301624,0.9037070274353028
0.0,0.0,0.8941577672958374,0.0873351767659187,-0.0340093895792961,0.8897237777709961,0.0657161325216293,-0.0203557312488555,0.4484159648418426,0.0237725600600242,-0.0096617937088012,0.0,-0.087333969771862,0.0340227559208869,0.8986011743545532,-0.0496963411569595,0.0969265103340148,0.4648321866989136,-0.0573312081396579,0.0336847305297851,0.0054085850715637,0.0736383646726608,0.1013294011354446,1.0294967889785769,0.1108546704053878,0.244170993566513,1.0351271629333496,0.1033617109060287,0.3542375862598419,1.091193914413452,0.1842586696147918,0.3037040829658508,1.1836364269256592,0.0468789860606193,0.2345733344554901,1.0369962453842163,-0.096673846244812,0.1701133549213409,1.038405179977417,-0.1151917278766632,0.281042993068695,0.9571262001991272,0.1592451184988021,0.166879653930664,1.0390706062316897,0.1323543339967727,-0.010825976729393,1.0098237991333008,0.2079219967126846,0.0129009336233139,0.9290920495986938
0.0,0.0,0.9191542863845824,0.086237296462059,-0.0351346731185913,0.9152848720550536,0.0616461038589477,-0.0216396152973175,0.4590566456317901,0.0197429955005645,-0.0204200148582458,0.0,-0.0862368568778038,0.0351483672857284,0.9230332970619202,-0.0510465949773788,0.0766446590423584,0.4781911969184875,-0.0586284697055816,0.0183174014091491,0.0124472975730896,0.0699901729822158,0.0938461869955062,1.05903959274292,0.106863759458065,0.2321237921714782,1.066559076309204,0.1043703258037567,0.3315238058567047,1.1188023090362549,0.1930596232414245,0.2941860556602478,1.1889469623565674,0.0411127731204032,0.2238014340400695,1.062543272972107,-0.1229828149080276,0.1535505056381225,1.0665372610092163,-0.1318947970867157,0.2608100771903991,0.992313027381897,0.1546731740236282,0.1537955850362777,1.0723364353179932,0.119121640920639,-0.0340387895703315,1.049683690071106,0.1992222070693969,-0.0172785837203264,0.945665180683136
0.0,0.0,0.941731333732605,0.0857695937156677,-0.0373402275145053,0.9379770755767822,0.0657367780804634,-0.0197301506996154,0.4715995192527771,0.0201420038938522,-0.0189117789268493,0.0,-0.0857697948813438,0.0373547598719596,0.9454949498176576,-0.0523406863212585,0.0742744207382202,0.4928828179836273,-0.058789886534214,0.0168356299400329,0.0189913511276245,0.0639644637703895,0.0752618163824081,1.0824263095855713,0.0946726351976394,0.2088778018951416,1.087652325630188,0.0987750440835952,0.3062978088855743,1.138624906539917,0.2059222757816314,0.2674211859703064,1.20255446434021,0.0228898264467716,0.2008627951145172,1.071821212768555,-0.1512945890426635,0.1252890825271606,1.0872204303741455,-0.1571019887924194,0.2348435819149017,1.019136905670166,0.1457947790622711,0.1315234303474426,1.1053786277770996,0.1135394275188446,-0.0587405636906623,1.0878254175186155,0.2052283138036728,-0.0272202305495739,0.9780541062355042
0.0,0.0,0.9575145840644836,0.0863315463066101,-0.0398695841431617,0.9542815089225768,0.0680830478668212,-0.0196003019809722,0.4845598936080932,0.022921685129404,-0.0216848254203796,0.0,-0.0863317847251892,0.0398848913609981,0.9607573747634888,-0.0527874156832695,0.066454142332077,0.5036680698394775,-0.0656949654221534,0.0071424841880798,0.0188742280006408,0.0611829683184623,0.0715086907148361,1.1027612686157229,0.0977809727191925,0.2004243582487106,1.1060829162597656,0.1027804315090179,0.3012385368347168,1.145433783531189,0.216614693403244,0.2638632655143738,1.196923017501831,0.0291140154004097,0.1922841072082519,1.0918011665344238,-0.1566677391529083,0.1228516697883606,1.1075974702835083,-0.1672234535217285,0.2373841553926468,1.0300710201263428,0.1459963917732238,0.1277388036251068,1.1316514015197754,0.1098923236131668,-0.0563145875930786,1.1209766864776611,0.2089466303586959,-0.0190316811203956,1.0057204961776731
0.0,0.0,0.9701008796691896,0.090336300432682,-0.0399424955248832,0.966215968132019,0.0639625787734985,-0.0231358110904693,0.49124675989151,0.0157027244567871,-0.0291152596473693,0.0,-0.0903360247611999,0.0399594791233539,0.9739960432052612,-0.0613895952701568,0.0553750395774841,0.5091182589530945,-0.0785208642482757,-0.006834864616394,0.0176817774772644,0.060088075697422,0.0745583921670913,1.114215612411499,0.0998209416866302,0.1976119875907898,1.110604166984558,0.1014088094234466,0.2931925356388092,1.1528618335723877,0.2185062766075134,0.2515508234500885,1.1962504386901855,0.0264937840402126,0.1927526593208313,1.091137170791626,-0.1494383662939071,0.1365077346563339,1.119762897491455,-0.1620748341083526,0.2686522901058197,1.0334798097610474,0.1480425149202346,0.1310511827468872,1.1475419998168943,0.107641614973545,-0.0478719472885131,1.1502312421798706,0.200051337480545,-0.0064745619893074,1.0208359956741333
0.0,0.0,0.9799389839172364,0.0950267314910888,-0.0409924238920211,0.975965142250061,0.0609510391950607,-0.0218876302242279,0.4940603375434875,0.0100733153522014,-0.0441213250160217,0.0,-0.0950258076190948,0.0410104990005493,0.9839239120483398,-0.0705893039703369,0.0417770445346832,0.5115084052085876,-0.0920559987425804,-0.0259445905685424,0.0133460760116577,0.0640406534075737,0.0851501002907753,1.123363971710205,0.1113587394356727,0.2130791097879409,1.112885355949402,0.1041221618652343,0.3007189929485321,1.1480066776275637,0.2236763834953308,0.2561977505683899,1.180952787399292,0.0396376810967922,0.2082035392522812,1.0952287912368774,-0.1231537461280822,0.1739901304244995,1.1254053115844729,-0.1286969780921936,0.315526008605957,1.026323914527893,0.1587248891592025,0.1454476714134216,1.1538578271865845,0.1189583837985992,-0.028252750635147,1.1681222915649414,0.2053419947624206,0.0133478417992591,1.026144027709961
0.0,0.0,0.9792124629020692,0.0957920551300048,-0.0396875590085983,0.9788578748703004,0.0667430758476257,-0.0083545446395874,0.4938210844993591,0.0189570412039756,-0.0293806195259094,0.0,-0.0957913994789123,0.0397047325968742,0.9795783758163452,-0.0707283020019531,0.0310495197772979,0.5052229166030884,-0.0916819274425506,-0.0452226400375366,0.0084631443023681,0.0648342967033386,0.0848077908158302,1.121637940406799,0.1162639334797859,0.2059654891490936,1.1094317436218262,0.1106018424034118,0.2877929806709289,1.1422737836837769,0.2307679057121276,0.23300302028656,1.1740691661834717,0.0454699397087097,0.2012310475111007,1.0878667831420898,-0.1122193932533264,0.1642272472381591,1.1202051639556885,-0.1218561679124832,0.2987834215164184,1.0181375741958618,0.1628639996051788,0.1379706263542175,1.1547362804412842,0.1215334683656692,-0.0449388772249221,1.1720268726348877,0.2035562992095947,0.0033553522080183,1.0139474868774414
0.0,0.0,0.9715017676353456,0.0960683971643447,-0.0401815474033355,0.9761433005332948,0.0727339535951614,-0.0011607408523559,0.492416501045227,0.0301678888499736,-0.0171058773994445,0.0,-0.0960671156644821,0.0401968546211719,0.9668710231781006,-0.0682740807533264,0.0246359705924987,0.495635986328125,-0.0888888984918594,-0.0536427497863769,0.002156376838684,0.0702631473541259,0.0849404036998748,1.115442156791687,0.1222849935293197,0.201307401061058,1.1031429767608645,0.1150320917367935,0.2838354706764221,1.134036421775818,0.2364734709262848,0.2236306220293045,1.1529498100280762,0.0564595572650432,0.1936907768249511,1.078967571258545,-0.095577985048294,0.1704811006784439,1.1101576089859009,-0.1196450889110565,0.2834596037864685,1.002800703048706,0.1691596210002899,0.1345171332359314,1.1488826274871826,0.1289706081151962,-0.0582341402769088,1.1613149642944336,0.2214342653751373,-0.012944970279932,0.9997864961624146
0.0,0.0,0.9744120836257936,0.0962373986840248,-0.0409847572445869,0.9817053079605104,0.0738284140825271,-0.0006407797336578,0.4926199316978454,0.0322859957814216,-0.0113061666488647,0.0,-0.0962350815534591,0.0409991592168808,0.9671287536621094,-0.0687860399484634,0.0223590731620788,0.4958450496196747,-0.0814701467752456,-0.0469598770141601,0.0027709603309631,0.0719574615359306,0.0880850404500961,1.1172888278961182,0.1203752309083938,0.2047350704669952,1.105568528175354,0.123466171324253,0.2880154252052307,1.136529564857483,0.2453610897064209,0.2226639539003372,1.1592254638671875,0.0530945137143135,0.2006152272224426,1.0724259614944458,-0.086413100361824,0.1873143315315246,1.1055363416671753,-0.121436208486557,0.2823081016540527,1.0042378902435305,0.17300945520401,0.1379577666521072,1.1501792669296265,0.1456067115068435,-0.0599361658096313,1.1562294960021973,0.2428974509239196,-0.0158288143575191,1.0033073425292969
0.0,0.0,0.9802349805831908,0.0961008891463279,-0.0432017035782337,0.9892174601554872,0.0741530507802963,0.0022438466548919,0.4974123239517212,0.0363473705947399,-0.0087297558784484,0.0,-0.0960980206727981,0.0432153232395648,0.9712620377540588,-0.0674677044153213,0.0289307832717895,0.4994803071022033,-0.0839432477951049,-0.0345023274421691,0.0066157579421997,0.0777166783809661,0.089695855975151,1.1247758865356443,0.1226230487227439,0.2125682532787323,1.1176661252975464,0.1163359358906745,0.295003205537796,1.147533297538757,0.2474350035190582,0.2260040640830993,1.1709792613983154,0.0631053671240806,0.2119627743959427,1.0818225145339966,-0.0849156826734542,0.2030893862247467,1.10715651512146,-0.1199636459350586,0.2932878136634826,1.0109854936599731,0.1733812242746353,0.1433313339948654,1.157433271408081,0.147354245185852,-0.0585815608501434,1.1535439491271973,0.2436671257019043,-0.0170829817652702,1.0020655393600464
0.0,0.0,0.9832186102867126,0.09628926217556,-0.0419904291629791,0.992889165878296,0.0773633122444152,0.0120193362236022,0.5000618696212769,0.0400234535336494,-0.0010583996772766,0.0,-0.0962859094142913,0.0420053303241729,0.973557472229004,-0.0635392591357231,0.0458362698554992,0.4993651509284973,-0.0776950344443321,-0.0076657533645629,0.0068113207817077,0.074011743068695,0.0831836387515068,1.129448175430298,0.1088863760232925,0.2044935822486877,1.1217410564422607,0.1079761385917663,0.2763768434524536,1.1603524684906006,0.238548144698143,0.205706849694252,1.1686005592346191,0.0488223247230052,0.2137677073478698,1.0773429870605469,-0.0912918895483017,0.2091788798570633,1.1075037717819214,-0.1200738549232482,0.3111814856529236,1.02410888671875,0.1620140075683593,0.1308866739273071,1.159013748168945,0.1391484886407852,-0.058069109916687,1.1518535614013672,0.222839742898941,-0.0234651304781436,0.9875454902648926
0.0,0.0,0.9805704355239868,0.0941982418298721,-0.0394996181130409,0.9919782280921936,0.0772565528750419,0.0121946632862091,0.4962794184684753,0.0424659997224807,-0.0121959447860717,0.0,-0.0941944271326065,0.0395143739879131,0.9691722393035888,-0.0583526566624641,0.0541219413280487,0.4926027953624725,-0.0773979127407074,-0.0082385540008544,0.0030089020729064,0.0710031315684318,0.0727308690547943,1.1285806894302368,0.102592222392559,0.1936437636613845,1.1218096017837524,0.1033057272434234,0.2621123790740967,1.1627551317214966,0.2282522767782211,0.1893971860408783,1.1760485172271729,0.0453671030700206,0.201986476778984,1.078162431716919,-0.0920526385307312,0.1966613531112671,1.1084729433059692,-0.1201485395431518,0.3063548505306244,1.0160257816314695,0.1541773378849029,0.1192093193531036,1.1598663330078125,0.136017844080925,-0.0503763258457183,1.1479662656784058,0.212114006280899,-0.0198869798332452,0.9733240604400636
0.0,0.0,0.976654052734375,0.0913450196385383,-0.0368572473526001,0.988109052181244,0.0790810734033584,0.0123434364795684,0.4910239577293396,0.0395710095763206,-0.0234951972961425,0.0,-0.0913416892290115,0.0368718281388282,0.9652088284492492,-0.0564883425831794,0.0630646646022796,0.4878009557723999,-0.0778558775782585,-0.0140056014060974,0.0029140710830688,0.0655609369277954,0.0659384876489639,1.1230067014694214,0.0954951867461204,0.1855300813913345,1.1191564798355105,0.1032341048121452,0.2534398734569549,1.1652612686157229,0.2333731204271316,0.1814117431640625,1.174438714981079,0.038200169801712,0.1939252316951751,1.0708935260772705,-0.071315973997116,0.2051457315683365,1.1019734144210815,-0.0987879037857055,0.3305885195732116,1.011117458343506,0.1452848464250564,0.1095903068780899,1.1566543579101562,0.1212691664695739,-0.0506328046321868,1.1395788192749023,0.2085611224174499,-0.0103821530938148,0.9686297178268432
0.0,0.0,0.969562292098999,0.0918067321181297,-0.0360309965908527,0.9798108339309692,0.082764595746994,0.019071340560913,0.486576646566391,0.0417171046137809,-0.0239304900169372,0.0,-0.0918037295341491,0.0360453985631465,0.9593237042427064,-0.0515097007155418,0.0742129385471344,0.4804796576499939,-0.0749433040618896,-0.0100840330123901,0.0024330615997314,0.058476485311985,0.0678652375936508,1.1193593740463257,0.0954727381467819,0.1840925067663192,1.119770050048828,0.1141724213957786,0.2426334619522094,1.1705379486083984,0.2302844226360321,0.1787169128656387,1.1816096305847168,0.0378656722605228,0.1917115896940231,1.0690213441848757,-0.0618643164634704,0.2067886441946029,1.0950169563293457,-0.0893276929855346,0.3396190106868744,1.0035332441329956,0.1408247053623199,0.1086091846227645,1.1554319858551023,0.1159266233444213,-0.0520181804895401,1.1360822916030884,0.1991884708404541,-0.0063708703964948,0.9617342948913574
0.0,0.0,0.967896044254303,0.0933103263378143,-0.0381834916770458,0.9747318029403688,0.0835960805416107,0.0248465836048126,0.4833960235118866,0.0399801880121231,-0.0160768628120422,0.0,-0.0933080315589904,0.038198322057724,0.9610704183578492,-0.0407927185297012,0.0884576439857482,0.4820133745670318,-0.0688676610589027,-0.000637948513031,0.011441171169281,0.0545883737504482,0.0715893357992172,1.1195732355117798,0.0973959267139434,0.1921289563179016,1.1179850101470947,0.1253003031015396,0.2433386594057083,1.1752140522003174,0.2459500283002853,0.1796579658985138,1.1810054779052734,0.0331001691520214,0.2002097070217132,1.0563455820083618,-0.0570669770240783,0.2092578411102295,1.0881189107894895,-0.0811174213886261,0.3492474555969238,0.9998961687088012,0.1449266076087951,0.1163771599531173,1.1582224369049072,0.1188726127147674,-0.0481822937726974,1.1419217586517334,0.2045075297355651,0.0090459566563367,0.9675414562225342
0.0,0.0,0.9699890613555908,0.0953862741589546,-0.0446794219315052,0.9723957777023317,0.0954711884260177,0.0367782115936279,0.4788019955158233,0.0561250373721122,-0.0065399408340454,0.0,-0.0953837037086486,0.0446949265897274,0.9675924181938172,-0.0315580405294895,0.099349558353424,0.4821405112743377,-0.0568773113191127,0.0098162293434143,0.0114881992340087,0.0569722652435302,0.0757570266723632,1.1270381212234497,0.1142294555902481,0.2006952166557312,1.1265530586242676,0.1315165907144546,0.248736634850502,1.1864218711853027,0.2586147487163543,0.1904345154762268,1.1975406408309937,0.053301203995943,0.2176919877529144,1.064642310142517,-0.0334439128637313,0.2406360059976577,1.0875201225280762,-0.0476723462343215,0.3895245492458343,1.0012118816375732,0.1599201411008834,0.1192466914653778,1.1666626930236816,0.1282799541950225,-0.0545515269041061,1.1563451290130615,0.225997969508171,0.0114236213266849,0.9745051264762878
0.0,0.0,0.9696592092514038,0.0963657200336456,-0.0494940802454948,0.9715839624404908,0.0971746519207954,0.0343554019927978,0.4755440354347229,0.0680979341268539,-0.0013509392738342,0.0,-0.0963625162839889,0.0495105758309364,0.9677438139915466,-0.0309488698840141,0.1087897419929504,0.4777054786682129,-0.0501262582838535,0.0247601270675659,0.0085171461105346,0.0499199442565441,0.080040842294693,1.1261781454086304,0.1127720475196838,0.199759840965271,1.1277868747711182,0.144004225730896,0.2490912973880767,1.1927261352539062,0.2652912139892578,0.1938290297985077,1.1954723596572876,0.0425336882472038,0.2270616739988327,1.063610553741455,-0.0319674462080001,0.2397298514842987,1.096178650856018,-0.0563370287418365,0.3957723975181579,1.0182864665985107,0.1663493663072586,0.1131330430507659,1.1711022853851318,0.1336064487695694,-0.0768954008817672,1.1699702739715576,0.2271880209445953,-0.0130927078425884,0.9933070540428162
0.0,0.0,0.979848861694336,0.1007879078388214,-0.051046498119831,0.9845066666603088,0.1036283522844314,0.0421476364135742,0.4816530346870422,0.0855050832033157,0.0199594497680664,0.0,-0.1007851362228393,0.0510628372430801,0.9752002954483032,-0.0299632176756858,0.1222890615463256,0.4789135456085205,-0.0574496909976005,0.0313161015510559,0.0118829011917114,0.0488525554537773,0.0833597928285598,1.1400786638259888,0.1078481450676918,0.2023802399635315,1.1427937746047974,0.1420051455497741,0.2618345618247986,1.202176570892334,0.2781871855258941,0.1970178931951522,1.206681251525879,0.0331916250288486,0.2322267889976501,1.0830059051513672,-0.0459510535001754,0.2303316593170166,1.1230120658874512,-0.0732826292514801,0.3972930610179901,1.0412349700927734,0.1690428406000137,0.1141902208328247,1.185258388519287,0.1463041305541992,-0.0924232974648475,1.1846792697906494,0.2244010269641876,-0.0268690530210733,1.0071197748184204
0.0,0.0,0.979546844959259,0.1028509885072708,-0.0475446954369545,0.9857392311096193,0.0994806140661239,0.0424636006355285,0.4778978228569031,0.0871447473764419,0.027425467967987,0.0,-0.1028484478592872,0.0475610494613647,0.9733635783195496,-0.0349199548363685,0.118393063545227,0.4740445613861084,-0.0663091018795967,0.015324592590332,0.0089333653450012,0.0474017038941383,0.0807800441980362,1.1396546363830566,0.0949035659432411,0.1951105594635009,1.1393325328826904,0.134259819984436,0.2551765441894531,1.1935014724731443,0.2872104048728943,0.1850785017013549,1.1838490962982178,0.0179687142372131,0.2253319919109344,1.0835191011428833,-0.0524251461029052,0.2240102589130401,1.1333239078521729,-0.0830316543579101,0.3917749226093292,1.0498456954956057,0.1611555218696594,0.1127218902111053,1.184600591659546,0.1476188600063324,-0.0945092290639877,1.1856927871704102,0.2151719182729721,-0.0427199080586433,1.0067644119262695
0.0,0.0,1.002413988113403,0.1070112437009811,-0.0448660627007484,1.012630820274353,0.0978682339191436,0.0387177467346191,0.4882735013961792,0.0920588076114654,0.0291019678115844,0.0,-0.1070088446140289,0.0448825135827064,0.9922063946723938,-0.0399229824542999,0.1139345169067382,0.4784024357795715,-0.0736653208732605,6.240606307983398e-05,0.0108097791671752,0.0456061325967311,0.0792860090732574,1.1675150394439695,0.0872090086340904,0.1886842846870422,1.1775882244110107,0.1330790817737579,0.2385391443967819,1.225298523902893,0.2850160598754883,0.1744590848684311,1.210188865661621,0.0063227862119674,0.2151560485363006,1.123625874519348,-0.0741478651762008,0.2093894630670547,1.16497004032135,-0.1008540391921997,0.3684960305690765,1.0663783550262451,0.1552951633930206,0.1105323731899261,1.224909782409668,0.1591066718101501,-0.1019722819328308,1.2136420011520386,0.2165417224168777,-0.0615671500563621,1.0107969045639038
0.0,0.0,1.0058343410491943,0.1039638370275497,-0.0405918583273887,1.0160119533538818,0.0956406220793724,0.0338087677955627,0.4824970364570617,0.0927464142441749,0.0203557014465332,0.0,-0.1039619967341423,0.0406088009476661,0.9956664443016052,-0.0414152890443801,0.1020721495151519,0.4771486520767212,-0.0689087733626365,-0.0122268199920654,0.01096111536026,0.0477667711675167,0.0776607096195221,1.168326497077942,0.0846505761146545,0.1810590177774429,1.1821095943450928,0.1301813125610351,0.2234444618225097,1.23331880569458,0.2931818068027496,0.1614582538604736,1.200882911682129,0.0054034367203712,0.2038554549217224,1.1323379278182983,-0.0698503255844116,0.194486379623413,1.1772520542144775,-0.0906554609537124,0.3529039621353149,1.0736043453216553,0.1514604687690735,0.1094134598970413,1.2319893836975098,0.1642847061157226,-0.0971431955695152,1.222077488899231,0.2280851602554321,-0.0573266893625259,1.0079551935195925
0.0,0.0,1.0072120428085327,0.1016603261232376,-0.0371855869889259,1.0163840055465698,0.0901682004332542,0.0226789712905883,0.4786140918731689,0.087501436471939,-0.0003201961517333,0.0,-0.1016576737165451,0.0372027717530727,0.9980499744415284,-0.0459866560995578,0.0758329927921295,0.4718775749206543,-0.0732214599847793,-0.0235682725906372,0.0094294548034667,0.0513760857284069,0.0780324041843414,1.16810405254364,0.0854061394929885,0.1755007207393646,1.195472240447998,0.1306086629629135,0.2130257785320282,1.243382692337036,0.2870551347732544,0.1580155491828918,1.2204594612121582,0.0072744935750961,0.1921942830085754,1.1453770399093628,-0.0870760381221771,0.172608271241188,1.184291124343872,-0.0889124721288681,0.317807674407959,1.0748114585876465,0.1494755446910858,0.108903169631958,1.2450065612792969,0.1833472847938537,-0.0932378619909286,1.223885178565979,0.2429052740335464,-0.0353313311934471,0.9982806444168092
0.0,0.0,0.9941937327384948,0.0974411070346832,-0.035998560488224,1.0002630949020386,0.0793409198522567,0.0140982270240783,0.4655736684799194,0.0695622563362121,-0.0203377604484558,0.0,-0.0974373221397399,0.0360145531594753,0.988134503364563,-0.0478383004665374,0.0618532598018646,0.46359384059906,-0.0797363072633743,-0.0279083251953125,0.0076293349266052,0.0422426126897335,0.0651559978723526,1.1557596921920776,0.0697659030556678,0.1537696421146392,1.1959636211395264,0.1275762319564819,0.1829872280359268,1.2434747219085691,0.2773984372615814,0.130884051322937,1.2040940523147583,-0.0061894208192825,0.1691333800554275,1.1440112590789795,-0.1049494892358779,0.1390575170516967,1.1794878244400024,-0.103109985589981,0.2747823894023895,1.0680944919586182,0.1329056620597839,0.0942712724208831,1.2505954504013062,0.1797210276126861,-0.0916810929775238,1.2328622341156006,0.2492978274822235,-0.0092766946181654,1.0001466274261477
0.0,0.0,0.9774198532104492,0.0963764041662216,-0.0373401902616024,0.982397437095642,0.0684733986854553,0.009974718093872,0.4542606472969055,0.0427186489105224,-0.0474205017089843,0.0,-0.0963722765445709,0.0373546555638313,0.9724525809288024,-0.0513073988258838,0.0578388571739196,0.4548953771591186,-0.0935023576021194,-0.0436354279518127,0.0080843567848205,0.0351419523358345,0.0478009134531021,1.1411714553833008,0.0537738278508186,0.1271974891424179,1.1938300132751465,0.1034684628248214,0.1539956033229828,1.2443264722824097,0.2567867040634155,0.095079481601715,1.2025196552276611,-0.0194117426872253,0.1410249471664428,1.1400786638259888,-0.1245825588703155,0.1087885200977325,1.1758450269699097,-0.1180617809295654,0.2393932342529297,1.0480294227600098,0.1186307072639465,0.074649691581726,1.2512803077697754,0.1757472455501556,-0.089669644832611,1.2356185913085938,0.2434026002883911,0.0160134751349687,0.9971858263015748
0.0,0.0,0.9565030336380004,0.0959861129522323,-0.0375060103833675,0.9604299664497375,0.051522921770811,-0.0015695095062255,0.4386385679244995,0.0176474675536155,-0.0811875462532043,0.0,-0.095981553196907,0.0375212430953979,0.9525863528251648,-0.0575117021799087,0.0519699454307556,0.4396336078643799,-0.1035561263561248,-0.0646728873252868,0.0006008744239807,0.0276240985840559,0.0383523553609848,1.1223199367523191,0.0443770214915275,0.1099901348352432,1.1844271421432495,0.0877165347337722,0.1271452605724334,1.2404358386993408,0.2401025295257568,0.0686899721622467,1.183896541595459,-0.0272020027041435,0.1245392560958862,1.1293364763259888,-0.1266666203737259,0.091445118188858,1.166358470916748,-0.1220865398645401,0.2163791954517364,1.029313564300537,0.1109485700726509,0.064012199640274,1.2415719032287598,0.1741735786199569,-0.0765071809291839,1.2303098440170288,0.2364780306816101,0.0381175577640533,0.9989367723464966
0.0,0.0,0.935266613960266,0.0960243642330169,-0.0376631170511245,0.938275933265686,0.0487501807510852,0.009695291519165,0.4263442754745483,0.0069376975297927,-0.0824849605560302,0.0,-0.0960198864340782,0.0376793816685676,0.932267129421234,-0.0657582879066467,0.0443406701087951,0.4250120520591736,-0.1166114807128906,-0.0809212327003479,0.0017367601394653,0.0221482254564762,0.0359857231378555,1.10444176197052,0.0453065410256385,0.1085584163665771,1.1863096952438354,0.0929093062877655,0.1173001527786254,1.241261005401611,0.220353364944458,0.0621065199375152,1.19325590133667,-0.0315183699131011,0.1270995438098907,1.1249030828475952,-0.1293132752180099,0.1016380786895752,1.1419130563735962,-0.1115434467792511,0.2122523039579391,1.013821363449097,0.1152400448918342,0.0555867850780487,1.2402714490890503,0.1961026191711425,-0.076581671833992,1.2238295078277588,0.238058865070343,0.0469259694218635,0.9902710914611816
0.0,0.0,0.9121940732002258,0.0981894582509994,-0.0349740944802761,0.9162759780883788,0.0484914034605026,0.0332735478878021,0.4158189296722412,0.009549356997013,-0.0573604702949523,0.0,-0.0981848388910293,0.0349903218448162,0.9081218838691713,-0.0641364827752113,0.0484853982925415,0.4095886945724487,-0.1124113649129867,-0.0668095350265502,0.0019363164901733,0.0253246650099754,0.0324200242757797,1.0861997604370115,0.0445092096924781,0.1081969141960144,1.1784480810165403,0.0832335203886032,0.1156904101371765,1.24436354637146,0.209729254245758,0.0437455475330352,1.1846692562103271,-0.0377990752458572,0.1296078562736511,1.1192193031311035,-0.1299836933612823,0.117006242275238,1.1302434206008911,-0.1040353626012802,0.217577189207077,1.0078239440917969,0.1249706819653511,0.0556918084621429,1.2321350574493408,0.2011114954948425,-0.0664081871509552,1.2184696197509766,0.2388887405395507,0.0607678219676017,0.9895060062408448
0.0,0.0,0.8796927332878113,0.1034908592700958,-0.0349906459450721,0.8847107291221619,0.0599295794963836,0.0384319722652435,0.4063531756401062,0.0239306390285491,-0.0398458242416381,0.0047915577888488,-0.1034856587648391,0.0350050292909145,0.8746848702430725,-0.0615432634949684,0.0598632395267486,0.3931966125965118,-0.1160855442285537,-0.0484745502471923,0.0,0.026741873472929,0.0299821346998214,1.0641179084777832,0.0517487376928329,0.1098889112472534,1.1755220890045166,0.0849861800670623,0.1249344646930694,1.2502737045288086,0.1877428293228149,0.0391199886798858,1.2020288705825806,-0.0462848171591758,0.1307592988014221,1.111649751663208,-0.1573218405246734,0.0957099795341491,1.1039988994598389,-0.1268948167562484,0.1772130131721496,0.9720408916473388,0.1449098885059356,0.0546171963214874,1.223522663116455,0.2201113104820251,-0.0724032074213028,1.195963740348816,0.2511196136474609,0.063905231654644,0.9750826358795166
0.0,0.0,0.8449410200119019,0.1075236573815345,-0.0357088446617126,0.8472092151641846,0.0633395016193389,0.0413742363452911,0.3918439745903015,0.042751058936119,-0.0323793888092041,0.0094664096832275,-0.1075178384780883,0.0357223376631736,0.842684268951416,-0.0559858754277229,0.0690061450004577,0.3845134377479553,-0.1248150020837783,-0.0338796973228454,0.0,0.0217986330389976,0.018151506781578,1.038269281387329,0.0535463504493236,0.0984163880348205,1.1689856052398682,0.0883433744311332,0.1159248650074005,1.253056526184082,0.1686532199382782,0.0222826898097991,1.2011127471923828,-0.0579820573329925,0.1234191507101059,1.102355718612671,-0.1748908162117004,0.0636837631464004,1.0766522884368896,-0.1439287066459655,0.1402881890535354,0.9499672055244446,0.1531702876091003,0.0405178666114807,1.2096019983291626,0.2132477462291717,-0.1007289588451385,1.172205686569214,0.24708092212677,0.0540025606751441,0.9654889106750488
0.0,0.0,0.7989209294319153,0.1109826490283012,-0.0334954038262367,0.7985871434211731,0.0693456083536148,0.0614219605922699,0.3663084805011749,0.0655857995152473,-0.0035148859024047,0.0050257444381713,-0.110977679491043,0.0335077792406082,0.7992660403251648,-0.0456854403018951,0.0836448669433593,0.369532436132431,-0.1137525737285614,0.0038140416145324,0.0,0.0187557376921176,-0.0023700892925262,0.9949607849121094,0.0436941459774971,0.0745026171207428,1.1457217931747437,0.0646968409419059,0.0958612561225891,1.2373011112213137,0.1393536925315857,-0.0102133452892303,1.1926196813583374,-0.0746243298053741,0.1020659804344177,1.0733990669250488,-0.1785506308078766,0.0528938919305801,1.0084465742111206,-0.1256115138530731,0.1315396130084991,0.8933537006378174,0.151764690876007,0.0165933966636657,1.1689224243164062,0.2181794792413711,-0.1182433515787124,1.090173602104187,0.2426118105649948,0.0496020391583442,0.9077494144439696
0.0,0.0,0.7592917084693909,0.1115180552005767,-0.0306823458522558,0.7569419741630554,0.0767192095518112,0.0891441404819488,0.3409922122955322,0.087689995765686,0.0332949161529541,0.0,-0.1115141883492469,0.0306938719004392,0.7616519927978516,-0.0386547297239303,0.0993707180023193,0.3570764064788818,-0.0898934006690979,0.0480421185493469,0.0027406811714172,0.0159923993051052,-0.0128548592329025,0.9557539820671082,0.0344149135053157,0.0524909496307373,1.121665596961975,0.0538128912448883,0.0707196295261383,1.2160208225250244,0.1137699335813522,-0.0389691889286041,1.175013542175293,-0.0812427103519439,0.0906202495098114,1.0439614057540894,-0.1496233940124511,0.0932452678680419,0.940523624420166,-0.0602939575910568,0.1899572610855102,0.851060152053833,0.1491540372371673,-0.0003904104232788,1.1272461414337158,0.2334410548210144,-0.0929590910673141,1.0135185718536377,0.2459722906351089,0.086398996412754,0.8499252796173096
0.0,0.0,0.6808688044548035,0.1061941161751747,-0.0249986425042152,0.6793965101242065,0.0699183866381645,0.0787141025066375,0.3060602843761444,0.0973126739263534,0.0387343764305114,0.0,-0.1061917096376419,0.0250064171850681,0.6823495626449585,-0.045717678964138,0.1013093590736389,0.3238621950149536,-0.0743961855769157,0.0609321594238281,0.0002841353416442,0.0093479007482528,-0.0149345099925994,0.8749741315841675,0.0167390443384647,0.0257867276668548,1.0672849416732788,0.037075474858284,0.0362963676452636,1.1642903089523315,0.0649606585502624,-0.0676439404487609,1.1466877460479736,-0.0941788703203201,0.0764520764350891,0.9910800457000732,-0.1296420097351074,0.1400627046823501,0.8388549089431763,-0.0161996781826019,0.2173578739166259,0.76072096824646,0.1351315826177597,-0.0250291526317596,1.0505757331848145,0.2351464629173278,-0.0757923871278762,0.8947325348854065,0.2172242105007171,0.0863209813833236,0.7438114881515503
