0.0,0.0,0.6402013897895813,-0.1202137768268585,0.0571676939725875,0.6391333937644958,-0.086197406053543,0.035757303237915,0.1739229559898376,0.0512942560017108,0.2218452394008636,0.020173966884613,0.1202147901058197,-0.0571669675409793,0.6412781476974487,0.0873693525791168,-0.0852529108524322,0.1957974433898925,0.1542838811874389,0.1315040588378906,0.0,-0.0074854511767625,-0.0042122304439544,0.904700756072998,-0.0417006090283393,-0.0354611575603485,1.1568665504455566,-0.0676517561078071,-0.099668800830841,1.2664694786071775,-0.0589255355298519,-0.077358067035675,1.3777282238006592,0.1145396381616592,-0.0821689963340759,1.1475324630737305,0.2701925039291382,-0.1379972249269485,0.9089974164962769,0.2387072443962097,-0.2218692600727081,0.6769918203353882,-0.1684885770082473,0.0537779927253723,1.115515112876892,-0.3112015426158905,0.1097027659416198,0.8648992776870728,-0.3780369758605957,-0.0055995061993598,0.6618915796279907
0.0,0.0,0.6473483443260193,-0.121019035577774,0.0557774379849433,0.6456079483032227,-0.0862322300672531,0.0358470976352691,0.1808967590332031,0.0531124994158744,0.2287452518939972,0.0235480666160583,0.1210198551416397,-0.0557769052684307,0.6490975618362427,0.0843037813901901,-0.0810451805591583,0.2046238183975219,0.1487998068332672,0.1354961991310119,0.0,-0.0092799803242087,-0.0067632794380187,0.9117954969406128,-0.0422897860407829,-0.0405968129634857,1.163041114807129,-0.0644101202487945,-0.1068276166915893,1.2716307640075684,-0.057650476694107,-0.0817757248878479,1.3829185962677002,0.1149109005928039,-0.0847927033901214,1.1539417505264282,0.2687165141105652,-0.1356953680515289,0.91374534368515,0.2364176511764526,-0.2206892669200897,0.6828272342681885,-0.1716153621673584,0.0471386909484863,1.12241530418396,-0.3155339360237121,0.1030133366584777,0.872304379940033,-0.3802987337112427,-0.0174728259444236,0.6730918884277344
0.0,0.0,0.6594302654266357,-0.1221061646938324,0.0552164278924465,0.6572976112365723,-0.0864132344722747,0.0357298254966735,0.1929221153259277,0.0543572977185249,0.2355690598487854,0.0276592373847961,0.1221067607402801,-0.055216047912836,0.6615719199180603,0.0800790041685104,-0.0776082277297973,0.2182186841964721,0.1398743093013763,0.1363215446472168,0.0,-0.0101913632825016,-0.0095815658569335,0.923643171787262,-0.0426546558737754,-0.0459154248237609,1.1738762855529783,-0.0632451400160789,-0.113443374633789,1.2820765972137451,-0.0559961274266243,-0.0873152613639831,1.3931639194488523,0.1157393902540206,-0.0880492031574249,1.1640310287475586,0.2672240734100342,-0.1330052614212036,0.9219970107078552,0.2342594265937805,-0.2194655537605285,0.6933702230453491,-0.174324095249176,0.0404220223426818,1.1344799995422363,-0.3206516802310943,0.0960312336683273,0.8840222954750061,-0.3836212158203125,-0.0292079821228981,0.6900672912597656
0.0,0.0,0.6720482707023621,-0.1228546500205993,0.0549180917441844,0.6689338088035583,-0.0874030590057373,0.0366618931293487,0.2050957679748535,0.0575926564633846,0.2441741228103637,0.0336681604385376,0.1228550374507904,-0.0549177005887031,0.675171971321106,0.0746014416217804,-0.0734341740608215,0.2330203354358673,0.1296832859516143,0.1330923438072204,0.0,-0.0130036026239395,-0.0124332904815673,0.9361042976379396,-0.0436958223581314,-0.0523268282413482,1.1852374076843262,-0.0600355640053749,-0.1224406361579895,1.2926921844482422,-0.0549316368997097,-0.0928330421447753,1.403232216835022,0.1154621243476867,-0.092549592256546,1.175336837768555,0.265491783618927,-0.1329820603132248,0.9316449165344238,0.2313165068626403,-0.219676598906517,0.704188346862793,-0.1778518557548523,0.0333857536315918,1.1463642120361328,-0.3260323405265808,0.0898777842521667,0.8970386981964111,-0.3874200582504272,-0.0399493761360645,0.7088870406150818
0.0,0.0,0.6879376173019409,-0.1242233663797378,0.0543585680425167,0.684597373008728,-0.0883256793022155,0.0356671810150146,0.2205906212329864,0.0589125081896781,0.2498113214969635,0.0384647846221923,0.1242235600948333,-0.0543579794466495,0.6912872195243835,0.0691637471318245,-0.0683083534240722,0.2509643733501434,0.116658017039299,0.1330811381340026,0.0,-0.0134334824979305,-0.0145685821771621,0.9519569873809814,-0.0438351854681968,-0.0571449995040893,1.199646234512329,-0.0593445859849453,-0.1280415654182434,1.3067820072174072,-0.0536900386214256,-0.0978323221206665,1.4176781177520752,0.1166626513004303,-0.0952557623386383,1.1892578601837158,0.2637215554714203,-0.1299291998147964,0.9439610838890076,0.2292843759059906,-0.2188684344291687,0.718932032585144,-0.1800121217966079,0.027115374803543,1.1626107692718506,-0.330147385597229,0.0838454663753509,0.9134608507156372,-0.3911706209182739,-0.0499110072851181,0.7305074334144592
0.0,0.0,0.7027641534805298,-0.1244141310453414,0.054675780236721,0.6991161108016968,-0.0900176018476486,0.0359027683734893,0.2365984320640564,0.0634716600179672,0.256321907043457,0.0424054861068725,0.1244141459465026,-0.0546749122440815,0.7064215540885925,0.0629590153694152,-0.0621703267097473,0.2680376470088959,0.1057718396186828,0.1343238949775695,0.0,-0.0150661347433924,-0.0156092196702957,0.966684341430664,-0.0440690293908119,-0.0611493289470672,1.2134685516357422,-0.0560346022248268,-0.1345154345035553,1.3197712898254397,-0.0529819764196872,-0.1032869815826416,1.429973840713501,0.1167168468236923,-0.0986636281013488,1.2022086381912231,0.2621586918830871,-0.1309616565704345,0.955742120742798,0.227203220129013,-0.2217405885457992,0.732860803604126,-0.1817296743392944,0.0228575468063354,1.1773213148117063,-0.3339479565620422,0.0792289078235626,0.9287796020507812,-0.3948599100112915,-0.0591918602585792,0.7520936727523804
0.0,0.0,0.7163820266723633,-0.124795377254486,0.0540050007402896,0.713039219379425,-0.0912673100829124,0.0337576866149902,0.2514190673828125,0.0644673034548759,0.259010761976242,0.0452069640159606,0.1247953027486801,-0.0540037713944911,0.7197341918945312,0.0566990599036216,-0.0590002238750457,0.2836399972438812,0.0963993221521377,0.1377061605453491,0.0,-0.0149516081437468,-0.0177405029535293,0.9803223609924316,-0.0436928123235702,-0.0659380555152893,1.225414752960205,-0.0543987527489662,-0.1394487023353576,1.3307616710662842,-0.0514951050281524,-0.108724296092987,1.4413297176361084,0.118143618106842,-0.1014147698879242,1.214460372924805,0.2631269991397857,-0.1282663941383361,0.9677327871322632,0.2270116806030273,-0.2220712304115295,0.7468382716178894,-0.1830185353755951,0.0162778198719024,1.191596746444702,-0.3374294638633728,0.0725395381450653,0.942981481552124,-0.4001869559288025,-0.0686402097344398,0.7704387307167053
0.0,0.0,0.7327355742454529,-0.1248771697282791,0.05426961556077,0.7293317914009094,-0.0943355858325958,0.0316465497016906,0.2707430720329284,0.063918761909008,0.2582957744598388,0.0488320589065551,0.1248772144317627,-0.0542681477963924,0.7361485958099365,0.0515012294054031,-0.0551939606666564,0.3020904064178467,0.0846115872263908,0.139051616191864,0.0,-0.0155684221535921,-0.0186866819858551,0.9964765310287476,-0.0432850234210491,-0.0692254900932312,1.2408374547958374,-0.0513939559459686,-0.1439739167690277,1.3449335098266602,-0.0503256469964981,-0.1118004918098449,1.4549975395202637,0.1185728758573532,-0.1041094660758972,1.2297403812408447,0.2613412141799927,-0.1296803057193756,0.9828325510025024,0.2259106636047363,-0.2275294661521911,0.7627733945846558,-0.1841005980968475,0.0129328668117523,1.208337903022766,-0.337702989578247,0.069600760936737,0.9606157541275024,-0.404858261346817,-0.0718744546175003,0.7896344661712646
0.0,0.0,0.7476829290390015,-0.1253057718276977,0.0545794889330863,0.7448428869247437,-0.0958152934908866,0.0296759605407714,0.2879664897918701,0.0590430498123168,0.256168782711029,0.0497822165489196,0.1253058910369873,-0.0545776523649692,0.7505320906639099,0.0464599430561065,-0.0538877248764038,0.3174198269844055,0.0764405876398086,0.137459397315979,0.0,-0.014453837648034,-0.0202208161354064,1.0111026763916016,-0.0427215993404388,-0.0728819966316223,1.2542330026626587,-0.0510605834424495,-0.1468974649906158,1.3576555252075195,-0.0480785183608531,-0.1142070293426513,1.467045783996582,0.1201793849468231,-0.1067773401737213,1.243403434753418,0.2616006731986999,-0.1306235194206237,0.9966129064559937,0.2259957790374755,-0.2336098849773407,0.7773052453994751,-0.1848342567682266,0.0086632072925567,1.2238613367080688,-0.3391637206077575,0.0646581947803497,0.976254403591156,-0.4109812080860138,-0.0739554315805435,0.8045943379402161
0.0,0.0,0.7593540549278259,-0.1255109906196594,0.0550885275006294,0.7575245499610901,-0.1022015810012817,0.0232481062412261,0.304220587015152,0.0527196377515792,0.2487193048000335,0.0474238395690918,0.125511422753334,-0.0550865530967712,0.7611925005912781,0.0440116301178932,-0.0496595799922943,0.3302598595619201,0.0750197768211364,0.1472004652023315,0.0,-0.0141104292124509,-0.0216293036937713,1.0220093727111816,-0.0431826040148735,-0.0765402913093566,1.2645522356033323,-0.0506736822426319,-0.1515981554985046,1.367119550704956,-0.0482960566878318,-0.1174064874649047,1.4754947423934937,0.120481789112091,-0.1115267872810363,1.2544327974319458,0.260026752948761,-0.136429101228714,1.0087169408798218,0.2243056893348693,-0.242653802037239,0.7888857126235962,-0.1857867836952209,0.0059092044830322,1.235177755355835,-0.3382269442081451,0.0609164834022522,0.9884828329086304,-0.4170557260513305,-0.0719996094703674,0.8117808103561401
0.0,0.0,0.7689760327339172,-0.1270915269851684,0.0539849437773227,0.7687298655509949,-0.1098171696066856,0.0119754970073699,0.3183874785900116,0.0417296066880226,0.238698124885559,0.0452739596366882,0.1270922124385833,-0.0539827235043048,0.7692309617996216,0.0429143458604812,-0.0461750328540802,0.3386459052562713,0.0753133669495582,0.1589396595954895,0.0,-0.0124111277982592,-0.0234145075082778,1.0310184955596924,-0.0441228002309799,-0.0802048742771148,1.272491216659546,-0.0535514615476131,-0.1542644202709198,1.3742523193359375,-0.0484444424510002,-0.1203505992889404,1.4829274415969849,0.1212669610977172,-0.1148062646389007,1.2634979486465454,0.2593801021575928,-0.1398802548646927,1.0180563926696775,0.2240870594978332,-0.2491743415594101,0.7988153696060181,-0.1875472664833068,0.0013538897037506,1.2443857192993164,-0.3381145000457763,0.0545670390129089,0.9975908994674684,-0.4238972663879394,-0.0682121217250824,0.813239336013794
0.0,0.0,0.7755624055862427,-0.1275703161954879,0.0529172420501709,0.7768957018852234,-0.117741972208023,-0.0019527971744537,0.3301511406898498,0.025827333331108,0.2216629981994629,0.0430106520652771,0.1275714933872223,-0.0529149621725082,0.7742376923561096,0.0455050617456436,-0.0386787950992584,0.3449197113513946,0.0813741013407707,0.176122784614563,0.0,-0.0121239908039569,-0.0257438421249389,1.037057399749756,-0.0460545755922794,-0.0844866335391998,1.277818202972412,-0.056673664599657,-0.158535361289978,1.3790781497955322,-0.0514362603425979,-0.1247064471244812,1.4870779514312744,0.1196618825197219,-0.1207912564277648,1.2703715562820437,0.2569139003753662,-0.1490757763385772,1.0266354084014893,0.2223444581031799,-0.2597158253192901,0.8055615425109863,-0.1882573068141937,-0.001825988292694,1.2500371932983398,-0.333912193775177,0.0528876781463623,1.0027284622192385,-0.4252810478210449,-0.0583843141794204,0.8086426854133606
0.0,0.0,0.7856288552284241,-0.1281895190477371,0.0527325086295604,0.7879601120948792,-0.125044047832489,-0.0136808156967163,0.3458278775215149,0.0098169483244419,0.2004770636558532,0.040016770362854,0.1281909346580505,-0.0527302622795105,0.7833060026168823,0.0467850342392921,-0.0319488942623138,0.3534764051437378,0.0838314667344093,0.1890985369682312,0.0,-0.0117845693603158,-0.0277676582336425,1.046822428703308,-0.0484736859798431,-0.0860435664653778,1.2867469787597656,-0.0613487400114536,-0.1582625210285186,1.387527346611023,-0.0546358376741409,-0.1251028776168823,1.495426893234253,0.1174162030220031,-0.1241465508937835,1.2801544666290283,0.2536840438842773,-0.1579469740390777,1.0356792211532593,0.219797134399414,-0.2678561210632324,0.8158655166625977,-0.1893171966075897,-0.0031866133213043,1.2589797973632812,-0.3288449048995971,0.052162691950798,1.0107468366622925,-0.4253867864608764,-0.0462412014603614,0.8084285259246826
0.0,0.0,0.7918070554733276,-0.1274684816598892,0.0533138774335384,0.7948365211486816,-0.1312335729598999,-0.0253606438636779,0.3574401140213012,-0.0073242783546447,0.1736004948616027,0.0353291034698486,0.1274702250957489,-0.0533117726445198,0.7887857556343079,0.0495124831795692,-0.0239980816841125,0.3587368726730346,0.0894826650619506,0.2032437920570373,0.0,-0.012266656383872,-0.0289765894412994,1.052845478057861,-0.0507178306579589,-0.0862934291362762,1.2929010391235352,-0.0652847960591316,-0.1568377017974853,1.393040895462036,-0.0600520148873329,-0.124470055103302,1.5009338855743408,0.1134796440601348,-0.1277462840080261,1.286897897720337,0.2483655214309692,-0.1660821437835693,1.0433491468429563,0.215943694114685,-0.2757973372936249,0.8231278657913208,-0.1889869272708892,-0.0020669698715209,1.264631986618042,-0.3212012052536011,0.0556891709566116,1.0152870416641235,-0.4216881394386291,-0.0295926816761493,0.8046953678131104
0.0,0.0,0.794650137424469,-0.1270364224910736,0.0535069331526756,0.7983448505401611,-0.1352730989456176,-0.0355785489082336,0.366615355014801,-0.021602340042591,0.147009015083313,0.02814781665802,0.1270383894443512,-0.0535048730671405,0.7909635305404663,0.0526198372244834,-0.0154202878475189,0.3600532710552215,0.0964084938168525,0.2189204692840576,0.0,-0.0118872579187154,-0.0296531468629837,1.0554184913635254,-0.0534578189253807,-0.0849101543426513,1.2952980995178225,-0.0716306120157241,-0.1516047716140747,1.3954253196716309,-0.0637216046452522,-0.1206305623054504,1.502186298370361,0.1102915406227111,-0.129507303237915,1.2900463342666626,0.2456060349941253,-0.171593889594078,1.045992136001587,0.2128694653511047,-0.2790999412536621,0.8279561400413513,-0.1896563321352005,-0.0004828572273254,1.2661327123641968,-0.315201997756958,0.0591900646686553,1.015223503112793,-0.4172347486019134,-0.0134242549538612,0.7974359393119812
0.0,0.0,0.794678270816803,-0.1255247592926025,0.0550623908638954,0.7986844778060913,-0.1394267231225967,-0.0436438620090484,0.3714992105960846,-0.0369759909808635,0.113171100616455,0.0190511345863342,0.1255269646644592,-0.0550605319440364,0.7906799912452698,0.0554654970765113,-0.0067443549633026,0.3601430356502533,0.1032971665263176,0.2325642108917236,0.0,-0.0125104896724224,-0.0284738689661026,1.055492281913757,-0.0562595538794994,-0.0819562673568725,1.295923352241516,-0.0764731243252754,-0.1461431384086609,1.396492838859558,-0.0697206035256385,-0.115482747554779,1.5030429363250732,0.1055812537670135,-0.1319796442985534,1.2909069061279297,0.2389017343521118,-0.1828691363334655,1.0484830141067505,0.2056973576545715,-0.2906260788440704,0.8305071592330933,-0.1894466131925583,0.0051548480987548,1.2656569480895996,-0.3063011169433594,0.0674681961536407,1.0145010948181152,-0.4102682471275329,0.003669336438179,0.7914465069770813
0.0,0.0,0.7886908650398254,-0.1242773830890655,0.056064024567604,0.7929830551147461,-0.140726625919342,-0.0506075620651245,0.3688732981681824,-0.0529177337884902,0.0726099014282226,0.0064935088157653,0.1242797374725341,-0.0560618266463279,0.7844066023826599,0.057398498058319,-0.0004109740257263,0.3546687662601471,0.1108021736145019,0.245577335357666,0.0,-0.0117032770067453,-0.0287183076143264,1.049384593963623,-0.0595708228647708,-0.0806581676006317,1.2900583744049072,-0.0856291204690933,-0.1416585147380828,1.3906883001327517,-0.0752309933304786,-0.11422860622406,1.497299313545227,0.10144704580307,-0.1347651183605194,1.2847613096237185,0.2356657087802887,-0.1910068094730377,1.0434640645980835,0.2002196907997131,-0.299324095249176,0.8272225856781006,-0.1892134547233581,0.0093165934085845,1.258143424987793,-0.2992796003818512,0.0746489912271499,1.0076135396957395,-0.4036324024200439,0.0150899123400449,0.7808834314346313
0.0,0.0,0.7818912267684937,-0.1221100389957428,0.0574132911860942,0.7863345742225647,-0.1415279358625412,-0.0528953671455383,0.3658049702644348,-0.0602621585130691,0.0468074083328247,0.0,0.1221126616001129,-0.057410966604948,0.7774556875228882,0.0591854304075241,0.0025654733180999,0.3480560779571533,0.1194019764661789,0.2563354969024658,0.0033366680145263,-0.0123339015990495,-0.0284168869256973,1.042742133140564,-0.0630646347999572,-0.0795804262161254,1.2838811874389648,-0.092631459236145,-0.1378237605094909,1.3841845989227295,-0.0825826227664947,-0.1121934652328491,1.4910151958465576,0.0959837138652801,-0.1379340291023254,1.2783132791519165,0.2306692600250244,-0.1989495456218719,1.0393825769424438,0.1945457458496093,-0.3085701763629913,0.8235501050949097,-0.189032182097435,0.0144258141517639,1.249492645263672,-0.2915040850639343,0.0839587450027465,1.0003247261047363,-0.3960460424423218,0.0269929021596908,0.7718015909194946
0.0,0.0,0.7786792516708374,-0.120512917637825,0.0581465847790241,0.7835743427276611,-0.13759745657444,-0.0548757910728454,0.3642352819442749,-0.0636478215456008,0.0284892320632934,0.0,0.1205155253410339,-0.0581440553069114,0.7737918496131897,0.0619947612285614,0.0003989040851593,0.3455657958984375,0.1331127285957336,0.2767316699028015,0.0170609354972839,-0.0117795430123806,-0.0285458117723464,1.0396438837051392,-0.0648670196533203,-0.0783030986785888,1.280935525894165,-0.0998532846570015,-0.1346116364002227,1.380176067352295,-0.0888472124934196,-0.1117464303970336,1.4889512062072754,0.0926817655563354,-0.139438658952713,1.274924635887146,0.2287816703319549,-0.2021600008010864,1.037167191505432,0.190822571516037,-0.3117424547672272,0.8225001692771912,-0.1875630319118499,0.0184471607208251,1.2442412376403809,-0.2839100062847137,0.0892802029848098,0.9959611296653748,-0.3886919915676117,0.0308892764151096,0.7669823169708252
0.0,0.0,0.7802058458328247,-0.1194532662630081,0.0583798624575138,0.785311222076416,-0.1330302208662033,-0.055043339729309,0.3660022914409637,-0.064563363790512,0.0154640674591064,0.0,0.1194560676813125,-0.0583774372935295,0.7751079797744751,0.0655387192964553,-0.007290095090866,0.3446648120880127,0.1482076346874237,0.2986626029014587,0.0425332784652709,-0.0117636946961283,-0.0275690704584121,1.040609359741211,-0.065611645579338,-0.0755721032619476,1.282348871231079,-0.1032344847917556,-0.1307459473609924,1.380382418632507,-0.09284158796072,-0.1082643866539001,1.4897074699401855,0.0901862829923629,-0.1392670571804046,1.2763633728027344,0.2262694835662841,-0.2028883993625641,1.039425492286682,0.1883116066455841,-0.3133065700531006,0.8257746696472168,-0.1866026520729065,0.0233709216117858,1.243282675743103,-0.2796717882156372,0.0902363657951355,0.9948355555534364,-0.3845708072185516,0.0307773426175117,0.7682892680168152
0.0,0.0,0.782550573348999,-0.1198747158050537,0.058086808770895,0.7877489924430847,-0.1277748644351959,-0.0578042268753051,0.367971271276474,-0.0606621690094471,0.0186840295791625,0.0,0.1198774427175521,-0.0580845959484577,0.7773595452308655,0.0688744634389877,-0.0240280330181121,0.3462593555450439,0.1624953150749206,0.312058687210083,0.0695535540580749,-0.0097738513723015,-0.0261917859315872,1.042318344116211,-0.0639340132474899,-0.0716175436973571,1.2842645645141602,-0.1042950972914695,-0.1254200339317321,1.381356716156006,-0.0926491618156433,-0.1028964519500732,1.491755127906799,0.090876892209053,-0.1374094784259796,1.2786566019058228,0.2257626354694366,-0.2025886178016662,1.0411152839660645,0.186653196811676,-0.3143692016601562,0.8291519284248352,-0.1844713389873504,0.0277979969978332,1.244718313217163,-0.277313768863678,0.0872384160757064,0.9955522418022156,-0.3823119103908539,0.0244736559689044,0.7718914747238159
0.0,0.0,0.7851764559745789,-0.1201661527156829,0.0585687085986137,0.7901861667633057,-0.1217102855443954,-0.0570182204246521,0.3700162470340729,-0.0499885380268096,0.0348689556121826,0.0,0.1201688051223754,-0.0585666708648204,0.7801739573478699,0.0688539966940879,-0.0482174456119537,0.3482943773269653,0.1708452403545379,0.3049955666065216,0.0947287678718566,-0.0089635103940963,-0.0237948298454284,1.0442850589752195,-0.0616928040981292,-0.0674320757389068,1.287134885787964,-0.1021092161536216,-0.122115284204483,1.3832972049713137,-0.09169552475214,-0.098059058189392,1.4935071468353271,0.092523455619812,-0.1352557837963104,1.2818182706832886,0.224793255329132,-0.2042978405952453,1.0440313816070557,0.1863360702991485,-0.3171107769012451,0.8328818678855896,-0.1827892959117889,0.0334523618221282,1.2466223239898682,-0.2780478000640869,0.0846961140632629,0.9965120553970336,-0.3835468292236328,0.0167487375438213,0.7782297134399414
0.0,0.0,0.7828959822654724,-0.1218794584274292,0.0570171028375625,0.7880597114562988,-0.115269511938095,-0.053468257188797,0.3653176426887512,-0.0333744138479232,0.0700403451919555,0.0,0.1218818724155426,-0.0570151321589946,0.777739405632019,0.0696055442094802,-0.0742805004119873,0.3468148112297058,0.1739192008972168,0.2883452177047729,0.1114583611488342,-0.007895590737462,-0.0229659676551818,1.041958928108215,-0.0591537356376647,-0.0656628012657165,1.2853538990020752,-0.1000662446022033,-0.1209883689880371,1.380901575088501,-0.0893706157803535,-0.0978451967239379,1.4917736053466797,0.0957761406898498,-0.1326606571674347,1.2800090312957764,0.2263423800468444,-0.2010562270879745,1.0408544540405271,0.1858147382736206,-0.3176133632659912,0.8317428827285767,-0.1825308799743652,0.0337191820144653,1.2452181577682495,-0.283875048160553,0.0749940574169159,0.9948240518569946,-0.3909535408020019,-0.003165990114212,0.782138466835022
0.0,0.0,0.7776581645011902,-0.1227487325668335,0.0566968619823455,0.7829812169075012,-0.1069857701659202,-0.0422071516513824,0.3569782972335815,-0.0116078965365886,0.1179261207580566,0.0,0.1227509081363678,-0.0566951930522918,0.7723422646522522,0.0639917477965354,-0.1046087741851806,0.3435499966144562,0.1702540814876556,0.2515235245227813,0.1170678734779357,-0.0089337341487407,-0.0225189626216888,1.0368449687957764,-0.0578513443470001,-0.0659595429897308,1.2804725170135498,-0.0972482115030288,-0.1223824024200439,1.37599515914917,-0.0874060243368148,-0.0983731746673584,1.48661470413208,0.0979136526584625,-0.1327871084213256,1.2753064632415771,0.2271502912044525,-0.199373185634613,1.036047339439392,0.1863789856433868,-0.3197561204433441,0.8284500241279602,-0.1842696219682693,0.0330955982208251,1.2401769161224363,-0.29165118932724,0.0661934316158294,0.99083411693573,-0.4005635380744934,-0.0240385495126247,0.7873703241348267
0.0,0.0,0.7757349014282227,-0.1228503882884979,0.0564009957015514,0.780727207660675,-0.09885223954916,-0.0294213891029357,0.3507477641105652,0.0055971816182136,0.1553385853767395,0.0,0.1228522807359695,-0.0563993379473686,0.7707497477531433,0.0560802444815635,-0.1330444812774658,0.3467530608177185,0.1607024818658828,0.2094750106334686,0.1174957156181335,-0.0095219789072871,-0.0210382938385009,1.035135269165039,-0.0554121360182762,-0.0643393993377685,1.279049277305603,-0.0924925208091735,-0.1223168969154357,1.374052882194519,-0.0841486752033233,-0.0991603732109069,1.485492706298828,0.0997795760631561,-0.1304207146167755,1.2722010612487793,0.2263532876968383,-0.1987062841653823,1.0322468280792236,0.1821850836277008,-0.3232965767383575,0.827795147895813,-0.1846522688865661,0.03278648853302,1.2397568225860596,-0.2991037964820862,0.0590179562568664,0.9926869869232178,-0.4100249409675598,-0.0464299842715263,0.798655092716217
0.0,0.0,0.7735511660575867,-0.1228700429201126,0.0555827245116233,0.778300940990448,-0.0903039574623107,-0.0120364129543304,0.3444121479988098,0.0210023820400238,0.1918133497238159,0.0,0.1228716969490051,-0.0555809549987316,0.7688086628913879,0.0484388023614883,-0.1550156474113464,0.3498133718967438,0.1515673249959945,0.1721037626266479,0.1130908727645874,-0.0114814387634396,-0.0199005454778671,1.03338360786438,-0.053835779428482,-0.0653518438339233,1.277538776397705,-0.0873829424381256,-0.1247919201850891,1.3721923828125,-0.0811701416969299,-0.1013736128807067,1.4835517406463623,0.1021976023912429,-0.1271996200084686,1.2696372270584106,0.2281817197799682,-0.1897864341735839,1.028721809387207,0.1816697716712951,-0.3178295493125915,0.8297626972198486,-0.1867800056934356,0.0289407968521118,1.2381986379623413,-0.3104617595672607,0.0472142696380615,0.9933179020881652,-0.4217132329940796,-0.0737067461013794,0.8119624853134155
0.0,0.0,0.7692117691040039,-0.122021198272705,0.054984264075756,0.7735059857368469,-0.0836950838565826,-0.0002403557300567,0.3377247452735901,0.0338035970926284,0.2223719358444214,0.0,0.1220227181911468,-0.0549823306500911,0.7649248838424683,0.040321722626686,-0.1744910180568695,0.3535294234752655,0.1424662768840789,0.1407885551452636,0.1079409122467041,-0.0120901456102728,-0.0204829275608062,1.0295971632003784,-0.052324466407299,-0.0674814283847808,1.2737083435058594,-0.0835476666688919,-0.126414805650711,1.3689639568328855,-0.0771517753601074,-0.1031802892684936,1.480356216430664,0.1036242395639419,-0.1259452998638153,1.2647751569747925,0.2288251519203186,-0.1837384551763534,1.0228922367095947,0.1782459914684295,-0.3183515071868896,0.8300179243087769,-0.1870173960924148,0.0239567160606384,1.236006498336792,-0.3190776109695434,0.0385812669992446,0.9951534271240234,-0.4294959008693695,-0.0953804701566696,0.8242147564888
0.0,0.0,0.7673109173774719,-0.1214308887720108,0.0556002035737037,0.7709677815437317,-0.0772095620632171,0.0169087648391723,0.3336236774921417,0.0441886857151985,0.2502176761627197,0.0,0.1214322000741958,-0.0555979721248149,0.7636613845825195,0.0314739868044853,-0.1872206330299377,0.3580546081066131,0.1313284486532211,0.1026395559310913,0.094338059425354,-0.0131515767425298,-0.0200389623641967,1.0284135341644287,-0.049660600721836,-0.0692642927169799,1.2721142768859863,-0.0765682086348533,-0.1296338438987732,1.3689770698547363,-0.0735911577939987,-0.105226457118988,1.4797134399414062,0.106857880949974,-0.1233192086219787,1.26215660572052,0.2301465272903442,-0.1769040822982788,1.0193837881088257,0.1762157678604126,-0.3167943656444549,0.8315856456756592,-0.1873614639043808,0.0201045274734497,1.2351242303848269,-0.3284958004951477,0.0298010855913162,0.9968668818473816,-0.4353234767913818,-0.11511941999197,0.8379548788070679
0.0,0.0,0.7639236450195312,-0.1200823187828064,0.056403387337923,0.7670503854751587,-0.0713691860437393,0.028965950012207,0.3301342725753784,0.0525434613227844,0.2745028734207153,0.0,0.120083600282669,-0.056400716304779,0.760804295539856,0.0220001339912414,-0.1960818171501159,0.3613815605640411,0.1173817664384841,0.0600274205207824,0.0802055597305297,-0.0123522253707051,-0.0202581137418746,1.0254924297332764,-0.0462720319628715,-0.0702504813671112,1.2691574096679688,-0.0711906254291534,-0.131657987833023,1.3668835163116455,-0.0686181038618087,-0.107384443283081,1.476510524749756,0.1107944995164871,-0.1207331418991088,1.256792664527893,0.2353154420852661,-0.1669258028268814,1.0144600868225098,0.1771600246429443,-0.3135688304901123,0.8323945999145508,-0.1862258315086364,0.016900211572647,1.232873558998108,-0.3370356261730194,0.0216162800788879,0.9986958503723145,-0.4403180181980133,-0.1312718093395233,0.8518799543380737
0.0,0.0,0.7499788999557495,-0.1187789440155029,0.0563788749277591,0.7528933882713318,-0.0681393817067146,0.0425058305263519,0.3156373202800751,0.0640171468257904,0.3040911555290222,0.0,0.1187802851200103,-0.0563756413757801,0.7470718026161194,0.0124808773398399,-0.2004733681678772,0.3535531461238861,0.098807506263256,0.0104339718818664,0.051847755908966,-0.0123504707589745,-0.0192942023277282,1.0124858617782593,-0.0417204797267913,-0.0693225860595703,1.2559101581573486,-0.0628640279173851,-0.1312650740146637,1.355512022972107,-0.0622017905116081,-0.1044946908950805,1.4640235900878906,0.1153382658958435,-0.115365594625473,1.2429306507110596,0.2387964129447937,-0.153154194355011,1.0025110244750977,0.1783718168735504,-0.3077263236045837,0.8245480060577393,-0.1843412518501281,0.0148223340511322,1.2203608751296997,-0.3426694869995117,0.0119767487049102,0.9895130395889282,-0.4443566799163818,-0.1479458212852478,0.850738525390625
0.0,0.0,0.7366470098495483,-0.1172701120376586,0.0569552928209304,0.7391781806945801,-0.0672946572303772,0.0532284677028656,0.3030535280704498,0.0716143921017646,0.3296507000923157,0.0,0.1172715872526168,-0.0569515824317932,0.7341230511665344,0.0049691572785377,-0.2019040286540985,0.3457169532775879,0.0847622901201248,-0.021524965763092,0.0279308557510375,-0.0110005037859082,-0.0185686349868774,0.9995477199554444,-0.0379659347236156,-0.0682983100414276,1.2428581714630127,-0.0574006475508213,-0.1314241588115692,1.3431901931762695,-0.057831946760416,-0.1037220358848571,1.4512927532196045,0.1192598938941955,-0.1127829849720001,1.227129578590393,0.2403205633163452,-0.1479726135730743,0.9881149530410768,0.1767091751098632,-0.308260828256607,0.8136442303657532,-0.1816861033439636,0.0145231783390045,1.2083287239074707,-0.3447495400905609,0.0104704797267913,0.9797143936157228,-0.4433412551879883,-0.1510593891143798,0.8462363481521606
0.0,0.0,0.7249186038970947,-0.1163399070501327,0.056784301996231,0.7267140746116638,-0.0692181214690208,0.0612944364547729,0.291505753993988,0.078664131462574,0.3556088209152221,0.0074081420898437,0.1163415163755416,-0.0567803643643856,0.7231303453445435,-0.0019226372241973,-0.1998443007469177,0.335912823677063,0.0666710063815116,-0.0560148358345031,0.0,-0.0111175384372472,-0.0163883566856384,0.9878168106079102,-0.0349293537437915,-0.0645434558391571,1.231062650680542,-0.0506803095340728,-0.1287167072296142,1.332017421722412,-0.0524973012506961,-0.0982285737991333,1.4396939277648926,0.122249037027359,-0.1085055470466613,1.2139506340026855,0.2364405691623687,-0.1496278345584869,0.9756149053573608,0.171212613582611,-0.315304696559906,0.8058807253837585,-0.1805004626512527,0.0163976550102233,1.196540594100952,-0.3451293706893921,0.0081720650196075,0.9687493443489076,-0.44159597158432,-0.1562748700380325,0.8379647731781006
0.0,0.0,0.743928074836731,-0.1162448972463607,0.056653156876564,0.7449662685394287,-0.0753431916236877,0.0618922710418701,0.3106236457824707,0.0829833000898361,0.3795005977153778,0.0459570288658142,0.1162465661764144,-0.0566493943333625,0.7428970336914062,-0.0032967552542686,-0.1942468285560608,0.3555843532085418,0.0539963990449905,-0.0729474425315857,0.0,-0.0101566836237907,-0.0160647481679916,1.0063574314117432,-0.0329948551952838,-0.0627022981643676,1.2501763105392456,-0.0486029721796512,-0.1264899969100952,1.35158371925354,-0.048478364944458,-0.0925647020339965,1.458660125732422,0.1251945197582245,-0.1056989133358001,1.2315551042556765,0.2349121570587158,-0.1466422080993652,0.9952641129493712,0.1685761511325836,-0.3186546564102173,0.8296864032745361,-0.1787908673286438,0.0163006782531738,1.217126488685608,-0.3435671329498291,0.0094540119171142,0.9890795946121216,-0.4377116560935974,-0.1547398120164871,0.854703962802887
0.0,0.0,0.7597568035125732,-0.1148225665092468,0.0587944388389587,0.7594141364097595,-0.0847911909222602,0.0549499988555908,0.3268564343452453,0.0791026651859283,0.3875057399272918,0.0778425931930542,0.1148240715265274,-0.0587909780442714,0.76010662317276,-0.0049553290009498,-0.1857060492038726,0.3707596659660339,0.0492632836103439,-0.0695242881774902,0.0,-0.0101769426837563,-0.0123192816972732,1.0214290618896484,-0.0302292555570602,-0.0542924404144287,1.2659170627593994,-0.0437985658645629,-0.1186573505401611,1.368098258972168,-0.0437338054180145,-0.0814740657806396,1.4741714000701904,0.1273752301931381,-0.1004268825054168,1.2459931373596191,0.2266136109828949,-0.1601392030715942,1.0096149444580078,0.1609779894351959,-0.3343607187271118,0.8480772972106934,-0.1756679862737655,0.0255192518234252,1.232379913330078,-0.3395081162452698,0.0170333385467529,1.0020548105239868,-0.4334437549114227,-0.1456398516893386,0.8622771501541138
0.0,0.0,0.7682628631591797,-0.1145230084657669,0.0612622164189815,0.7670527100563049,-0.0977896749973297,0.0389664769172668,0.3361536264419555,0.0696747452020645,0.3826729357242584,0.1010826230049133,0.1145244538784027,-0.0612592361867427,0.7694799304008484,-0.0009296610951423,-0.174030065536499,0.3736549615859985,0.0563369467854499,-0.0397437214851379,0.0,-0.0097917942330241,-0.0124491304159164,1.0292900800704956,-0.0311498045921325,-0.0514492094516754,1.2748472690582275,-0.0452341511845588,-0.1150217652320861,1.377645492553711,-0.0423947945237159,-0.0756614804267883,1.482485055923462,0.127195656299591,-0.1003309488296508,1.2535070180892944,0.2248216867446899,-0.1661276668310165,1.0175142288208008,0.158252865076065,-0.3425272107124328,0.8576295971870422,-0.1746706366539001,0.0304367840290069,1.2414422035217283,-0.3337120413780212,0.0279885679483413,1.0080918073654177,-0.4285680651664734,-0.1299400925636291,0.8560082912445068
0.0,0.0,0.76607745885849,-0.1145491302013397,0.0623141378164291,0.764274001121521,-0.1139546558260917,0.0139449834823608,0.3363780081272125,0.0577375628054142,0.3603136241436004,0.1148432493209838,0.1145505458116531,-0.0623116008937358,0.7678878307342529,0.0026726871728897,-0.1621906161308288,0.3669738173484802,0.0678500980138778,-0.0002095103263854,0.0,-0.0104716932401061,-0.0148586481809616,1.0258193016052246,-0.0330243818461895,-0.0529765486717224,1.2714872360229492,-0.0476566180586814,-0.1139074563980102,1.3752679824829102,-0.043040070682764,-0.0711896419525146,1.480064868927002,0.1256285607814788,-0.1042168140411377,1.250619649887085,0.2186939716339111,-0.1770778447389602,1.0146334171295166,0.151489645242691,-0.3555519580841064,0.8549444675445557,-0.1760684102773666,0.0286393463611602,1.237607717514038,-0.3295593559741974,0.0225530564785003,1.0011568069458008,-0.4299402236938476,-0.128982737660408,0.835284948348999
0.0,0.0,0.7639114856719971,-0.1148345917463302,0.0632391348481178,0.7617309093475342,-0.1250610798597335,-0.0061080753803253,0.3379956483840942,0.0467644967138767,0.332587867975235,0.1213284730911254,0.1148359775543212,-0.0632370188832283,0.7660989165306091,0.0094445720314979,-0.1440210342407226,0.3577761650085449,0.0819242447614669,0.042545199394226,0.0,-0.0099938819184899,-0.0164337009191513,1.0220057964324951,-0.0353481695055961,-0.0533986389636993,1.268340229988098,-0.0516105592250824,-0.1123634576797485,1.372347116470337,-0.0449642874300479,-0.0663533806800842,1.4754295349121094,0.1236698478460311,-0.1079360246658325,1.2473174333572388,0.2159190773963928,-0.1893462538719177,1.0122534036636353,0.1479771137237548,-0.3677801489830017,0.8514597415924072,-0.1756756603717804,0.0300484597682952,1.234633207321167,-0.3188557624816894,0.0312633663415908,0.9954158067703248,-0.4222399294376373,-0.1111737340688705,0.8160304427146912
0.0,0.0,0.7641647458076477,-0.1151100695133209,0.063446506857872,0.7619926929473877,-0.1342580020427703,-0.0235213339328765,0.3417150378227234,0.0351490601897239,0.2954914271831512,0.1189939379692077,0.1151112169027328,-0.0634446963667869,0.7663437724113464,0.0163135156035423,-0.1227563619613647,0.35042604804039,0.0937700122594833,0.079483151435852,0.0,-0.0106153283268213,-0.0159836858510971,1.019504427909851,-0.0371048562228679,-0.0505826771259307,1.2664291858673096,-0.0533069483935833,-0.1071718335151672,1.3709948062896729,-0.0461761131882667,-0.0587034821510314,1.4739620685577393,0.1216216385364532,-0.1091214716434478,1.2461774349212646,0.2101296484470367,-0.2064891457557678,1.010249376296997,0.1412409245967865,-0.3821812570095062,0.8494403958320618,-0.1750416606664657,0.033832848072052,1.23049795627594,-0.3052840232849121,0.0419255495071411,0.9881173968315125,-0.4139184355735779,-0.0908485352993011,0.7937923669815063
0.0,0.0,0.7653602957725525,-0.1146008670330047,0.0637441873550415,0.7636468410491943,-0.1388158202171325,-0.0341529548168182,0.345414251089096,0.0203819312155246,0.2562834024429321,0.1058541536331176,0.114601731300354,-0.0637425780296325,0.7670806646347046,0.0270007029175758,-0.09711953997612,0.3463698923587799,0.1085944026708602,0.1170865893363952,0.0,-0.0095123294740915,-0.0158713459968566,1.019548416137695,-0.0399731695652008,-0.046652466058731,1.2673375606536863,-0.0593214109539985,-0.1009954214096069,1.372852087020874,-0.0494935289025306,-0.0525241494178772,1.475296974182129,0.1177314519882202,-0.1100618541240692,1.2471973896026611,0.2076696753501892,-0.2171075344085693,1.012315273284912,0.1376926600933075,-0.3898710012435913,0.8494909405708313,-0.1721639037132263,0.0413906276226043,1.229492425918579,-0.2843762338161468,0.0669322460889816,0.9855971336364746,-0.4007798433303833,-0.05247163772583,0.7779834866523743
0.0,0.0,0.7682878375053406,-0.1139350682497024,0.0636447519063949,0.7664949893951416,-0.1428799778223037,-0.0464155972003936,0.350713312625885,0.0018781125545501,0.2098886966705322,0.0926108956336975,0.1139357686042785,-0.0636432990431785,0.770087718963623,0.0356628969311714,-0.0753244161605835,0.3448978960514068,0.1193929761648178,0.1431681513786316,0.0,-0.0091478256508708,-0.0144338607788085,1.021277904510498,-0.0423734188079834,-0.0424232184886932,1.268406867980957,-0.0623575262725353,-0.094723641872406,1.374574899673462,-0.0534711107611656,-0.0461741685867309,1.477919578552246,0.1149136424064636,-0.1097877323627471,1.2492051124572754,0.2041952013969421,-0.2312036305665969,1.0140480995178225,0.1319449245929718,-0.4002976417541504,0.8506201505661011,-0.171914517879486,0.0476333498954772,1.226568341255188,-0.2733550667762756,0.0779401808977127,0.9777047038078308,-0.3935232758522033,-0.0290415082126855,0.7614163756370544
0.0,0.0,0.771427571773529,-0.1125170886516571,0.0636802613735199,0.7698134779930115,-0.1460082232952118,-0.0554144978523254,0.3561211824417114,-0.0152354091405868,0.1668415069580078,0.0819496512413024,0.1125178784132003,-0.0636788457632064,0.7730486392974854,0.0424980223178863,-0.0622534155845642,0.3464134931564331,0.1273158937692642,0.1574183702468872,0.0,-0.0070244902744889,-0.0126903057098388,1.024059176445007,-0.044385839253664,-0.0352137684822082,1.2717809677124023,-0.068611592054367,-0.0854320526123046,1.3787531852722168,-0.0575655177235603,-0.0371145009994506,1.4806463718414309,0.1110502928495407,-0.1068126261234283,1.25206458568573,0.2039920091629028,-0.2324921190738678,1.0182106494903564,0.1316115260124206,-0.3985436856746673,0.8534664511680603,-0.1688416749238968,0.05693119764328,1.2260327339172363,-0.259052038192749,0.0970048010349273,0.976166307926178,-0.382350206375122,0.001814757939428,0.7518566846847534
0.0,0.0,0.7686188817024231,-0.1113318353891372,0.0625729262828826,0.7670374512672424,-0.1468104422092437,-0.0648160874843597,0.3549444377422333,-0.0305901393294334,0.1251667737960815,0.0725221633911132,0.1113326251506805,-0.0625714808702468,0.7702072858810425,0.0469727218151092,-0.0595627427101135,0.3432646095752716,0.1342533677816391,0.1677482724189758,0.0,-0.0070385159924626,-0.0116718858480453,1.020938277244568,-0.0477380752563476,-0.0318133234977722,1.2681094408035278,-0.0729898959398269,-0.0802151560783386,1.3751829862594604,-0.0636296868324279,-0.0322888493537902,1.4778010845184326,0.1070002168416976,-0.1052592694759368,1.2486711740493774,0.2037954628467559,-0.2369351387023925,1.015489935874939,0.1295124590396881,-0.3985461592674255,0.8504424691200256,-0.1707746088504791,0.0597298145294189,1.2182190418243408,-0.2592763602733612,0.091336041688919,0.9663220047950744,-0.3851061463356018,0.002387766726315,0.7411516904830933
0.0,0.0,0.7542796730995178,-0.1100429445505142,0.0620646774768829,0.7534475326538086,-0.1433648467063903,-0.0685673952102661,0.3432233333587646,-0.0451950803399086,0.0819153785705566,0.0467739701271057,0.1100439131259918,-0.0620632208883762,0.7551186084747314,0.0531072318553924,-0.0582169294357299,0.3292001187801361,0.1477021872997284,0.1881013512611389,0.0,-0.0047960998490452,-0.0095011889934539,1.006695032119751,-0.0495273172855377,-0.0252295732498168,1.2536427974700928,-0.0796694532036781,-0.0720417499542236,1.360432744026184,-0.0696257948875427,-0.0267696976661682,1.463052749633789,0.1037192195653915,-0.1023682355880737,1.2346837520599363,0.2047840654850006,-0.2337721139192581,1.0012990236282349,0.1277581453323364,-0.39468514919281,0.8360178470611572,-0.1690203547477722,0.0672886967658996,1.1998813152313232,-0.2550861835479736,0.0960463434457779,0.9476946592330932,-0.3822498917579651,0.0113751236349344,0.7225092649459839
0.0,0.0,0.7375084757804871,-0.1101845800876617,0.0603240244090557,0.7373548150062561,-0.1401745826005935,-0.0738822817802429,0.3278485238552093,-0.0635115057229995,0.0311906337738037,0.0117552876472473,0.1101858913898468,-0.0603226870298385,0.737669050693512,0.0594153106212616,-0.0586564242839813,0.3130041360855102,0.1630412340164184,0.2100737690925598,0.0,-0.0036673746071755,-0.0074677169322967,0.9901551008224488,-0.0507806688547134,-0.0206775963306427,1.2367924451828003,-0.0834791809320449,-0.0660471320152282,1.3436808586120603,-0.0746027082204818,-0.0206043720245361,1.446962594985962,0.1012006700038909,-0.0989826917648315,1.2190556526184082,0.206047236919403,-0.2336363494396209,0.985404133796692,0.1257314383983612,-0.394119530916214,0.8210821151733398,-0.1695566177368164,0.072003960609436,1.178907036781311,-0.2551712393760681,0.1000501960515976,0.9285955429077148,-0.382568895816803,0.0147931464016437,0.7094155550003052
0.0,0.0,0.7423391342163086,-0.1100952923297882,0.0587478652596473,0.7428246736526489,-0.1359516829252243,-0.0805343389511108,0.3338137865066528,-0.070190280675888,0.0050782561302185,0.0,0.1100969016551971,-0.058747012168169,0.7418603301048279,0.0601561367511749,-0.0776596665382385,0.3189962804317474,0.1728675365447998,0.2151094675064087,0.0398142337799072,-0.0011955657973885,-0.0049900263547897,0.9944844245910645,-0.0497682988643646,-0.0151724219322204,1.2406768798828125,-0.0862718224525451,-0.0592887997627258,1.345470666885376,-0.0772102177143096,-0.0144800543785095,1.4490975141525269,0.1015936285257339,-0.0945486426353454,1.224128007888794,0.2059437036514282,-0.2275315821170807,0.989700734615326,0.1201958656311035,-0.3901347517967224,0.8282260298728943,-0.1681680679321289,0.0758269429206848,1.180161952972412,-0.2615169584751129,0.0889479219913482,0.9290536046028136,-0.3897720575332641,0.0031701130792498,0.7126885652542114
0.0,0.0,0.7551027536392212,-0.1109413728117942,0.0570242367684841,0.7570021152496338,-0.1309214234352111,-0.0861334204673767,0.3479507565498352,-0.0643358379602432,0.0086461305618286,0.0,0.1109432429075241,-0.0570237450301647,0.753210186958313,0.0592303350567817,-0.1036528944969177,0.3338356912136078,0.1772952675819397,0.210770308971405,0.0881653428077697,0.000600466504693,-0.0014811903238296,1.0052841901779177,-0.0457177050411701,-0.0090937614440917,1.2515342235565186,-0.083007626235485,-0.0520640015602111,1.3548357486724854,-0.0738099589943885,-0.0030871033668518,1.4582505226135254,0.1050195544958114,-0.0875761210918426,1.2358429431915283,0.2080456912517547,-0.2228280752897262,1.001542329788208,0.1163073182106018,-0.3881128430366516,0.8418601751327515,-0.1669271290302276,0.0793033242225647,1.1891746520996094,-0.2693372964859009,0.076656699180603,0.937747061252594,-0.3976964354515075,-0.0140430219471454,0.7309882640838623
0.0,0.0,0.7567715644836426,-0.11098213493824,0.0544915311038494,0.7608978152275085,-0.1256961524486541,-0.087807148694992,0.3518125414848327,-0.0492067858576774,0.033617615699768,0.0,0.1109842285513877,-0.0544914193451404,0.7526519298553467,0.0533111244440078,-0.1291795074939727,0.3385202288627624,0.1772207468748092,0.2059235274791717,0.1250455379486084,0.0015047127380967,-0.0004458278417587,1.0046467781066897,-0.0445174723863601,-0.0060052573680877,1.2516363859176636,-0.0822227522730827,-0.0493997931480407,1.3533656597137451,-0.0722595900297164,0.0007272362709045,1.454484224319458,0.1058190762996673,-0.0833882987499237,1.2361228466033936,0.2055140435695648,-0.218197226524353,1.0019620656967163,0.1098989248275756,-0.3863567113876343,0.8442246913909912,-0.1672783493995666,0.0791597664356231,1.1884907484054563,-0.2782855033874511,0.0556521862745285,0.9371123313903807,-0.409645140171051,-0.0418211817741394,0.736800491809845
0.0,0.0,0.755702018737793,-0.1119041666388511,0.0529264137148857,0.7613045573234558,-0.1164380982518196,-0.080718994140625,0.3496026992797851,-0.0287256278097629,0.071109652519226,0.0,0.111906312406063,-0.0529262349009513,0.750106155872345,0.0456003472208976,-0.1595734357833862,0.342354416847229,0.1633627265691757,0.1775349974632263,0.141312301158905,0.0011005112901329,0.0017624944448471,1.0018987655639648,-0.0435592047870159,-0.006014198064804,1.2493133544921875,-0.0803476125001907,-0.0505508184432983,1.3497564792633057,-0.0705660730600357,0.0024751424789428,1.451826572418213,0.1079513654112815,-0.080769807100296,1.2329983711242676,0.2032665014266967,-0.2127639055252075,0.9989571571350098,0.1055547893047332,-0.383815586566925,0.8408437967300415,-0.1693155914545059,0.076532244682312,1.1864612102508545,-0.2866681814193725,0.0385221242904663,0.9371500015258788,-0.4175189137458801,-0.0712550431489944,0.7516628503799438
0.0,0.0,0.755781888961792,-0.1114286854863166,0.0517403185367584,0.7620145082473755,-0.1076283901929855,-0.0699237585067749,0.3467969894409179,-0.0144039094448089,0.0998146533966064,0.0,0.1114309132099151,-0.0517400726675987,0.7495560050010681,0.0344616919755935,-0.1834673285484314,0.3465805351734161,0.143204778432846,0.1448698937892913,0.1430301666259765,0.0009073326364159,0.0051991343498229,1.000571608543396,-0.0426114462316036,-0.0032180845737457,1.2490513324737549,-0.08052958548069,-0.0491424202919006,1.3481018543243408,-0.0709284543991088,0.0005328655242919,1.4495054483413696,0.1098006293177604,-0.0770329535007476,1.231339454650879,0.1999033391475677,-0.206097662448883,0.9951394200325012,0.1014136970043182,-0.3773055672645569,0.8389067053794861,-0.1705787479877472,0.0775173306465148,1.187267541885376,-0.2968387901782989,0.0226340591907501,0.9408830404281616,-0.4251008629798889,-0.1002833470702171,0.7677980661392212
0.0,0.0,0.7558655738830566,-0.111288733780384,0.0514648780226707,0.7621738910675049,-0.1016045212745666,-0.0612295567989349,0.3444916009902954,-0.0034517683088779,0.1226857304573059,0.0,0.1112910509109497,-0.0514642149209976,0.7495642304420471,0.0237994417548179,-0.2007692456245422,0.3509331047534942,0.1198338121175766,0.104806363582611,0.1312534213066101,-0.0016502309590578,0.0071396082639694,1.00001859664917,-0.0425409823656082,-0.0038009881973266,1.249009132385254,-0.0784366279840469,-0.0512071251869201,1.3474209308624268,-0.0703084468841552,-0.0005111694335937,1.449347972869873,0.1098521500825882,-0.0734725594520568,1.2314319610595703,0.1976901292800903,-0.1958987414836883,0.9929229021072388,0.0977973341941833,-0.3688816726207733,0.836716890335083,-0.1731756627559662,0.0742891728878021,1.1878678798675537,-0.304857075214386,0.0116508901119232,0.9450234174728394,-0.4285444021224975,-0.1290846616029739,0.7853588461875916
0.0,0.0,0.753206729888916,-0.1097679883241653,0.051704041659832,0.7588857412338257,-0.0965767726302146,-0.0518087744712829,0.3406010568141937,0.0074812471866607,0.1483561992645263,0.0,0.1097703129053115,-0.0517029203474521,0.7475347518920898,0.0102570801973342,-0.215886116027832,0.3538107275962829,0.091610163450241,0.0599596500396728,0.1112250089645385,-0.0028063002973794,0.0083903223276138,0.9964126944541932,-0.0422923266887664,-0.0028083324432373,1.2459391355514526,-0.0782582908868789,-0.0520935654640197,1.3438481092453003,-0.069342017173767,-0.0024691224098205,1.4452018737792969,0.110287569463253,-0.0705503821372985,1.2271478176116943,0.194487065076828,-0.1867901086807251,0.9879668354988098,0.0926525890827179,-0.3603437542915344,0.8337078094482422,-0.1737173795700073,0.0740253329277038,1.1863222122192385,-0.311419278383255,0.0041092932224273,0.9489105343818665,-0.428727388381958,-0.1520050764083862,0.8014907836914062
0.0,0.0,0.7510759234428406,-0.1090085357427597,0.0518277995288372,0.7568085789680481,-0.0936779007315635,-0.0467112958431243,0.3394402265548706,0.014183685183525,0.1653096079826355,0.0,0.1090109199285507,-0.05182596296072,0.7453504800796509,0.0004368275403976,-0.2235413193702697,0.3556902408599853,0.067301370203495,0.0225348472595214,0.0924404859542846,-0.0031055230647325,0.0099397748708724,0.9929212927818298,-0.0397022366523742,-0.0008472204208374,1.2433922290802002,-0.0754903778433799,-0.0521826744079589,1.3409664630889893,-0.066165491938591,0.0008095502853393,1.4420639276504517,0.111469842493534,-0.0659066438674926,1.2237660884857178,0.1916461288928985,-0.1772413402795791,0.9836411476135254,0.0895954668521881,-0.35369873046875,0.8310018181800842,-0.1724462807178497,0.0737568736076355,1.1850905418395996,-0.3150102198123932,-0.001671016216278,0.9520502686500548,-0.426637589931488,-0.1726525723934173,0.8179068565368652
0.0,0.0,0.741715669631958,-0.1067039966583252,0.0533508211374282,0.7468173503875732,-0.0933923870325088,-0.0392272472381591,0.3310906291007995,0.0219943821430206,0.1866651177406311,0.0,0.1067063584923744,-0.0533483140170574,0.7366211414337158,-0.0118060410022735,-0.2273114919662475,0.3528006672859192,0.0406133346259593,-0.0137490034103393,0.0674034357070922,-0.0030451519414782,0.0098145306110382,0.98229718208313,-0.0390449576079845,0.0005223751068115,1.2339600324630735,-0.0758941397070884,-0.0520539879798889,1.331583023071289,-0.0645114630460739,0.0020495653152465,1.4307351112365725,0.1108088493347168,-0.0645109117031097,1.2124464511871338,0.1899479031562805,-0.1681289821863174,0.9731829166412354,0.088040217757225,-0.3430537283420563,0.8211040496826172,-0.1700582355260849,0.0756750106811523,1.1776906251907349,-0.3164500594139099,-0.0029664635658264,0.9499561786651612,-0.4200653433799743,-0.186295747756958,0.8248404860496521
0.0,0.0,0.727660596370697,-0.1050412505865097,0.0544721148908138,0.7318881154060364,-0.0959936380386352,-0.0374462902545928,0.3195942044258117,0.0275994464755058,0.2013866305351257,0.0,0.1050435602664947,-0.0544688180088996,0.7234402894973755,-0.0232407450675964,-0.2304614782333374,0.3459581434726715,0.0168918967247009,-0.0470067262649536,0.0413801074028015,-0.0026892684400081,0.0103741288185119,0.9676852226257324,-0.036364022642374,0.0014314949512481,1.2199580669403076,-0.0738469734787941,-0.0524005889892578,1.317387342453003,-0.0615507140755653,0.0036356449127197,1.4168241024017334,0.11161869764328,-0.063578724861145,1.196405291557312,0.1875007450580597,-0.1650984138250351,0.9572784900665284,0.0885419696569442,-0.3392136693000793,0.8045626878738403,-0.1665938794612884,0.0768054723739624,1.1652551889419556,-0.314346969127655,-0.0038288831710815,0.9408394694328308,-0.4108791053295135,-0.1946041136980056,0.8259472846984863
0.0,0.0,0.7096375226974487,-0.1028787121176719,0.0568494908511638,0.7135067582130432,-0.1029043793678283,-0.0342426598072052,0.3033979535102844,0.0303976722061634,0.2168588638305664,0.0,0.1028808802366256,-0.056845773011446,0.7057754993438721,-0.0336964875459671,-0.2305036783218383,0.3326568007469177,-0.0051337480545043,-0.0815103650093078,0.009293794631958,-0.0012206137180328,0.0110782384872436,0.9489997625350952,-0.0341079980134964,0.0048378109931945,1.2017995119094849,-0.0739417448639869,-0.0489027500152587,1.298896312713623,-0.0587003678083419,0.0070840716361999,1.3971879482269287,0.1122611910104751,-0.0630489587783813,1.1758832931518557,0.1874756962060928,-0.1615790575742721,0.9350197315216064,0.0896818041801452,-0.3320446014404297,0.7828331589698792,-0.1619685590267181,0.0820975303649902,1.1482932567596436,-0.311547040939331,0.0009199082851409,0.9246193766593932,-0.3997397124767303,-0.198028028011322,0.8122527599334717
0.0,0.0,0.7109584808349609,-0.1017762124538421,0.0580302253365516,0.7142000794410706,-0.1107736825942993,-0.0341801047325134,0.3066157400608063,0.0358075276017189,0.2388629913330078,0.0244608521461486,0.1017781123518943,-0.0580262281000614,0.7077240347862244,-0.0430954173207283,-0.2317191958427429,0.3381856083869934,-0.0239809602499008,-0.1079272627830505,0.0,0.0003031399101018,0.010651484131813,0.9495279788970948,-0.0318272896111011,0.0053194165229797,1.2031519412994385,-0.0729927197098732,-0.047758936882019,1.3000965118408203,-0.0567723363637924,0.0110667943954467,1.397505760192871,0.1129864156246185,-0.0618792176246643,1.1758891344070437,0.187019407749176,-0.1554718762636184,0.9347352981567384,0.0914864242076873,-0.3255054652690887,0.7793594598770142,-0.1581867039203643,0.0823564529418945,1.1491377353668213,-0.3077169060707092,0.0018654465675354,0.9259543418884276,-0.3903658986091614,-0.2026139795780182,0.8196860551834106
0.0,0.0,0.7217893004417419,-0.1002176851034164,0.0601494684815406,0.7232623100280762,-0.1204938888549804,-0.0334897637367248,0.3193454444408417,0.0380440354347229,0.2590869963169098,0.058281123638153,0.1002193763852119,-0.060145515948534,0.720323383808136,-0.0475663244724273,-0.2271060049533844,0.3501887321472168,-0.0331486538052558,-0.1220045089721679,0.0,0.0016921823844313,0.0101291984319686,0.9596731066703796,-0.030377872288227,0.0074484646320343,1.212888479232788,-0.0734741389751434,-0.0449695587158203,1.3099422454833984,-0.054410882294178,0.0144658088684082,1.4074344635009766,0.1136835068464279,-0.0609320998191833,1.1840159893035889,0.1907487660646438,-0.1449771970510482,0.9433801174163818,0.0950632840394973,-0.3124261498451233,0.787956178188324,-0.154484823346138,0.0857264995574951,1.158980131149292,-0.3026554584503174,0.0079981684684753,0.9337390065193176,-0.3812721967697143,-0.1954219937324524,0.8213298320770264
0.0,0.0,0.7307245135307312,-0.0997766107320785,0.0618301257491111,0.7309138774871826,-0.1303130835294723,-0.0406601428985595,0.3296187222003937,0.0369540974497795,0.2693264782428741,0.0895929932594299,0.099777914583683,-0.0618262737989425,0.7305423021316528,-0.0490121692419052,-0.2212857007980346,0.358060210943222,-0.0318419225513935,-0.1160926222801208,0.0,0.0026564514264464,0.008637860417366,0.9676104187965392,-0.0278509929776191,0.0065460503101348,1.2210283279418943,-0.072222463786602,-0.0446756482124328,1.3184237480163574,-0.0530787855386734,0.0161963105201721,1.4144341945648191,0.1151343435049057,-0.0616010725498199,1.192005276679993,0.1917920112609863,-0.14289490878582,0.9496551156044006,0.0978070199489593,-0.3093711733818054,0.7921535968780518,-0.1506860852241516,0.0858464241027832,1.1658563613891602,-0.2990294098854065,0.0109266936779022,0.9368873834609984,-0.3753282129764557,-0.1908038556575775,0.8185410499572754
0.0,0.0,0.7369949817657471,-0.0993227660655975,0.0631940439343452,0.7354687452316284,-0.1413451880216598,-0.05131596326828,0.3361564874649048,0.0291100330650806,0.2649993002414703,0.1116453409194946,0.0993239432573318,-0.0631903856992721,0.7385282516479492,-0.0468319728970527,-0.2112553119659423,0.3618703484535217,-0.0243447422981262,-0.0984814763069152,0.0,0.0043078307062387,0.0092527419328689,0.973327934741974,-0.0249900370836257,0.0104297399520874,1.2268779277801514,-0.069006934762001,-0.03992360830307,1.325336217880249,-0.0488220453262329,0.0219755172729492,1.42142915725708,0.1177174970507621,-0.059489220380783,1.1971378326416016,0.19769386947155,-0.1375806182622909,0.954794466495514,0.1032315045595169,-0.3012330830097198,0.7959631085395813,-0.1465484946966171,0.0909173488616943,1.170473337173462,-0.2912185490131378,0.020389050245285,0.9374262690544128,-0.371513307094574,-0.1719433367252349,0.8053435683250427
0.0,0.0,0.7369286417961121,-0.0995158553123474,0.0649199038743972,0.7337439060211182,-0.1502506881952285,-0.0622175335884094,0.33663409948349,0.024061169475317,0.2586645781993866,0.1269481778144836,0.0995170921087265,-0.0649167299270629,0.7401204109191895,-0.0448290221393108,-0.1975473761558532,0.3559850752353668,-0.0112120732665061,-0.0663738250732421,0.0,0.0064437962137162,0.0084065645933151,0.9724716544151306,-0.0224981978535652,0.0087626278400421,1.2262765169143677,-0.067476749420166,-0.0408522486686706,1.32483172416687,-0.0484346598386764,0.0219377279281616,1.4217679500579834,0.1201302409172058,-0.0630733668804168,1.196728229522705,0.2010489702224731,-0.1383987516164779,0.9528549313545228,0.1081006526947021,-0.3017451167106628,0.7920079231262207,-0.1432793140411377,0.0911024808883667,1.1691267490386963,-0.284292459487915,0.0261609554290771,0.9294430017471312,-0.3708467483520508,-0.1549938321113586,0.783981204032898
0.0,0.0,0.7406095266342163,-0.0991932898759841,0.0661922693252563,0.7374283671379089,-0.1564836353063583,-0.0716642141342163,0.3419822454452514,0.0108652077615261,0.2410092949867248,0.1299945712089538,0.0991946756839752,-0.0661894083023071,0.7437976598739624,-0.0374263636767864,-0.1754355430603027,0.3515843152999878,0.007813848555088,-0.0284069180488586,0.0,0.0084955273196101,0.0087724775075912,0.9756019115447998,-0.0201890207827091,0.011907011270523,1.2301292419433594,-0.0653273612260818,-0.0381768941879272,1.3292008638381958,-0.0454734116792678,0.0245007276535034,1.4271061420440674,0.1221481412649154,-0.0637276768684387,1.2014431953430176,0.2064286768436432,-0.1419783234596252,0.9569231271743774,0.1131106913089752,-0.3014306426048279,0.7904340028762817,-0.1391812413930893,0.0962952971458435,1.1722476482391355,-0.2721192240715027,0.0448307693004608,0.925127387046814,-0.3693036139011383,-0.1201217696070671,0.7637518048286438
0.0,0.0,0.7445576786994934,-0.1001582443714141,0.0662384107708931,0.7420712113380432,-0.1617656648159027,-0.0795109272003173,0.3464433550834656,-0.0024067237973213,0.220691978931427,0.1228129267692565,0.1001597344875335,-0.0662359520792961,0.7470511198043823,-0.0274361707270145,-0.1519002020359039,0.3479765653610229,0.026498544961214,0.0132684707641601,0.0,0.0102591523900628,0.0104010999202728,0.978718876838684,-0.0174547769129276,0.0160266757011413,1.234113693237305,-0.0624505914747715,-0.0361570715904235,1.332276463508606,-0.0451947897672653,0.0278956294059753,1.43081796169281,0.1239718049764633,-0.0628955662250518,1.206246852874756,0.2099353671073913,-0.1473743915557861,0.9621052742004396,0.1182401329278945,-0.3022312223911285,0.7928272485733032,-0.1346130669116974,0.1013856530189514,1.1754472255706787,-0.2562498152256012,0.0678614526987075,0.9232385158538818,-0.3664261102676391,-0.0784330815076828,0.7481642961502075
0.0,0.0,0.7464073300361633,-0.0997895300388336,0.0657623410224914,0.7443877458572388,-0.1638060212135315,-0.0884192883968353,0.3475826978683471,-0.022977590560913,0.1847738027572631,0.1005755066871643,0.0997911691665649,-0.0657601654529571,0.7484340071678162,-0.0162203758955001,-0.1284263134002685,0.3439708650112152,0.0483293943107128,0.0555688738822937,0.0,0.0115124331787228,0.0106329470872879,0.9802931547164916,-0.0162197053432464,0.01935476064682,1.2356183528900146,-0.0612045004963874,-0.0346702337265014,1.334288477897644,-0.0410587415099144,0.0313626527786254,1.4345088005065918,0.1251726597547531,-0.0638693869113922,1.2085716724395752,0.2133801877498626,-0.1565422713756561,0.9673304557800292,0.1225949376821518,-0.3076809644699096,0.7939599752426147,-0.1311933994293213,0.1072233319282531,1.176311731338501,-0.2383109927177429,0.0998867005109787,0.9209526777267456,-0.3597850799560547,-0.0242622755467891,0.7329120635986328
0.0,0.0,0.7475329041481018,-0.1000453382730484,0.0652919933199882,0.7464907765388489,-0.1663331985473632,-0.099403440952301,0.349550724029541,-0.0405570939183235,0.1459083557128906,0.0832911729812622,0.1000472381711006,-0.0652898326516151,0.7485822439193726,-0.0058355927467346,-0.1073047220706939,0.3410169780254364,0.068874716758728,0.0970211625099182,0.0,0.014138763770461,0.010363146662712,0.9813084602355956,-0.0149055644869804,0.0207443535327911,1.2371844053268433,-0.0596768893301487,-0.0348041057586669,1.3349686861038208,-0.0408156961202621,0.0315426588058471,1.4354455471038818,0.1250145733356475,-0.066334456205368,1.2111027240753174,0.2146369218826294,-0.166437953710556,0.9725152254104614,0.1259602606296539,-0.3141916692256927,0.7982380986213684,-0.1259636133909225,0.1124318540096283,1.1762641668319702,-0.2194375097751617,0.1354676932096481,0.9215112328529358,-0.3514541387557983,0.0335132479667663,0.7222281694412231
0.0,0.0,0.7431790232658386,-0.0999483913183212,0.0644421130418777,0.7415357828140259,-0.1661952137947082,-0.107779711484909,0.3440204858779907,-0.0586137175559997,0.0962348580360412,0.0577972531318664,0.0999506935477256,-0.0644399374723434,0.7448297142982483,0.0019606351852416,-0.0958975255489349,0.3358819484710693,0.0840155035257339,0.120234727859497,0.0,0.0155106410384178,0.0109292566776275,0.976806640625,-0.0140282064676284,0.024002730846405,1.232023000717163,-0.0578269958496093,-0.0335484743118286,1.330192804336548,-0.0379048138856887,0.0354499220848083,1.4309828281402588,0.125776320695877,-0.0666388273239135,1.2062543630599976,0.2172296047210693,-0.1751771569252014,0.9736396074295044,0.1301611214876175,-0.3207761645317077,0.7940612435340881,-0.1228651702404022,0.1175750195980072,1.1695499420166016,-0.2069938778877258,0.1583484709262848,0.9155498743057252,-0.3461315929889679,0.0768170803785324,0.7099045515060425
0.0,0.0,0.7345201373100281,-0.1006041318178176,0.0631766989827156,0.7328545451164246,-0.164834588766098,-0.1149198412895202,0.3370401263236999,-0.0702715441584587,0.0487876534461975,0.0325650572776794,0.1006069481372833,-0.0631743147969245,0.7361934185028076,0.0097305849194526,-0.0900630056858062,0.3278123438358307,0.0981088951230049,0.1447845697402954,0.0,0.0179251693189144,0.0123143941164016,0.9678714275360109,-0.0123295038938522,0.0270447731018066,1.2231823205947876,-0.0564057566225528,-0.0315141081809997,1.320279240608215,-0.0374240279197692,0.0371476411819458,1.4211947917938232,0.1267134100198745,-0.0660714209079742,1.1979615688323977,0.2182085216045379,-0.1810864508152008,0.9698607921600342,0.1340917646884918,-0.326965868473053,0.7873563766479492,-0.119377002120018,0.1226494312286377,1.1603546142578125,-0.1990226507186889,0.1720304191112518,0.909323513507843,-0.3414049744606018,0.101850539445877,0.7009868025779724
0.0,0.0,0.7154086232185364,-0.1011068522930145,0.0611313432455062,0.7142227292060852,-0.1642690896987915,-0.1232595145702362,0.3210799992084503,-0.0826948583126068,0.002947449684143,0.003120481967926,0.1011101081967353,-0.0611285977065563,0.7166023254394531,0.013682946562767,-0.0944374501705169,0.3101971745491028,0.112579271197319,0.1634131669998169,0.0,0.0186635553836822,0.0127528458833694,0.9488183259963988,-0.0123156644403934,0.0293855667114257,1.2031644582748413,-0.0557086616754531,-0.0299165248870849,1.3002684116363523,-0.0357760936021804,0.0409873127937316,1.400002121925354,0.1266012191772461,-0.0641788244247436,1.1791024208068848,0.2188720107078552,-0.1852355003356933,0.9546616077423096,0.1357049942016601,-0.3334178328514099,0.7673079967498779,-0.1192994117736816,0.1241225600242614,1.138508915901184,-0.1975767612457275,0.1790114939212799,0.889062225818634,-0.3386468887329101,0.113737478852272,0.6824987530708313
0.0,0.0,0.7183747291564941,-0.1014556735754013,0.0593619123101234,0.7177450656890869,-0.1623205095529556,-0.1290059089660644,0.3269748091697693,-0.0911642387509346,-0.0283154249191284,0.0,0.1014592796564102,-0.0593590997159481,0.7190121412277222,0.0196326300501823,-0.1020329296588897,0.314172089099884,0.1240726038813591,0.1791416406631469,0.0266404151916503,0.0201329365372657,0.0140654891729354,0.951522707939148,-0.0113635286688804,0.0320436358451843,1.2059848308563232,-0.055596113204956,-0.0269944071769714,1.3015875816345217,-0.0370330959558486,0.0435370206832885,1.4015570878982544,0.1262513101100921,-0.0622805058956146,1.1815178394317627,0.214852899312973,-0.1893933117389679,0.9594364762306212,0.1366604268550872,-0.3380583822727203,0.7704918384552002,-0.117899939417839,0.1263961493968963,1.1408648490905762,-0.1971193552017212,0.1797483712434768,0.8944457769393921,-0.3379706144332886,0.1128163859248161,0.6884745359420776
0.0,0.0,0.712945818901062,-0.1007809340953826,0.0584616065025329,0.7116472125053406,-0.1640979349613189,-0.1441170573234558,0.3240493535995483,-0.0918507874011993,-0.0316338539123535,0.0,0.1007842868566513,-0.0584587752819061,0.7142521142959595,0.0126028582453727,-0.137425422668457,0.3124125003814697,0.1193510517477989,0.1458387374877929,0.0336554050445556,0.018595203757286,0.0153421908617019,0.9473408460617064,-0.013575192540884,0.0297164320945739,1.201288104057312,-0.0571995824575424,-0.028976023197174,1.296275615692139,-0.0389493852853775,0.0393165946006774,1.396628737449646,0.1211302876472473,-0.0632583200931549,1.174821376800537,0.2059320211410522,-0.2009298056364059,0.9536877870559692,0.1293949484825134,-0.3517497181892395,0.7629399299621582,-0.1202437132596969,0.1212225556373596,1.1345112323760986,-0.2078010737895965,0.1716061234474182,0.8880743980407715,-0.3431271016597748,0.0991392731666565,0.6830704808235168
0.0,0.0,0.7211939096450806,-0.1027738004922866,0.0554832443594932,0.7214553952217102,-0.1602175682783126,-0.1474255919456482,0.3373391926288605,-0.0953631177544593,-0.0422113537788391,0.0,0.1027775555849075,-0.0554806366562843,0.7209400534629822,0.016444057226181,-0.153587520122528,0.3254973292350769,0.1296996921300888,0.1555989980697631,0.0778059959411621,0.0211993902921676,0.0173116326332092,0.9544585943222046,-0.0114125087857246,0.0325421094894409,1.2086124420166016,-0.0556583106517791,-0.0254489779472351,1.3003140687942505,-0.038238875567913,0.041600227355957,1.4012069702148438,0.1242317557334899,-0.0604518353939056,1.1817944049835205,0.2086574435234069,-0.2025809437036514,0.9613534212112428,0.1303843557834625,-0.3561013340950012,0.7728185653686523,-0.1211201548576355,0.1222185790538787,1.141969919204712,-0.210336148738861,0.1629445254802703,0.897219181060791,-0.3425270020961761,0.0821090787649154,0.6965265870094299
0.0,0.0,0.7244654297828674,-0.0990757942199707,0.051395010203123,0.7267544269561768,-0.1571776270866394,-0.1543966829776764,0.3431915640830993,-0.0879236906766891,-0.0372829437255859,0.0,0.0990789905190467,-0.0513926818966865,0.7221840023994446,0.0106575861573219,-0.1832338571548462,0.3282704055309295,0.1362980753183365,0.1499177813529968,0.105886697769165,0.0207707621157169,0.0167723149061203,0.9591532945632936,-0.0114534236490726,0.0294559001922607,1.212594985961914,-0.0551058575510978,-0.027692973613739,1.3079586029052734,-0.0374926924705505,0.0396832823753356,1.4077904224395752,0.1188435479998588,-0.0568838417530059,1.1864447593688965,0.1940146386623382,-0.1967138648033142,0.9677407741546632,0.118666261434555,-0.3573112487792969,0.7802926898002625,-0.1169670671224594,0.113287329673767,1.1453269720077517,-0.21731898188591,0.1499537229537964,0.9035216569900512,-0.3448646068572998,0.0528932772576808,0.707737922668457
0.0,0.0,0.7262649536132812,-0.1024578809738159,0.0499146617949008,0.7311215400695801,-0.1556890606880188,-0.1525085866451263,0.3495165109634399,-0.0876712352037429,-0.0328885912895202,0.0,0.1024615317583084,-0.0499116480350494,0.7214156985282898,0.0128137543797492,-0.2032724022865295,0.3376449048519134,0.1491253226995468,0.1568132638931274,0.1410009860992431,0.0222226195037364,0.0197656750679016,0.9591320753097534,-0.0093252696096897,0.0297692418098449,1.2129747867584229,-0.0543605163693428,-0.0277419686317443,1.3035833835601809,-0.0351135209202766,0.0398018360137939,1.4041831493377686,0.1254953444004058,-0.0586399435997009,1.184892177581787,0.2046030759811401,-0.2031442373991012,0.9618039727211,0.1218810081481933,-0.3632869720458984,0.7784528136253357,-0.1208648085594177,0.113800436258316,1.1472715139389038,-0.2216454744338989,0.1360858529806137,0.9078147411346436,-0.3442507982254028,0.0113289412111043,0.7269856333732605
0.0,0.0,0.7322496175765991,-0.099163994193077,0.0465723872184753,0.7375635504722595,-0.1418458074331283,-0.1375175714492797,0.345760315656662,-0.0697746574878692,0.0051287412643432,0.0,0.0991669297218322,-0.0465697385370731,0.7269431352615356,0.0054832100868225,-0.216989129781723,0.3436022400856018,0.1397244930267334,0.1232491731643676,0.139416754245758,0.0196086876094341,0.0197324454784393,0.9672757387161256,-0.0097015127539634,0.0274691879749298,1.221938967704773,-0.0540793426334857,-0.0292151570320129,1.3170040845870972,-0.0364029332995414,0.0366063714027404,1.4167864322662354,0.1226404756307601,-0.0532247424125671,1.1956121921539309,0.1944662183523178,-0.1844921261072158,0.9714634418487548,0.1148007214069366,-0.3466320037841797,0.7839681506156921,-0.1199134290218353,0.1054827868938446,1.1581932306289673,-0.2281855344772339,0.1019160002470016,0.9188380837440492,-0.3440081477165222,-0.0503545776009559,0.7521117925643921
0.0,0.0,0.7270731329917908,-0.0990327596664428,0.046789925545454,0.7319883108139038,-0.1396400928497314,-0.1290052831172943,0.3452049791812897,-0.0712163224816322,0.0182277560234069,0.0,0.0990359187126159,-0.0467867404222488,0.7221652269363403,0.0013416782021522,-0.2288662195205688,0.3480765223503113,0.1346798837184906,0.0913663506507873,0.1314671039581298,0.0202785581350326,0.021827295422554,0.9607536792755128,-0.0062176268547773,0.0285210311412811,1.215269684791565,-0.0532091483473777,-0.029421329498291,1.3061530590057373,-0.0355389565229415,0.0354765057563781,1.406756043434143,0.1267042756080627,-0.0539945065975189,1.1861622333526611,0.1948123574256897,-0.1978154927492141,0.9580645561218262,0.1104673743247985,-0.357296884059906,0.7753767967224121,-0.1229931712150573,0.1041848063468933,1.1506513357162476,-0.2570958137512207,0.051977664232254,0.9143463373184204,-0.3632697463035583,-0.1204407960176467,0.7620972990989685
0.0,0.0,0.7286729216575623,-0.0961427092552185,0.0473860055208206,0.7322561740875244,-0.1299401223659515,-0.1213244497776031,0.338650107383728,-0.0555058419704437,0.0484858751296997,0.0,0.0961453318595886,-0.0473827831447124,0.7250971794128418,-0.0096817910671234,-0.2376088500022888,0.349529504776001,0.1170295774936676,0.0508950352668762,0.1099109649658203,0.0171099938452243,0.0196376889944076,0.963855803012848,-0.007685650140047,0.0219878852367401,1.2197914123535156,-0.0539888404309749,-0.0370606184005737,1.310364007949829,-0.0383052080869674,0.024243950843811,1.4125173091888428,0.1221470534801483,-0.0580387413501739,1.1881072521209717,0.1823592185974121,-0.1993049085140228,0.958166241645813,0.0986564457416534,-0.3602177500724792,0.774933397769928,-0.1258524805307388,0.0923569500446319,1.1552869081497192,-0.2756231725215912,0.0196947306394577,0.921517848968506,-0.3684070110321045,-0.1630337834358215,0.7803288102149963
0.0,0.0,0.7240642309188843,-0.0913709104061126,0.0468021817505359,0.7283791899681091,-0.1173027232289314,-0.1015747785568237,0.3330435752868652,-0.0476262867450714,0.0763787627220153,0.0,0.0913735479116439,-0.0467982292175293,0.7197566628456116,-0.0183629468083381,-0.2424697875976562,0.3507563769817352,0.1028933674097061,0.0025179982185363,0.0834401249885559,0.0157799832522869,0.0186648964881896,0.9592949151992798,-0.0051900204271078,0.0227587521076202,1.215268850326538,-0.0521056167781353,-0.0340784192085266,1.3079254627227783,-0.0353853143751621,0.0256877541542053,1.4093413352966309,0.1202945262193679,-0.0561412572860717,1.1822915077209473,0.1698081046342849,-0.2055912017822265,0.9503526091575624,0.0912043452262878,-0.3607286810874939,0.7706485390663147,-0.1205359101295471,0.0934529900550842,1.1524685621261597,-0.2718653678894043,0.0091242045164108,0.9261713027954102,-0.3596363663673401,-0.1794158220291137,0.7936756610870361
0.0,0.0,0.73036128282547,-0.0874690413475036,0.0490444973111152,0.7329923510551453,-0.1117179840803146,-0.0904513001441955,0.3298434317111969,-0.0381373912096023,0.0941087007522583,0.0,0.0874709635972976,-0.0490406528115272,0.7277377843856812,-0.0265186503529548,-0.2459371089935302,0.3501027226448059,0.0845323801040649,-0.0341458320617675,0.0651153326034545,0.015199813991785,0.0189836472272872,0.9676771759986876,-0.0050464086234569,0.02066570520401,1.224810004234314,-0.0537983365356922,-0.0369347929954528,1.318136215209961,-0.0367660671472549,0.0210078954696655,1.420673370361328,0.1165442764759063,-0.0579211711883544,1.1895684003829956,0.1586677134037017,-0.2011917233467102,0.9574393033981324,0.0833128541707992,-0.3620931506156921,0.7763576507568359,-0.1182257235050201,0.0919752717018127,1.1646796464920044,-0.2807517051696777,0.0135733634233474,0.9407244324684144,-0.3552688360214233,-0.1905767619609832,0.8191855549812317
0.0,0.0,0.7269935011863708,-0.080214187502861,0.0506461225450038,0.7299864888191223,-0.099030777812004,-0.0689054727554321,0.3272607326507568,-0.0313136875629425,0.1217415332794189,0.0,0.0802163034677505,-0.0506411306560039,0.724007785320282,-0.036694549024105,-0.238809049129486,0.3551679253578186,0.0597331970930099,-0.0987236499786377,0.03770512342453,0.0135704884305596,0.0181393474340438,0.9645910859107972,-0.0029267836362123,0.0217631459236145,1.2222594022750854,-0.0512641482055187,-0.034640610218048,1.3167117834091189,-0.034637477248907,0.0203941464424133,1.421418070793152,0.112489990890026,-0.0584929287433624,1.1861348152160645,0.1498226672410965,-0.2016379237174987,0.9503966569900512,0.0793105065822601,-0.352207750082016,0.7722694277763367,-0.1104309260845184,0.0947271287441253,1.164157152175903,-0.2688566744327545,0.0092770904302597,0.9463390111923218,-0.337985098361969,-0.1924751996994018,0.8359307050704956
0.0,0.0,0.7276241183280945,-0.0770366787910461,0.0531391985714435,0.7281198501586914,-0.1014458686113357,-0.0640607178211212,0.3140813112258911,-0.0232000723481178,0.1377286911010742,0.0,0.0770382061600685,-0.0531345754861831,0.7271357774734497,-0.0459665209054946,-0.2380951642990112,0.3466933071613312,0.0254471376538276,-0.1448813676834106,0.0087776184082031,0.0131516670808196,0.0176248848438262,0.9675014019012452,-0.0052317734807729,0.0190711021423339,1.2268731594085691,-0.0547187998890876,-0.0363868474960327,1.3228294849395752,-0.0378276258707046,0.0186671614646911,1.4276306629180908,0.1073171496391296,-0.0597509741783142,1.1890575885772705,0.1437553167343139,-0.1850316375494003,0.9532374143600464,0.0719557255506515,-0.3410810828208923,0.7724623084068298,-0.1083995997905731,0.0933899879455566,1.1711719036102295,-0.269953042268753,0.027389109134674,0.9514755010604858,-0.3322807550430298,-0.1884946078062057,0.8427501916885376
0.0,0.0,0.7362099885940552,-0.0656278580427169,0.0544127114117145,0.7358856797218323,-0.0861389264464378,-0.0455025434494018,0.3287103474140167,-0.0145489051938056,0.1673658490180969,0.0275437831878662,0.0656297206878662,-0.0544069521129131,0.7365413904190063,-0.0603663250803947,-0.2215795516967773,0.3636012077331543,-0.0051427707076072,-0.1787792444229126,0.0,0.013131633400917,0.0181153118610382,0.9756739139556884,-0.0010929107666015,0.0253061652183532,1.234792709350586,-0.0488757193088531,-0.0278776884078979,1.3314590454101562,-0.0336260795593261,0.0226020812988281,1.437459945678711,0.098519891500473,-0.0563170909881591,1.1954346895217896,0.1165260970592498,-0.1939114779233932,0.95670086145401,0.0536555051803588,-0.3465292751789093,0.7827154397964478,-0.0937240421772003,0.0980869233608245,1.1789617538452148,-0.2543213069438934,0.0207676589488983,0.9661846160888672,-0.3148990273475647,-0.1868885606527328,0.8563884496688843
0.0,0.0,0.7605049014091492,-0.0681507736444473,0.055913396179676,0.7583096027374268,-0.0955696403980255,-0.0528339743614196,0.3477790355682373,-0.0091207101941108,0.168847382068634,0.0630322694778442,0.0681523010134697,-0.0559084638953208,0.7627074718475342,-0.0597550421953201,-0.2215117216110229,0.3762180805206299,-0.0308790802955627,-0.1809770464897155,0.0,0.0135895162820816,0.0196737200021743,1.000438928604126,-0.0036661494523286,0.0234713852405548,1.2619256973266602,-0.0519965589046478,-0.0330488085746765,1.356999158859253,-0.0375448018312454,0.01953786611557,1.4638642072677612,0.0980168953537941,-0.0563770830631256,1.2200582027435305,0.1155105233192443,-0.1818357706069946,0.9813016653060912,0.0535772293806076,-0.3338151574134826,0.8061010837554932,-0.095587357878685,0.0960308909416198,1.2045016288757324,-0.255857765674591,0.0426263958215713,0.984182834625244,-0.3177721500396728,-0.1618070304393768,0.8618425726890564
0.0,0.0,0.7635030746459961,-0.0599870681762695,0.0582054182887077,0.7597858309745789,-0.0959366708993911,-0.0522997379302978,0.3604957163333893,-0.0045842304825782,0.1902372241020202,0.0920162796974182,0.0599888712167739,-0.05820032954216,0.767227053642273,-0.0667517185211181,-0.1994622349739074,0.3845492601394653,-0.0421030670404434,-0.1687361598014831,0.0,0.0151911014690995,0.0201452523469924,1.0019047260284424,0.0003344770520925,0.0270731449127197,1.2623505592346191,-0.0474786274135112,-0.0259629487991333,1.3595614433288574,-0.0332254730165004,0.0247792601585388,1.465646266937256,0.0917847603559494,-0.0539140403270721,1.2201552391052246,0.0963623821735382,-0.1767719686031341,0.9766581058502196,0.036705657839775,-0.322546899318695,0.8073952794075012,-0.0822330117225647,0.0985001921653747,1.2049521207809448,-0.2336530685424804,0.0440135598182678,0.9878063797950744,-0.2914931178092956,-0.146579772233963,0.8614778518676758
0.0,0.0,0.7743410468101501,-0.066484734416008,0.0583077073097229,0.7686276435852051,-0.1097574979066848,-0.0582626163959503,0.3645284473896026,0.0030590780079364,0.2030364274978637,0.1104281544685363,0.0664860755205154,-0.0583037659525871,0.7800614237785339,-0.0577360391616821,-0.197792112827301,0.3868873715400696,-0.0491927489638328,-0.1607418060302734,0.0,0.0156780872493982,0.0210286676883697,1.0139158964157104,-0.0025304034352302,0.0273873209953308,1.275230884552002,-0.0502850413322448,-0.0276882648468017,1.3731811046600342,-0.0358182117342948,0.0282257795333862,1.4782999753952026,0.0934052318334579,-0.0509772896766662,1.2330803871154783,0.106762945652008,-0.161806970834732,0.989978551864624,0.0508445054292678,-0.3114433288574219,0.8175304532051086,-0.0864700973033905,0.0995813608169555,1.215054988861084,-0.236891359090805,0.0753520876169204,0.9872004985809326,-0.3041526675224304,-0.1040620878338813,0.8410006761550903
0.0,0.0,0.7766771912574768,-0.0643407776951789,0.0646227374672889,0.7688882350921631,-0.1150873452425003,-0.0576901733875274,0.3790290951728821,-0.0005862638354301,0.206490010023117,0.1228870749473571,0.0643429532647132,-0.0646186023950576,0.7844727635383606,-0.0621245913207531,-0.1707533001899719,0.3957536220550537,-0.0502418652176857,-0.1311262845993042,0.0,0.0172613617032766,0.023582249879837,1.0126060247421265,0.0012400597333908,0.0314818620681762,1.2748785018920898,-0.0465724840760231,-0.0227501392364501,1.3724820613861084,-0.0320981442928314,0.0324771404266357,1.4781711101531982,0.0930765867233276,-0.0514541566371917,1.2299169301986694,0.1033270508050918,-0.1638460457324981,0.9806228876113892,0.0373734831809997,-0.30620077252388,0.8147799968719482,-0.0800073593854904,0.1077637076377868,1.2135566473007202,-0.2130507677793502,0.0880582779645919,0.9810270071029664,-0.2885196208953857,-0.0758486315608024,0.8303064703941345
0.0,0.0,0.7746475338935852,-0.0721754506230354,0.0637442544102668,0.7675219178199768,-0.12907275557518,-0.0666999518871307,0.3645833134651184,-0.0009790807962417,0.2004843950271606,0.1154082417488098,0.0721775293350219,-0.0637406557798385,0.7817802429199219,-0.0519853569567203,-0.1692163944244384,0.3809745907783508,-0.0426461696624755,-0.1126785278320312,0.0,0.0167080257087945,0.0224809199571609,1.0120973587036133,-0.004922542721033,0.0281720161437988,1.272782564163208,-0.0556416101753711,-0.0317203402519226,1.370422601699829,-0.0402119979262352,0.0278831124305725,1.4768884181976318,0.095824047923088,-0.0537244975566864,1.2300578355789185,0.1199362874031066,-0.1587938368320465,0.9840452671051024,0.0517728328704834,-0.3073468804359436,0.8125112056732178,-0.0891134142875671,0.1075151562690734,1.212968349456787,-0.2109086811542511,0.1169085502624511,0.9742273688316344,-0.3017842769622803,-0.0409972369670867,0.8049617409706116
0.0,0.0,0.7737167477607727,-0.0733412653207779,0.06903076171875,0.7667065858840942,-0.1357951462268829,-0.0692252218723297,0.3753175437450409,-0.0116644650697708,0.1832858324050903,0.1131535172462463,0.0733439996838569,-0.069027341902256,0.7807337045669556,-0.0503484569489955,-0.1450673639774322,0.3834706842899322,-0.0323260687291622,-0.0709700584411621,0.0,0.0182438623160123,0.0261143147945404,1.0068118572235107,-0.0019799340516328,0.0348764061927795,1.2682199478149414,-0.0517957285046577,-0.023624837398529,1.3634428977966309,-0.0381879955530166,0.0336776971817016,1.4695003032684326,0.0982134342193603,-0.0533398687839508,1.2243623733520508,0.1238079816102981,-0.1702773123979568,0.975356101989746,0.0477506667375564,-0.3202000260353088,0.8113229274749756,-0.0872722566127777,0.1201696097850799,1.2059541940689087,-0.2007538676261901,0.1404995024204254,0.9636932015419006,-0.3002643585205078,-0.0010536685585975,0.7853569388389587
0.0,0.0,0.764676570892334,-0.0818815603852272,0.0665624290704727,0.7578815221786499,-0.1432816833257675,-0.0823110938072204,0.35261070728302,-0.0137736126780509,0.1654423475265503,0.0897654891014099,0.0818839222192764,-0.0665592774748802,0.7714788913726807,-0.0415730364620685,-0.1415776908397674,0.3700783252716064,-0.0189448036253452,-0.0440098643302917,0.0,0.015700040385127,0.024188220500946,0.9984926581382751,-0.0092320069670677,0.0307956337928771,1.258533000946045,-0.0591064319014549,-0.0356212258338928,1.3525992631912231,-0.0452438965439796,0.0269086360931396,1.458186149597168,0.0998291373252868,-0.0576762855052948,1.216421604156494,0.1428665816783905,-0.1677449345588684,0.9709412455558776,0.060797318816185,-0.3199466466903686,0.8025171756744385,-0.1003865599632263,0.1155723929405212,1.196770429611206,-0.2045588493347168,0.1630256175994873,0.9517033696174622,-0.307883620262146,0.0293656922876834,0.763687252998352
0.0,0.0,0.7610957622528076,-0.0833256393671035,0.0664568692445755,0.7565029263496399,-0.1434738337993621,-0.0851203501224517,0.3553271293640136,-0.0286014899611473,0.1241524815559387,0.0735581517219543,0.083328902721405,-0.0664536207914352,0.7656959295272827,-0.0385501533746719,-0.1191942691802978,0.3682352006435394,-0.0048400908708572,0.0026860237121582,0.0,0.0154556846246123,0.0227264314889907,0.9936912059783936,-0.0136564746499061,0.031581699848175,1.2535337209701538,-0.0630219355225563,-0.0325847864151001,1.3482599258422852,-0.0479151457548141,0.029544174671173,1.4539055824279783,0.0960717499256134,-0.0589831471443176,1.2127420902252195,0.1416952311992645,-0.1758112907409668,0.9702264070510864,0.0610665380954742,-0.3316847085952759,0.8044266700744629,-0.1024047583341598,0.1210448145866394,1.1906300783157349,-0.1866393089294433,0.196656122803688,0.9478772282600404,-0.2987097799777984,0.0889748781919479,0.7444663047790527
0.0,0.0,0.748488187789917,-0.0896177887916565,0.0642315745353698,0.7426362633705139,-0.1434068530797958,-0.0957598984241485,0.3364655673503876,-0.0262325555086135,0.1015756130218505,0.0476936101913452,0.0896205902099609,-0.064228631556034,0.75434809923172,-0.0332448706030845,-0.1176106035709381,0.3533840179443359,0.0076435226947069,0.020969271659851,0.0,0.0125668942928314,0.0213415026664733,0.9813073873519896,-0.0183214396238327,0.027504026889801,1.239384651184082,-0.0686966329813003,-0.0439125299453735,1.3313937187194824,-0.055013284087181,0.0209750533103942,1.4356580972671509,0.0976787805557251,-0.0621291399002075,1.2007098197937012,0.1529273837804794,-0.1785704493522644,0.9613275527954102,0.0719690024852752,-0.3411842584609985,0.7931560277938843,-0.1119098365306854,0.1159120798110961,1.1754695177078247,-0.2012563347816467,0.1974934339523315,0.9308041334152222,-0.3123687505722046,0.089947685599327,0.727789044380188
0.0,0.0,0.7422028183937073,-0.092489942908287,0.0640704333782196,0.7370662093162537,-0.1419469267129898,-0.0936963856220245,0.3343970775604248,-0.0287562310695648,0.0743785500526428,0.0295524597167968,0.0924934893846511,-0.0640673264861106,0.7473475337028503,-0.023074448108673,-0.1123022139072418,0.3504613041877746,0.0203397683799266,0.0352446436882019,0.0,0.0124090127646923,0.0230721980333328,0.9739620685577391,-0.0206375122070312,0.0316290557384491,1.2326066493988037,-0.0712840557098388,-0.0384137034416198,1.324377417564392,-0.0575864911079406,0.025733470916748,1.4289274215698242,0.0978312417864799,-0.0600534081459045,1.1954728364944458,0.159376174211502,-0.1806624084711074,0.9583309888839722,0.0752603113651275,-0.3428980708122253,0.7903931736946106,-0.1155013442039489,0.123339831829071,1.1690036058425903,-0.1868540942668914,0.2236845791339874,0.9271838665008544,-0.3033095896244049,0.1257864534854889,0.7169466018676758
0.0,0.0,0.7225980758666992,-0.0982999205589294,0.0591819807887077,0.7173795700073242,-0.1457313299179077,-0.1167203783988952,0.3136397302150726,-0.0494188293814659,0.0180463790893554,0.0,0.0983034521341323,-0.0591789409518241,0.7278250455856323,-0.0223212018609046,-0.1282076835632324,0.3295049667358398,0.0346669256687164,0.0551396012306213,0.0041401386260986,0.0109372269362211,0.0189516544342041,0.9565541744232178,-0.0266964063048362,0.0226423144340515,1.2131434679031372,-0.0812405198812484,-0.0518135428428649,1.302080154418945,-0.0687706619501113,0.0119692683219909,1.4079484939575195,0.0965464785695076,-0.0642628669738769,1.1783820390701294,0.1656844764947891,-0.1778416633605957,0.944076120853424,0.0820073187351226,-0.3463534712791443,0.7726489901542664,-0.1239871233701706,0.1124031245708465,1.1486244201660156,-0.2040530741214752,0.2086743414402008,0.9074123501777648,-0.3151424825191498,0.1029547527432441,0.7037999033927917
0.0,0.0,0.735187292098999,-0.1028453707695007,0.0583355277776718,0.7318360805511475,-0.1423108875751495,-0.1155425012111663,0.3349999189376831,-0.06231190264225,-0.0158846974372863,0.0,0.1028496176004409,-0.0583319142460823,0.7385470867156982,-0.0122189559042453,-0.133436918258667,0.3473527431488037,0.0531244501471519,0.0764266848564148,0.0326700210571289,0.0107893180102109,0.0208100229501724,0.9673300981521606,-0.0285406000912189,0.0262930393218994,1.223867893218994,-0.0839067623019218,-0.0464880466461181,1.3116402626037598,-0.0730530694127082,0.0159636735916137,1.4169809818267822,0.0974392890930175,-0.0609804987907409,1.192702293395996,0.1759139895439148,-0.17400723695755,0.9605395197868348,0.0881550908088684,-0.340926855802536,0.7871148586273193,-0.1285498142242431,0.1190000772476196,1.1601064205169678,-0.2010636329650879,0.2218556404113769,0.9239046573638916,-0.3129631280899048,0.1099371314048767,0.7199860215187073
0.0,0.0,0.746583104133606,-0.1069859713315963,0.0516213402152061,0.7446293830871582,-0.1427237391471862,-0.1307223439216613,0.3495176136493683,-0.0818789228796958,-0.0647207498550415,0.0,0.1069903969764709,-0.0516173131763935,0.7485455274581909,-0.0118070803582668,-0.1540588140487671,0.3570790588855743,0.0685738921165466,0.1059978008270263,0.0811295509338378,0.0104628819972276,0.0198240131139755,0.9793643951416016,-0.029817409813404,0.0237940549850463,1.2349481582641602,-0.087639033794403,-0.0532986521720886,1.317887783050537,-0.0786485224962234,0.0083851218223571,1.4242810010910034,0.0982680767774581,-0.0594915151596069,1.2050479650497437,0.1733509004116058,-0.1737940311431884,0.977053701877594,0.0862649083137512,-0.3441841602325439,0.8041771650314331,-0.1351946592330932,0.1093205511569976,1.1702382564544678,-0.2150745391845703,0.1872293949127197,0.9347790479660034,-0.3229073584079742,0.0644289255142211,0.7454047799110413
0.0,0.0,0.7568789124488831,-0.108523853123188,0.0508880987763404,0.7580065131187439,-0.1404668092727661,-0.1268057823181152,0.3673967719078064,-0.0907134786248207,-0.0820369124412536,0.0,0.1085287928581237,-0.0508833155035972,0.7557597756385803,-0.0021670460700988,-0.1661491096019745,0.3680470585823059,0.0810027867555618,0.1135294437408447,0.1085869073867797,0.0113354008644819,0.020653024315834,0.9892239570617676,-0.0304951444268226,0.0238485634326934,1.2443161010742188,-0.0915601402521133,-0.0511443614959716,1.3260637521743774,-0.0820034742355346,0.0079378485679626,1.4327090978622437,0.0976160019636154,-0.0574344992637634,1.2173188924789429,0.1790136247873306,-0.1654513776302337,0.9908595085144044,0.0929188728332519,-0.3317490816116333,0.8155620098114014,-0.1352916359901428,0.111757218837738,1.18104887008667,-0.2162491083145141,0.1901197433471679,0.951732575893402,-0.320874959230423,0.056576058268547,0.764922559261322
0.0,0.0,0.757299542427063,-0.110298216342926,0.045365247875452,0.7601654529571533,-0.1401696503162384,-0.1377401947975158,0.374462366104126,-0.0956208109855651,-0.0937868356704711,0.0,0.1103032156825065,-0.0453599542379379,0.7544423937797546,-0.0034016743302345,-0.1872681379318237,0.3717417120933532,0.0989537090063095,0.1304737329483032,0.1459082961082458,0.0113121550530195,0.0219504386186599,0.9882090091705322,-0.0289300717413425,0.0233087837696075,1.2424802780151367,-0.0899451225996017,-0.0551353693008422,1.3174431324005127,-0.0823661088943481,0.0029771327972412,1.42530620098114,0.1004320681095123,-0.0550532639026641,1.215548753738403,0.1742114126682281,-0.1741785705089569,0.9920529127120972,0.088115245103836,-0.3408205807209015,0.8159647583961487,-0.1408055573701858,0.1010434031486511,1.1773889064788818,-0.2397270500659942,0.1305096894502639,0.9481082558631896,-0.3428617715835571,-0.0179187394678592,0.7767131924629211
0.0,0.0,0.7693696022033691,-0.1114325672388076,0.0465669482946395,0.7725823521614075,-0.1367676705121994,-0.1273268759250641,0.3817664682865143,-0.0973126292228698,-0.1015507578849792,0.0,0.1114374548196792,-0.0465607494115829,0.7661653757095337,-0.0017041862010955,-0.2096470892429351,0.3835923075675964,0.0820889621973037,0.063588798046112,0.1475954055786132,0.0092563815414905,0.0192822813987731,1.0022794008255005,-0.0330993756651878,0.0150662660598754,1.2552099227905271,-0.0949572473764419,-0.0666689276695251,1.3302323818206787,-0.0838276445865631,-0.0064713358879089,1.4389846324920654,0.1008262634277343,-0.0597801208496093,1.2322118282318115,0.1883278787136078,-0.1541751623153686,1.0090343952178955,0.1043428629636764,-0.3131352961063385,0.8293319344520569,-0.1442675590515136,0.097051203250885,1.1935465335845947,-0.2251574099063873,0.1577513515949249,0.9735740423202516,-0.3233994841575622,0.0021723769605159,0.8041098117828369
0.0,0.0,0.7677981853485107,-0.1123364567756652,0.0429838709533214,0.7718325257301331,-0.1365750283002853,-0.1342065930366516,0.3842653632164001,-0.0924075245857238,-0.0970540046691894,0.0,0.1123417615890502,-0.0429770573973655,0.7637724876403809,-0.0039055421948432,-0.2268926203250885,0.3889669477939605,0.0957348495721817,0.0659875273704528,0.1687925457954406,0.0089854300022125,0.0183063149452209,0.9999908208847046,-0.0337632223963737,0.0087011456489562,1.2511990070343018,-0.0945654809474945,-0.076723963022232,1.320474624633789,-0.0844149813055992,-0.017937958240509,1.4312341213226318,0.1005426198244094,-0.0621555745601654,1.228657603263855,0.1849143207073211,-0.1548270285129547,1.0079188346862793,0.1032727360725402,-0.3160471320152282,0.8258849382400513,-0.147132396697998,0.0841601490974426,1.189308762550354,-0.2363824248313903,0.1227205693721771,0.9717706441879272,-0.3318727612495422,-0.0449778847396373,0.812768280506134
0.0,0.0,0.7811355590820312,-0.1129208132624626,0.0437713786959648,0.7863221764564514,-0.1344621777534485,-0.1290332078933715,0.3960351645946502,-0.0933097898960113,-0.0990367531776428,0.0,0.1129259169101715,-0.0437637344002723,0.7759574055671692,-0.0055609196424484,-0.2456644773483276,0.4073055386543274,0.0818369388580322,0.0008537769317626,0.1533215045928955,0.0062306094914674,0.0197929441928863,1.0138370990753174,-0.034113235771656,0.006986379623413,1.2636666297912598,-0.0919433087110519,-0.0817991197109222,1.333126187324524,-0.0803398787975311,-0.0221112370491027,1.4434053897857666,0.1025567948818206,-0.0593961179256439,1.2436552047729492,0.2033497989177703,-0.1226590573787689,1.0254294872283936,0.1250330656766891,-0.2817555069923401,0.8441301584243774,-0.1493313610553741,0.0834226310253143,1.2057909965515137,-0.233997106552124,0.1388920843601226,0.9946184158325196,-0.3224780559539795,-0.0353666208684444,0.8387279510498047
0.0,0.0,0.7899092435836792,-0.1137501075863838,0.0425591915845871,0.7949920296669006,-0.1315050423145294,-0.1281087398529052,0.4058046042919159,-0.0844960659742355,-0.0859341025352478,0.0,0.1137555986642837,-0.0425509326159954,0.7848347425460815,-0.0072766542434692,-0.2577507495880127,0.4238255620002746,0.0836253613233566,-0.0206865072250366,0.1525975465774536,0.0055882558226585,0.0193838626146316,1.0223945379257202,-0.0340361148118972,0.002133309841156,1.270484209060669,-0.0893596038222312,-0.0893749296665191,1.337204098701477,-0.0781063139438629,-0.0318509340286254,1.4487504959106443,0.1021494716405868,-0.0589978098869323,1.2510110139846802,0.2083963304758072,-0.1040536910295486,1.038393497467041,0.1357751190662384,-0.2611081302165985,0.8524112701416016,-0.1492503434419632,0.0759077668190002,1.2135881185531616,-0.2328638434410095,0.1349457055330276,1.0084749460220337,-0.3157726228237152,-0.0422232896089553,0.8579289317131042
0.0,0.0,0.7974097728729248,-0.1130422055721283,0.0426153093576431,0.8020250201225281,-0.1277888119220733,-0.1237875521183013,0.4137483835220337,-0.0788091644644737,-0.0749181509017944,0.0,0.1130479872226715,-0.0426064804196357,0.7928028106689453,-0.0078454241156578,-0.2646311521530151,0.4348711371421814,0.0836767330765724,-0.040737509727478,0.1460625529289245,0.0048009064048528,0.0196536630392074,1.0299407243728638,-0.0332491397857666,-0.0003503859043121,1.276710033416748,-0.0863563790917396,-0.0935191512107849,1.3418309688568115,-0.0735687315464019,-0.0385984182357788,1.4546127319335938,0.1016472727060318,-0.0579871237277984,1.2592216730117798,0.2129717767238617,-0.0880654156208038,1.0502159595489502,0.1451639086008072,-0.2439197897911071,0.863480806350708,-0.1477709263563156,0.0716072916984558,1.2219692468643188,-0.2327387928962707,0.133117213845253,1.020944118499756,-0.3106057643890381,-0.0484641008079052,0.8740319609642029
