0.0,0.0,0.4568935036659241,0.0913191735744476,-0.0029963054694235,0.4560764729976654,-0.0496471226215362,0.2598837912082672,0.21619513630867,-0.224077045917511,0.1878853738307953,0.0,-0.091318130493164,0.0030097970739006,0.4577156007289886,-0.2272669672966003,0.1010495573282241,0.2358169257640838,-0.344079852104187,0.139679729938507,0.0583359897136688,-0.0029862988740205,0.0073760151863098,0.6658259630203247,0.0205882266163826,0.1135483980178833,0.8012964725494385,-0.0567611157894134,0.1863033771514892,0.8457934260368347,0.0764897540211677,0.1444349884986877,0.9024990797042848,-0.0534225031733512,0.0952710211277008,0.8405252695083618,-0.1867450475692749,0.0961584150791168,0.7139644026756287,-0.1689309477806091,0.2750490605831146,0.5723131895065308,0.1064646393060684,0.12164968252182,0.6840828657150269,0.1705284267663955,0.2135384380817413,0.5844788551330566,0.0396417640149593,0.2254134267568588,0.5053914785385132
0.0,0.0,0.5333715677261353,0.087520346045494,-0.0089478362351655,0.5350036025047302,-0.0213639959692955,0.2322348952293396,0.2573998570442199,-0.1579890847206115,0.153653085231781,0.0,-0.0875200405716896,0.008963530883193,0.5317453742027283,-0.1966451108455658,0.093531534075737,0.271894097328186,-0.3044589161872864,0.1323765814304351,0.0538583695888519,-0.0039348136633634,0.0242562890052795,0.7363362908363342,0.0388012118637561,0.1313969492912292,0.8646056056022644,-0.0350426286458969,0.2157439589500427,0.899608314037323,0.1046617999672889,0.1749987602233886,0.9681257009506226,-0.0339396968483924,0.1109817922115325,0.9132734537124634,-0.177753746509552,0.1322684288024902,0.8058727383613586,-0.1319123208522796,0.3157331049442291,0.6497728824615479,0.115024484694004,0.127749890089035,0.7442537546157837,0.1784329265356063,0.1826141625642776,0.6670249700546265,0.0668109655380249,0.1936367899179458,0.5681530237197876
0.0,0.0,0.6272679567337036,0.0807835757732391,-0.0154564343392848,0.635285496711731,0.019410103559494,0.1922377049922943,0.3292739391326904,-0.0665574371814727,0.1033727526664733,0.0,-0.0807839334011077,0.0154721047729253,0.6192582249641418,-0.1424353271722793,0.0780132710933685,0.3136888146400451,-0.2357875704765319,0.1034988164901733,0.04507976770401,0.0031646471470594,0.0440398305654525,0.8228431344032288,0.0653537288308143,0.1548050940036773,0.9227423667907716,-0.0049792602658271,0.2509293556213379,0.9426819682121276,0.1672521829605102,0.2046244740486145,0.9997742176055908,0.0043391324579715,0.1357064843177795,0.99163019657135,-0.155981957912445,0.1494547426700592,0.937814235687256,-0.11386139690876,0.3113332390785217,0.7592902183532715,0.1298606097698211,0.1360616385936737,0.8058642148971558,0.2078115344047546,0.1444646716117859,0.7882440090179443,0.1220486238598823,0.1434136182069778,0.6651432514190674
0.0,0.0,0.6727066040039062,0.0803587585687637,-0.019103106111288,0.6883508563041687,0.0405294522643089,0.1621891856193542,0.3607119619846344,-0.0245783179998397,0.0664693713188171,0.0,-0.0803595408797264,0.0191168375313282,0.6570705771446228,-0.1243299543857574,0.0650490522384643,0.3242273032665252,-0.1944793760776519,0.0728973150253295,0.0256097912788391,0.0095566548407077,0.0572918057441711,0.8642886877059937,0.084999606013298,0.1783125698566436,0.9545657634735109,0.0197538584470748,0.2769575715065002,0.9688348770141602,0.1983226537704467,0.231840968132019,1.0382468700408936,0.0262344181537628,0.157669186592102,1.0356147289276123,-0.1487071514129638,0.1646985411643982,1.004042387008667,-0.1081700325012207,0.316016286611557,0.8103475570678711,0.1419529467821121,0.1527262479066848,0.8364076614379883,0.2300975024700164,0.1378766447305679,0.8477999567985535,0.1731611043214798,0.1355835348367691,0.7282938957214355
0.0,0.0,0.7131144404411316,0.082375943660736,-0.0179864652454853,0.7330000996589661,0.0542426034808158,0.1311634182929992,0.3872005343437195,-0.0037900656461715,0.0282777547836303,0.0,-0.082375980913639,0.0179990697652101,0.6932367086410522,-0.1090109124779701,0.0548788607120513,0.3405192494392395,-0.1572986394166946,0.0467591881752014,0.0098018050193786,0.0102935098111629,0.0739962309598922,0.9019386172294616,0.0924839526414871,0.195949912071228,0.9761419296264648,0.0327954217791557,0.2927968800067901,0.9872161149978638,0.2287052720785141,0.2485261559486389,1.0304620265960691,0.0357875265181064,0.173868328332901,1.067436695098877,-0.1406778991222381,0.1667019128799438,1.0530775785446167,-0.1148656606674194,0.3020884990692138,0.852597713470459,0.1497068703174591,0.173546701669693,0.8609893918037415,0.2542535066604614,0.1599001884460449,0.8985557556152344,0.2228854149580001,0.1594346910715103,0.7928990125656128
0.0,0.0,0.7453563213348389,0.0842141509056091,-0.0166228879243135,0.7659680247306824,0.0706573724746704,0.1116005927324295,0.4060299098491668,0.0121669620275497,0.0144271254539489,0.0051977634429931,-0.0842137485742569,0.0166338644921779,0.7247520089149475,-0.0988500863313674,0.0531230568885803,0.3542845845222473,-0.1214081794023513,0.0288643240928649,0.0,0.008369643241167,0.0865751802921295,0.9328937530517578,0.095957763493061,0.2038978040218353,1.005347728729248,0.0462936386466026,0.2976318597793579,1.009018898010254,0.2392443418502807,0.2592152953147888,1.0813279151916504,0.0404968336224556,0.1828858256340026,1.0994031429290771,-0.1453703045845031,0.176192969083786,1.087272882461548,-0.121228739619255,0.2969224154949188,0.8866673111915588,0.14986652135849,0.1809606850147247,0.8858602046966553,0.2743259072303772,0.1598578989505767,0.9374300241470336,0.2580461800098419,0.177675724029541,0.8408071994781494
0.0,0.0,0.7785993218421936,0.0810398161411285,-0.0178222078830003,0.7992293238639832,0.0879932418465614,0.0959802269935607,0.4309105575084686,0.0426234677433967,0.0085496306419372,0.0163175463676452,-0.0810394361615181,0.0178324487060308,0.7579761743545532,-0.0812301263213157,0.0417978763580322,0.3757539391517639,-0.0876740366220474,0.0076862573623657,0.0,0.0122823305428028,0.0941117107868194,0.965035319328308,0.1009229570627212,0.2065375447273254,1.0276074409484863,0.0585693940520286,0.2978589832782745,1.02789044380188,0.268103539943695,0.2565608024597168,1.0936498641967771,0.0532324388623237,0.1897822618484497,1.1241499185562134,-0.1282159984111786,0.1911644637584686,1.1150639057159424,-0.1103868186473846,0.2926605939865112,0.91672682762146,0.1513974368572235,0.1841126680374145,0.9099625945091248,0.2951190173625946,0.1604194939136505,0.9737604856491088,0.2904024124145508,0.1921887695789337,0.873167872428894
0.0,0.0,0.8031686544418335,0.0789280459284782,-0.0202286429703235,0.8206434845924377,0.1063634157180786,0.090291827917099,0.4449684619903564,0.0727726221084594,0.0074728727340698,0.0239460468292236,-0.0789277106523513,0.020238596946001,0.7857007384300232,-0.075212262570858,0.0288748145103454,0.3863687515258789,-0.071604385972023,-0.0108047127723693,0.0,0.013999430462718,0.0962058454751968,0.9902411699295044,0.1045886725187301,0.2037761956453323,1.0484015941619873,0.0772061944007873,0.2830806970596313,1.0483322143554688,0.2765069007873535,0.2538674771785736,1.115799903869629,0.0603214353322982,0.1911570131778717,1.150514006614685,-0.1184061765670776,0.1966434717178344,1.1312565803527832,-0.1038228869438171,0.287843108177185,0.9430602788925172,0.1498499810695648,0.1808045953512191,0.9298430681228638,0.3086962699890136,0.1526091545820236,1.0055429935455322,0.3183598220348358,0.2000505775213241,0.9065394401550292
0.0,0.0,0.8229027986526489,0.0779614597558975,-0.022422656416893,0.8382751941680908,0.1111362725496292,0.0796972215175628,0.4554188251495361,0.0911801755428314,-0.0024996399879455,0.0253130197525024,-0.0779608190059661,0.0224332809448242,0.807537853717804,-0.0708365216851234,0.0080582797527313,0.3966941237449646,-0.0690299868583679,-0.0441110134124755,0.0,0.0136605072766542,0.0942757874727249,1.0122565031051636,0.1004649251699447,0.2003311514854431,1.065345287322998,0.0782763957977294,0.2752394676208496,1.0669807195663452,0.2931011319160461,0.2441883534193039,1.131516456604004,0.0605701878666877,0.1939706206321716,1.173248291015625,-0.1048458516597747,0.1947853565216064,1.1458842754364014,-0.0999299138784408,0.2883406281471252,0.961368203163147,0.147339180111885,0.1746660768985748,0.945163369178772,0.3080115914344787,0.1408465951681137,1.030226707458496,0.3306117057800293,0.2021259367465973,0.9360403418540956
0.0,0.0,0.850222110748291,0.0790721327066421,-0.0228401981294155,0.8656351566314697,0.1195359230041503,0.0682160854339599,0.4711251258850097,0.1014526635408401,-0.0181254148483276,0.027363896369934,-0.0790709555149078,0.0228518899530172,0.8348168134689331,-0.0702721923589706,0.0002292990684509,0.4112264513969421,-0.0726547166705131,-0.0635854601860046,0.0,0.0129185877740383,0.0945207178592681,1.0422569513320925,0.0997292324900627,0.2014827132225036,1.0990867614746094,0.0869260877370834,0.2675518989562988,1.0956672430038452,0.2935875058174133,0.2460900396108627,1.1512006521224976,0.0561723858118057,0.1979972124099731,1.207248330116272,-0.1017988175153732,0.1934357285499572,1.1579349040985107,-0.0989896804094314,0.2933892607688904,0.9826138615608216,0.1439635157585144,0.1729257106781005,0.9790064096450806,0.3043525815010071,0.1277161240577697,1.0581485033035278,0.3400073647499084,0.2135622501373291,0.9646025896072388
0.0,0.0,0.8636825084686279,0.0803415924310684,-0.0229472443461418,0.8786145448684692,0.122386947274208,0.0619638562202453,0.4739837646484375,0.1103322058916091,-0.0283827185630798,0.0219619870185852,-0.0803408175706863,0.0229593999683856,0.8487578630447388,-0.0593621209263801,-0.004334807395935,0.4208907186985016,-0.0635052621364593,-0.0712290406227111,0.0,0.0092990957200527,0.0916318595409393,1.0577926635742188,0.0929174125194549,0.1959495544433593,1.1154799461364746,0.0862858891487121,0.2644668221473694,1.1068077087402344,0.30258709192276,0.2341642528772354,1.1539535522460938,0.0492542013525962,0.1974961757659912,1.2203277349472046,-0.0955433398485183,0.1967479884624481,1.1520342826843262,-0.0922980904579162,0.3099278211593628,0.9885756969451904,0.1385219246149063,0.1623508483171463,0.995944619178772,0.2918571233749389,0.1054468601942062,1.0704234838485718,0.3265798687934875,0.1986563205718994,0.9716898202896118
0.0,0.0,0.8760756254196167,0.0846019834280014,-0.0194453913718462,0.8916329145431519,0.1309567987918853,0.0656825006008148,0.4778916537761688,0.1228120177984237,-0.0315918922424316,0.0232243537902832,-0.0846013575792312,0.019457658752799,0.8605248332023621,-0.0552500784397125,0.0012483596801757,0.4253210127353668,-0.0601819977164268,-0.056683599948883,0.0,0.0117614641785621,0.0920382142066955,1.0724637508392334,0.0932747721672058,0.1973368227481842,1.1359882354736328,0.0955198556184768,0.2643344104290008,1.1166563034057615,0.2967554330825805,0.2417863011360168,1.1737207174301147,0.0443163961172103,0.2028626799583435,1.2303775548934937,-0.094559758901596,0.2237137556076049,1.1368601322174072,-0.0767342448234558,0.3323372006416321,0.986035168170929,0.136848509311676,0.1595551073551178,1.0180201530456543,0.2925865054130554,0.0921190679073333,1.079288363456726,0.3182233572006225,0.1817992329597473,0.97947096824646
0.0,0.0,0.8765552639961243,0.0894183591008186,-0.0137279443442821,0.8931890726089478,0.128288984298706,0.0581063032150268,0.47508504986763,0.1294952630996704,-0.0405023097991943,0.0254310965538024,-0.0894184187054634,0.0137388966977596,0.8599287271499634,-0.0573356375098228,0.0032183825969696,0.425350546836853,-0.0531566552817821,-0.053617775440216,0.0,0.0097975879907608,0.0907290577888488,1.0730876922607422,0.0897664353251457,0.1989984214305877,1.1419920921325684,0.100955493748188,0.2667196393013,1.1207730770111084,0.3012176752090454,0.2384365499019622,1.1791081428527832,0.0365482904016971,0.2020175457000732,1.2308752536773682,-0.0839976370334625,0.228013277053833,1.134178638458252,-0.0630761682987213,0.3295868933200836,0.9799457788467408,0.1337842941284179,0.1580458283424377,1.021818995475769,0.2883292734622955,0.0852853953838348,1.0793368816375732,0.304742693901062,0.16995570063591,0.9757445454597472
0.0,0.0,0.8716147541999817,0.091592937707901,-0.0157565157860517,0.8893986940383911,0.1273816972970962,0.0425401628017425,0.4734591543674469,0.1381229609251022,-0.057879090309143,0.02543705701828,-0.0915929079055786,0.0157658066600561,0.8538383841514587,-0.0572096779942512,0.0044242143630981,0.4224375486373901,-0.042344331741333,-0.0482733845710754,0.0,0.010039934888482,0.0822789669036865,1.070125937461853,0.0956780910491943,0.1843085139989853,1.1413686275482178,0.1123620122671127,0.2473125159740448,1.1178841590881348,0.2915612459182739,0.2180870324373245,1.1718095541000366,0.0387915112078189,0.1904324889183044,1.225872278213501,-0.0772353410720825,0.2242552936077118,1.128644585609436,-0.0611476898193359,0.3099835515022278,0.9548039436340332,0.1376283168792724,0.1447550356388092,1.0239559412002563,0.2889959216117859,0.0632741451263427,1.0762227773666382,0.2975923418998718,0.1379102319478988,0.9532472491264344
0.0,0.0,0.8669447898864746,0.0928357169032096,-0.020260589197278,0.8875649571418762,0.1260446906089782,0.0366019308567047,0.47017702460289,0.1359275877475738,-0.0593245029449462,0.0262008309364318,-0.0928360968828201,0.0202684234827756,0.846332311630249,-0.0545739084482193,0.0137327015399932,0.4170151054859161,-0.0302172247320413,-0.047861099243164,0.0,0.0079021267592906,0.0702940076589584,1.0636192560195925,0.0960902124643325,0.172856867313385,1.1334521770477295,0.1184943094849586,0.2391159534454345,1.1094001531600952,0.2960068583488464,0.2018069922924041,1.174612522125244,0.0361944772303104,0.1823595464229583,1.2108582258224487,-0.0713525116443634,0.2088803052902221,1.1229381561279297,-0.0650888085365295,0.2836350202560425,0.9381653070449828,0.1371585875749588,0.1312482953071594,1.019340991973877,0.2785771489143371,0.0415442883968353,1.068611741065979,0.2776382267475128,0.0977275148034095,0.934217095375061
0.0,0.0,0.8587941527366638,0.0910365432500839,-0.0221905577927827,0.8806324601173401,0.1214797645807266,0.0344505012035369,0.4673218131065368,0.1334232687950134,-0.0687564611434936,0.0240350365638732,-0.0910359621047973,0.0221978276968002,0.8369629383087158,-0.0550872907042503,0.0192932486534118,0.4117280840873718,-0.0316483713686466,-0.0481798648834228,0.0,0.0027687512338161,0.0682912766933441,1.0589135885238647,0.0945280268788337,0.1657580435276031,1.133959174156189,0.1287118941545486,0.2220366895198822,1.1047019958496094,0.2873096168041229,0.1917203962802887,1.1480777263641355,0.0361617989838123,0.1796731054782867,1.2100813388824463,-0.075102686882019,0.19619882106781,1.1168828010559082,-0.0781194567680358,0.2679181396961212,0.9250348210334778,0.1316933929920196,0.1273191273212433,1.0175127983093262,0.2760090231895447,0.0299248546361923,1.0625163316726685,0.272025465965271,0.0866363942623138,0.9265344738960266
0.0,0.0,0.8604583740234375,0.0901919826865196,-0.0264485590159893,0.8829332590103149,0.1211652159690857,0.0345887839794158,0.4669803380966186,0.1346136331558227,-0.0669781565666198,0.0241659879684448,-0.0901902168989181,0.0264559015631675,0.8379903435707092,-0.0535110719501972,0.0276203453540802,0.4091278612613678,-0.0288749281316995,-0.0324641466140747,0.0,-0.005059640854597,0.0604327023029327,1.0613123178482056,0.0847519636154174,0.1495709419250488,1.1399915218353271,0.1222521811723709,0.2061865627765655,1.10904860496521,0.2802993357181549,0.1699910759925842,1.1498829126358032,0.0236834734678268,0.1680973470211029,1.2147352695465088,-0.0870609432458877,0.1790535449981689,1.1271536350250244,-0.0937592983245849,0.2616229057312011,0.9296419620513916,0.1266062259674072,0.108712151646614,1.0238609313964844,0.2700821757316589,0.0117730200290679,1.0650352239608765,0.2588347792625427,0.0745707526803016,0.9284400939941406
0.0,0.0,0.8617177605628967,0.0918741673231124,-0.0259225592017173,0.8854690194129944,0.1250775754451751,0.0367257595062255,0.4659677147865295,0.141137808561325,-0.0663297176361084,0.0226497054100036,-0.0918709933757782,0.0259305294603109,0.8379731774330139,-0.0625099390745163,0.0260981917381286,0.4074590802192688,-0.0353974029421806,-0.0374937057495117,0.0,-0.007901269942522,0.0641630291938781,1.0641889572143557,0.0830435678362846,0.1464188992977142,1.147031545639038,0.1263480484485626,0.1952219307422638,1.115065336227417,0.2633243501186371,0.1670612394809723,1.1463614702224731,0.0209759399294853,0.1690575778484344,1.222009301185608,-0.0934545397758483,0.177413672208786,1.131584405899048,-0.1011848449707031,0.2697201371192932,0.9383471608161926,0.1248185634613037,0.1055713295936584,1.031627893447876,0.2729938924312591,0.0007169395685195,1.0689687728881836,0.2518660426139831,0.0553339906036853,0.9315011501312256
0.0,0.0,0.8658463358879089,0.0944530665874481,-0.0229665488004684,0.8897762298583984,0.1227180287241935,0.040907084941864,0.4655850529670715,0.1432544291019439,-0.0615410208702087,0.0247495770454406,-0.094448983669281,0.0229752659797668,0.8419230580329895,-0.0668067410588264,0.0132180154323577,0.4065085649490356,-0.0357669182121753,-0.0597400665283203,0.0,-0.0096089839935302,0.0702180713415145,1.066922664642334,0.0785809233784675,0.1449280977249145,1.146230697631836,0.1257058680057525,0.1862700581550598,1.1166956424713137,0.2636230587959289,0.1505848616361618,1.1468555927276611,0.0172099098563194,0.1694881319999694,1.2218515872955322,-0.0902193486690521,0.1809436678886413,1.1390936374664309,-0.1063546240329742,0.2701532244682312,0.9496697783470154,0.1257217526435852,0.1014190316200256,1.0300633907318115,0.2734632194042206,-0.0028304755687713,1.0711557865142822,0.2409156262874603,0.0445572659373283,0.9379902482032776
0.0,0.0,0.8657552003860474,0.0963631644845008,-0.0214943867176771,0.8904526233673096,0.1296329796314239,0.0586863160133361,0.4687418937683105,0.1497663557529449,-0.0481007099151611,0.0306839942932128,-0.0963575839996337,0.0215032268315553,0.8410634398460388,-0.0684097409248352,0.0161083042621612,0.404017299413681,-0.0370518714189529,-0.0585901141166687,0.0,-0.0137386061251163,0.0703802406787872,1.0661301612854004,0.072403572499752,0.1289307475090026,1.1466333866119385,0.1265043020248413,0.1563194245100021,1.1203240156173706,0.2372356504201889,0.1278568804264068,1.1365675926208496,0.0145834386348724,0.1659582257270813,1.221638798713684,-0.0794246196746826,0.222757339477539,1.1416912078857422,-0.0814222991466522,0.3036314845085144,0.9585901498794556,0.1189112663269043,0.0869073718786239,1.0370817184448242,0.269408106803894,-0.0155514329671859,1.078334927558899,0.2364754974842071,0.0269303806126117,0.9367046356201172
0.0,0.0,0.8594149351119995,0.0946507826447486,-0.0250669680535793,0.8860039114952087,0.1391191780567169,0.0696768164634704,0.4661658108234405,0.1541840434074401,-0.0354660749435424,0.0321152806282043,-0.0946455597877502,0.025076363235712,0.8328316807746887,-0.061406310647726,0.0230649709701538,0.3998320996761322,-0.0247222296893596,-0.045051097869873,0.0,-0.0224440172314643,0.0560882985591888,1.0507149696350098,0.0558385327458381,0.0888772904872894,1.1343995332717896,0.107720673084259,0.1164608895778656,1.121937870979309,0.2117961943149566,0.078378826379776,1.1471660137176514,0.0001054182648658,0.1379763782024383,1.2037051916122437,-0.0840967893600463,0.231875479221344,1.1452661752700806,-0.0767577290534973,0.3178584575653076,0.9632906913757324,0.1003483235836029,0.0473807156085968,1.0337564945220947,0.253117024898529,-0.0406183004379272,1.0777722597122192,0.2211811244487762,0.0061235278844833,0.9327301383018494
0.0,0.0,0.8495659828186035,0.0907437056303024,-0.0338800400495529,0.8789837956428528,0.1570449918508529,0.0698074102401733,0.4609922468662262,0.1712403297424316,-0.042504072189331,0.0291245579719543,-0.0907398462295532,0.033889852464199,0.8201541304588318,-0.0535322651267051,0.0259237885475158,0.3920879662036896,-0.0146810375154018,-0.0534955263137817,0.0,-0.0288616567850112,0.0379837155342102,1.03648042678833,0.0463733077049255,0.0509825944900512,1.1276532411575315,0.1062009930610656,0.0705179870128631,1.12091863155365,0.1935198307037353,0.0459116995334625,1.1391139030456543,-0.005859151482582,0.1122479736804962,1.188133955001831,-0.0969691574573516,0.2256548404693603,1.134400486946106,-0.0685791969299316,0.3039648532867431,0.9641377329826356,0.0864930301904678,0.0107753574848175,1.0367695093154907,0.2433939576148986,-0.0879395306110382,1.075861573219299,0.2243275642395019,-0.0352788381278514,0.9257043600082396
0.0,0.0,0.8546879887580872,0.0899546816945076,-0.0400766655802726,0.8856878280639648,0.1643189191818237,0.0591843426227569,0.467610090970993,0.1823827773332595,-0.0542007088661193,0.033587098121643,-0.0899517387151718,0.0400873385369777,0.8236947655677795,-0.0484711378812789,0.0284208059310913,0.3936467468738556,-0.006844513118267,-0.0626283884048461,0.0,-0.0372381955385208,0.024672120809555,1.0379931926727295,0.0381083786487579,0.0305923819541931,1.1314983367919922,0.1056752055883407,0.0515084862709045,1.1306464672088623,0.1929733008146286,0.0230808854103088,1.1545965671539309,-0.0177047327160835,0.0955360531806945,1.1832733154296875,-0.1109939217567443,0.2055190354585647,1.13591206073761,-0.0974295735359191,0.2947169840335846,0.963674247264862,0.0804844200611114,-0.0093343555927276,1.049646496772766,0.23460254073143,-0.1137695908546447,1.0936444997787476,0.2266674637794494,-0.0545048937201499,0.9445450901985168
0.0,0.0,0.8665847778320312,0.0912180170416832,-0.0462281070649623,0.9011174440383912,0.1726464331150055,0.0513927936553955,0.4772111177444458,0.1990821659564972,-0.0560545325279235,0.0375311970710754,-0.0912146642804145,0.0462391823530197,0.8320585489273071,-0.0517155975103378,0.0370941758155822,0.3958180248737335,-0.0041277296841144,-0.0573527216911315,0.0,-0.0439373850822448,0.01954285800457,1.0530171394348145,0.0332868620753288,0.025237500667572,1.1510320901870728,0.1065148040652275,0.0345516204833984,1.1507577896118164,0.1846460998058319,0.0166686177253723,1.1674668788909912,-0.0286912322044372,0.0912478268146514,1.1933226585388184,-0.136448860168457,0.1871936172246933,1.1473623514175415,-0.115237146615982,0.2729909420013428,0.9833863377571106,0.080398604273796,-0.0110428184270858,1.0787508487701416,0.2423644363880157,-0.1245796680450439,1.1202841997146606,0.2371274530887603,-0.074081465601921,0.9678846597671508
0.0,0.0,0.8756463527679443,0.0961453765630722,-0.0470099970698356,0.9123033285140992,0.1790890097618103,0.049957275390625,0.4905680119991302,0.2108414769172668,-0.0486148595809936,0.0446107387542724,-0.0961420238018035,0.047020923346281,0.8389963507652283,-0.0524725243449211,0.0446851253509521,0.4033380150794983,0.0089836008846759,-0.0545868277549743,0.0,-0.0517143160104751,0.0249327421188354,1.0649592876434326,0.0295735877007246,0.0361764430999755,1.1615941524505615,0.1091029345989227,0.0399584174156188,1.1621814966201782,0.196991354227066,0.0157494843006134,1.183774709701538,-0.0396644994616508,0.0959531366825103,1.2012722492218018,-0.1516385972499847,0.1544130742549896,1.1650890111923218,-0.1441283077001571,0.2570890188217163,1.006123423576355,0.0872190296649932,-0.0016640573740005,1.08656907081604,0.2531794309616089,-0.1150422692298889,1.1468040943145752,0.2452076524496078,-0.0531760528683662,0.9992525577545166
0.0,0.0,0.875859797000885,0.097779095172882,-0.0521354302763938,0.9170300960540771,0.1899334341287613,0.0432834029197692,0.4995574653148651,0.2248940169811248,-0.0505279302597045,0.0538488030433654,-0.0977746099233627,0.0521457530558109,0.8346958756446838,-0.0576856583356857,0.0552327036857605,0.4021105468273163,0.0061484649777412,-0.0414335131645202,0.0,-0.0479200780391693,0.0308642536401748,1.075985312461853,0.0368757769465446,0.0504191815853118,1.1761231422424316,0.1062458679080009,0.0399954617023468,1.171170353889465,0.1776644587516784,0.0209287405014038,1.1761319637298584,-0.0385253727436065,0.1069575846195221,1.2065609693527222,-0.1656270921230316,0.1489734649658203,1.1790273189544678,-0.1483112275600433,0.2512733936309814,1.0206842422485352,0.1024671196937561,0.0116097033023834,1.1144657135009766,0.2702310979366302,-0.1030627191066742,1.1731281280517578,0.2580708265304565,-0.0380073338747024,1.013645887374878
0.0,0.0,0.8740906715393066,0.099883809685707,-0.0533234104514122,0.9150645136833192,0.1922492086887359,0.0395945012569427,0.501376748085022,0.225649744272232,-0.0502192378044128,0.0574925541877746,-0.0998795330524444,0.0533332750201225,0.8331235647201538,-0.0536603145301342,0.0605380237102508,0.40220907330513,0.01597660779953,-0.0383089780807495,0.0,-0.0466475933790206,0.0437858700752258,1.0709478855133057,0.0424242727458477,0.073055475950241,1.163520097732544,0.1159984618425369,0.05246102809906,1.161420226097107,0.1860687732696533,0.020591378211975,1.183901071548462,-0.0406404957175254,0.1219016313552856,1.180610418319702,-0.1654107719659805,0.1411434412002563,1.1664634943008425,-0.1530661582946777,0.2505496442317962,1.0214475393295288,0.1146790087223053,0.0323501527309417,1.114285588264465,0.2842824459075928,-0.0873787403106689,1.1791373491287231,0.255751371383667,-0.0236390531063079,1.0183027982711792
0.0,0.0,0.8657384514808655,0.1017701029777526,-0.0550280176103115,0.907728672027588,0.1990842521190643,0.0444428324699401,0.5003335475921631,0.2299482077360153,-0.038361370563507,0.0570013523101806,-0.1017657965421676,0.055038183927536,0.823755145072937,-0.0557014942169189,0.0655070841312408,0.3990363776683807,0.0154526159167289,-0.0351933240890502,0.0,-0.0483054593205452,0.0514592379331588,1.0640798807144165,0.047849103808403,0.0760064423084259,1.1571770906448364,0.1338656693696975,0.038178950548172,1.1596883535385132,0.1699083745479583,0.0133095681667327,1.1632670164108276,-0.0360065251588821,0.1296984851360321,1.1620957851409912,-0.1566023528575897,0.1516588032245636,1.1376384496688845,-0.1286872029304504,0.2531673312187195,1.0229196548461914,0.1196967288851738,0.0345912724733352,1.1140780448913574,0.2893508672714233,-0.0956333577632904,1.1699717044830322,0.2510583996772766,-0.046556681394577,1.0023508071899414
0.0,0.0,0.8456399440765381,0.1049478277564048,-0.0545772239565849,0.8862056136131287,0.1998145431280136,0.0621656775474548,0.4864867925643921,0.2261228263378143,-0.0097371339797973,0.050364077091217,-0.1049434542655944,0.0545878186821937,0.8050811886787415,-0.0656222254037857,0.0679406821727752,0.387121319770813,0.003828402608633,-0.0290421843528747,0.0,-0.0512052923440933,0.0496209263801574,1.0418235063552856,0.0380595512688159,0.0768243968486785,1.135401725769043,0.1252051889896392,0.0374199450016021,1.141358733177185,0.1606239378452301,0.0067453682422637,1.1565375328063965,-0.046393945813179,0.1291103065013885,1.1241908073425293,-0.1575132608413696,0.1361662149429321,1.096182346343994,-0.1418289542198181,0.2458685040473938,1.0047695636749268,0.1156290024518966,0.0332661271095275,1.102570652961731,0.2746024131774902,-0.0928325355052948,1.144690752029419,0.226974755525589,-0.0442612171173095,0.973889172077179
0.0,0.0,0.8297320008277893,0.104586586356163,-0.0579549223184585,0.8691818118095398,0.2036027759313583,0.0792549848556518,0.4745856821537018,0.2252191603183746,0.0218879580497741,0.045896291732788,-0.1045814305543899,0.057966161519289,0.7902891635894775,-0.077925756573677,0.080883115530014,0.3742709159851074,-0.0189965441823005,-0.0187700986862182,0.0,-0.0536859482526779,0.0442450195550918,1.02113676071167,0.030082257464528,0.0780122876167297,1.1153613328933716,0.1175734475255012,0.0388859808444976,1.1212880611419678,0.1409159004688263,0.013118952512741,1.1496267318725586,-0.0554714947938919,0.1318300366401672,1.0831623077392578,-0.1618955731391906,0.1261379718780517,1.054128646850586,-0.1350315511226654,0.2177126705646515,0.9856943488121032,0.1050175279378891,0.0271417498588562,1.0954012870788574,0.2670473456382751,-0.1047640740871429,1.132280349731445,0.2281303107738495,-0.0292551890015602,0.9608362913131714
0.0,0.0,0.8067735433578491,0.1018833369016647,-0.0562637597322464,0.8442748188972473,0.1994583904743194,0.1027800738811492,0.4631232023239136,0.215995043516159,0.0409027338027954,0.0528430342674255,-0.1018779724836349,0.0562735646963119,0.7692798972129822,-0.0843655616044998,0.0873677730560302,0.3628914356231689,-0.0329236723482608,-0.012147307395935,0.0,-0.0641072690486908,0.0190361142158508,0.9849528074264526,0.0023414101451635,0.0510547757148742,1.081918239593506,0.1006141677498817,0.0200662910938262,1.094269633293152,0.1229090392589569,-0.0028497278690338,1.1331543922424316,-0.0794983431696891,0.1025445312261581,1.037822723388672,-0.1607491225004196,0.1221691668033599,1.009795308113098,-0.150071233510971,0.2113288193941116,0.961482048034668,0.0766482800245285,-0.0015366524457931,1.06596040725708,0.2460499703884124,-0.1226432174444198,1.1069488525390625,0.2190827429294586,-0.027406595647335,0.9385476112365724
0.0,0.0,0.7858179807662964,0.1021036654710769,-0.0533090978860855,0.8245550990104675,0.1895102113485336,0.1110546290874481,0.4483814239501953,0.2007761299610138,0.052016258239746,0.0499681234359741,-0.1020978093147277,0.0533176213502883,0.7470887303352356,-0.0989510118961334,0.0942724049091339,0.3520174622535705,-0.0514755621552467,-0.0061721205711364,0.0,-0.0697421953082084,0.0081001818180084,0.9607346653938292,-0.0127793326973915,0.0382978916168212,1.0601271390914917,0.0902370437979698,0.0081223547458648,1.0810322761535645,0.1001030206680297,-0.0054666996002197,1.114999532699585,-0.0938202440738678,0.0897339880466461,1.0052095651626587,-0.1467061042785644,0.1472999453544616,0.9681796431541444,-0.1278442442417144,0.2274942994117736,0.945036768913269,0.0605204626917839,-0.0164671540260314,1.0507909059524536,0.2360570132732391,-0.1292281150817871,1.0850976705551147,0.2045496553182602,-0.0284012258052825,0.9092832207679749
0.0,0.0,0.764243483543396,0.1028568893671035,-0.0490537658333778,0.8037911057472229,0.1775283217430114,0.10996013879776,0.4242603480815887,0.1823256313800811,0.0569984316825866,0.038675844669342,-0.1028505861759185,0.0490621849894523,0.7247045040130615,-0.1057706773281097,0.0900376141071319,0.3385210633277893,-0.0624327361583709,-0.0024569034576416,0.0,-0.0587479807436466,0.0086765587329864,0.933803379535675,-0.0110823325812816,0.0493732690811157,1.0296237468719482,0.0888559743762016,0.0298574864864349,1.057366132736206,0.1029697209596633,0.0117533802986145,1.1032503843307495,-0.0916614681482315,0.0989240407943725,0.9682170152664183,-0.1199298202991485,0.1768819242715835,0.9351186752319336,-0.1254860758781433,0.2656640410423279,0.9131441712379456,0.062264397740364,-0.011431947350502,1.025781750679016,0.2321712672710418,-0.1181431412696838,1.0523762702941897,0.1843317151069641,-0.004495121538639,0.8813915252685547
0.0,0.0,0.7542943954467773,0.1031717211008071,-0.0483024753630161,0.7950591444969177,0.1702282428741455,0.1038006544113159,0.4086881875991821,0.1657394915819168,0.0545188784599304,0.0269333720207214,-0.1031655073165893,0.0483118444681167,0.7135381102561951,-0.1128641217947006,0.0856838226318359,0.3347356915473938,-0.081303134560585,-0.0043433904647827,0.0,-0.0500753596425056,0.0146590769290924,0.9256184101104736,-0.006863035261631,0.0558843910694122,1.0215778350830078,0.0978778302669525,0.0317272245883941,1.0561095476150513,0.0956086888909339,0.0150713920593261,1.0881659984588623,-0.0888640284538269,0.1131553053855896,0.9596227407455444,-0.1048244535923004,0.2018244564533233,0.9193102121353148,-0.0829089432954788,0.2750660479068756,0.9267148971557616,0.0696451589465141,-0.0085244327783584,1.018446445465088,0.2393043041229248,-0.1094211041927337,1.0344781875610352,0.170857548713684,0.0012746155261993,0.8698154091835022
0.0,0.0,0.7505521178245544,0.1024549901485443,-0.0462185703217983,0.7896384000778198,0.1522325873374939,0.0903736650943756,0.3984686732292175,0.149566575884819,0.0325132608413696,0.0135084390640258,-0.102447360754013,0.0462294593453407,0.7114739418029785,-0.1134398356080055,0.0734913349151611,0.3344338536262512,-0.0967710763216018,-0.0204070806503295,0.0,-0.0319382101297378,0.0294516682624816,0.9221956729888916,0.0090812444686889,0.090325653553009,1.01284658908844,0.1103030890226364,0.060642272233963,1.0435781478881836,0.1044497489929199,0.0410393476486206,1.0857751369476318,-0.0725218653678894,0.1498218476772308,0.9471510648727416,-0.0824102759361267,0.2321899831295013,0.9141751527786256,-0.1131511628627777,0.3224670886993408,0.9110912680625916,0.0863845348358154,0.0253565311431884,1.0152552127838137,0.2488844990730285,-0.0863667130470275,1.0207808017730713,0.168412759900093,0.0341874957084655,0.8638915419578552
0.0,0.0,0.7599307298660278,0.1007865071296691,-0.0470714606344699,0.7977023720741272,0.1411377936601638,0.0838489234447479,0.4021099209785461,0.1348351836204528,0.0176135301589965,0.0119760632514953,-0.1007769778370857,0.047082420438528,0.722166895866394,-0.1116533875465393,0.0699744820594787,0.343097060918808,-0.1065919399261474,-0.0166170001029968,0.0,-0.0165746286511421,0.048438087105751,0.9321448802947998,0.0227839797735214,0.1262506544589996,1.0209120512008667,0.1225624531507492,0.0917083919048309,1.0501937866210938,0.0969053581357002,0.0797875523567199,1.0829651355743408,-0.0602625161409378,0.1871751993894577,0.9591978192329408,-0.0732847601175308,0.2500148415565491,0.9330840110778807,-0.1004622429609298,0.3437809348106384,0.9252357482910156,0.1016314774751663,0.057611659169197,1.0248420238494873,0.2490222752094268,-0.0707415044307708,1.0287542343139648,0.1659448593854904,0.0617613494396209,0.8769789934158325
0.0,0.0,0.7623082399368286,0.0990127772092819,-0.0461658798158168,0.7988234758377075,0.1368149518966674,0.0934457182884216,0.4048489928245544,0.1325832456350326,0.0183963775634765,0.0128194093704223,-0.0990038961172103,0.0461760461330413,0.7258004546165466,-0.1014465391635894,0.0764760375022888,0.3468564748764038,-0.1082900464534759,-0.0105847120285034,0.0,-0.0102838687598705,0.0501458793878555,0.9318637251853944,0.0231840275228023,0.137957751750946,1.0160974264144895,0.1247178465127945,0.1073177754878997,1.036308765411377,0.1058471500873565,0.0889458954334259,1.0777101516723633,-0.0586480796337127,0.1950388848781585,0.9468148946762084,-0.0735839754343032,0.2599599361419678,0.9334938526153564,-0.1246940493583679,0.3671667575836181,0.9107729196548462,0.0980756804347038,0.0696333050727844,1.028688907623291,0.2409610450267791,-0.0545007288455963,1.0294303894042969,0.1573626101016998,0.07699716091156,0.8666231632232666
0.0,0.0,0.7682921290397644,0.101464532315731,-0.0478757731616497,0.8050944209098816,0.1357336342334747,0.1007770001888275,0.4094643294811249,0.134183257818222,0.0149023532867431,0.0136195421218872,-0.1014553308486938,0.0478853695094585,0.7314972877502441,-0.0964948982000351,0.0839999616146087,0.3508588373661041,-0.1093887910246849,-0.0122902393341064,0.0,0.0058779083192348,0.0622475743293762,0.9405381679534912,0.03868318349123,0.1690307557582855,1.0168805122375488,0.1351022124290466,0.1449238061904907,1.032691478729248,0.1067251563072204,0.1312915086746215,1.0650269985198977,-0.0460710525512695,0.2220660299062729,0.945911169052124,-0.0704657733440399,0.2750747203826904,0.9497438669204712,-0.1332292556762695,0.3679673373699188,0.912867784500122,0.1124152466654777,0.1005386859178543,1.0394515991210938,0.2528489828109741,-0.0171035826206207,1.0497031211853027,0.1739455461502075,0.1151216477155685,0.8731316924095154
0.0,0.0,0.7644112706184387,0.1030488386750221,-0.0496789142489433,0.799149751663208,0.1324029564857483,0.1011902987957,0.4024927616119385,0.1280468702316284,0.011870801448822,0.0108224153518676,-0.1030403673648834,0.0496873334050178,0.7296805381774902,-0.0863643214106559,0.085583209991455,0.3488743901252746,-0.1038161218166351,-0.0071180462837219,0.0,0.0159461386501789,0.069091796875,0.9357280135154724,0.0467731654644012,0.1863933652639389,1.0055553913116455,0.1309057772159576,0.1658155918121338,1.0198218822479248,0.1242605596780777,0.1366639733314514,1.062168836593628,-0.0382431894540786,0.2338176071643829,0.933805525302887,-0.0786465257406234,0.2804514169692993,0.9553823471069336,-0.1438953876495361,0.3655146956443786,0.9066694974899292,0.1223304271697998,0.1201117634773254,1.0381722450256348,0.2616149485111236,-0.0020158886909484,1.057661533355713,0.1839094161987304,0.1304309368133545,0.8734638690948486
0.0,0.0,0.7708408832550049,0.1049446985125541,-0.0518137887120246,0.8047596216201782,0.1366524547338485,0.1024346649646759,0.4081013798713684,0.12908336520195,0.0169703364372253,0.0135107636451721,-0.1049372777342796,0.0518219135701656,0.736930251121521,-0.0785895735025405,0.0874049961566925,0.3572331368923187,-0.0949649363756179,-0.0065775513648986,0.0,0.0267899986356496,0.0804884135723114,0.9483962655067444,0.0618418827652931,0.1975426077842712,1.0150364637374878,0.1373457610607147,0.1727736443281173,1.0313215255737305,0.117625392973423,0.1481857597827911,1.0586073398590088,-0.0234133899211883,0.2412458509206771,0.9507473111152648,-0.0875248312950134,0.2814450562000274,0.979229748249054,-0.1356478333473205,0.3551053404808044,0.931831955909729,0.1393196880817413,0.1366437226533889,1.055818796157837,0.2768387198448181,0.0156304240226745,1.0748405456542969,0.1921514719724655,0.1412772834300995,0.8883395791053772
0.0,0.0,0.7693026065826416,0.1020717918872833,-0.0548659190535545,0.8018770217895508,0.1446800678968429,0.0930339097976684,0.407834380865097,0.1435771137475967,0.0195931792259216,0.0125322937965393,-0.1020658239722251,0.0548736192286014,0.7367369532585144,-0.0657914578914642,0.083854079246521,0.3610955774784088,-0.079304926097393,-0.0073353648185729,0.0,0.0412954166531562,0.0868340134620666,0.947266161441803,0.0764423608779907,0.2133293151855468,1.014565110206604,0.132750928401947,0.1987537890672683,1.032800555229187,0.1460880637168884,0.1620126068592071,1.0626144409179688,-0.0009222477674484,0.2465849369764328,0.9498052597045898,-0.0893826186656951,0.281992107629776,0.9922038912773132,-0.1425895094871521,0.3533090651035309,0.927414059638977,0.1550037860870361,0.1550852060317993,1.060234546661377,0.2853437662124634,0.032597929239273,1.0810717344284058,0.2086129337549209,0.1534988433122635,0.882195234298706
0.0,0.0,0.7845353484153748,0.0965488106012344,-0.0600667595863342,0.8157544732093811,0.150659292936325,0.0804702639579773,0.4182579815387726,0.1548306047916412,0.0299368500709533,0.0176830291748046,-0.0965425968170166,0.0600744560360908,0.7533255815505981,-0.0601937770843505,0.0907018482685089,0.3737261891365051,-0.0708805471658706,-0.0008602738380432,0.0,0.0445389337837696,0.0915272086858749,0.953501522541046,0.0832859873771667,0.2219997197389602,1.0142617225646973,0.145338773727417,0.2129090428352356,1.0370501279830933,0.1529944837093353,0.187275618314743,1.0802390575408936,0.0042513385415077,0.251771330833435,0.9415329098701476,-0.097061887383461,0.2729610800743103,1.0103343725204468,-0.1474475860595703,0.3431454300880432,0.948327660560608,0.1582746505737304,0.1614424437284469,1.0697736740112305,0.2923342585563659,0.0444865226745605,1.095563530921936,0.227329134941101,0.1688832491636276,0.8967447876930237
0.0,0.0,0.7987362146377563,0.0967895463109016,-0.0617143735289573,0.8295555710792542,0.15058533847332,0.0688480734825134,0.4233894944190979,0.1601829826831817,0.0190387964248657,0.0147862434387207,-0.0967828258872032,0.0617240779101848,0.7679251432418823,-0.0618181228637695,0.0913038849830627,0.3823590576648712,-0.0746570825576782,-0.004601240158081,0.0,0.0471001975238323,0.0938448011875152,0.963428795337677,0.0806397199630737,0.2274177074432373,1.0166804790496826,0.1369542330503463,0.2259948998689651,1.0302231311798096,0.1662663966417312,0.2028115540742874,1.0806901454925537,0.0056796669960021,0.2517475485801697,0.9462099075317384,-0.0934898108243942,0.2855015993118286,1.0151804685592651,-0.1493386030197143,0.3514152765274048,0.9549939632415771,0.1562317311763763,0.1687346398830413,1.0722012519836426,0.2988660931587219,0.0629752278327941,1.0975967645645142,0.245929330587387,0.1767540276050567,0.903429627418518
0.0,0.0,0.815153181552887,0.0995104312896728,-0.0597340539097785,0.8431141972541809,0.1516163349151611,0.0660391449928283,0.4309907257556915,0.1595488339662552,0.0066702365875244,0.0181198120117187,-0.0995026677846908,0.0597461834549903,0.7871996760368347,-0.0660973042249679,0.0891280174255371,0.39311084151268,-0.0800596699118614,-0.0109782814979553,0.0,0.0490782968699932,0.0943012684583664,0.9758979678153992,0.0784602314233779,0.2241738438606262,1.0258554220199585,0.1338319480419159,0.2328006327152252,1.032315969467163,0.1631155163049698,0.2219406962394714,1.0874390602111816,-0.0010259002447128,0.2431721985340118,0.9543839693069458,-0.0924817323684692,0.2806604504585266,1.027164340019226,-0.1371449828147888,0.3517104983329773,0.9738730192184448,0.1582688987255096,0.168857991695404,1.0808229446411133,0.3046241700649261,0.0733953416347503,1.1075077056884766,0.2612201869487762,0.1874087005853653,0.9287292957305908
0.0,0.0,0.8239376544952393,0.0989400744438171,-0.0607728958129882,0.8516584038734436,0.1545216143131256,0.0645186901092529,0.4367632865905761,0.1543634235858917,-0.0024764537811279,0.0212013721466064,-0.0989328324794769,0.0607870668172836,0.7962241172790527,-0.0696100443601608,0.0848234593868255,0.4003453254699707,-0.0802557170391082,-0.0102742314338684,0.0,0.0634689331054687,0.0955203622579574,0.9816522002220154,0.0758370012044906,0.2293631434440612,1.0314375162124634,0.1097174882888794,0.2544170618057251,1.0380394458770752,0.1800367087125778,0.2285634279251098,1.1018449068069458,-0.0034586265683174,0.2392069399356842,0.9585697054862976,-0.0964979827404022,0.2812307178974151,1.038712739944458,-0.1190716326236724,0.3663820028305053,0.9859098792076112,0.1626385748386383,0.1739424765110016,1.08991801738739,0.300936222076416,0.0668320953845977,1.1215118169784546,0.2650493383407593,0.1887747049331665,0.9381909370422364
0.0,0.0,0.8317092657089233,0.0994020625948906,-0.0596689768135547,0.8583799004554749,0.1539238393306732,0.062148779630661,0.4409810304641723,0.1475671082735061,-0.013357400894165,0.0210779309272766,-0.099394716322422,0.059684932231903,0.8050458431243896,-0.0698774456977844,0.0783484876155853,0.404556006193161,-0.0790361389517784,-0.0060080289840698,0.0,0.070752240717411,0.097001165151596,0.988094925880432,0.0844263210892677,0.2285190224647522,1.0371869802474976,0.1176890581846237,0.2644690573215484,1.0394275188446045,0.1791167259216308,0.2429415583610534,1.1136809587478638,0.0021317079663276,0.2335751950740814,0.9728895425796508,-0.0896146595478057,0.2813002467155456,1.0499398708343506,-0.09976826608181,0.3817072808742523,0.9897977709770204,0.1707245707511901,0.1756847500801086,1.0906046628952026,0.2982744574546814,0.0649063885211944,1.1308293342590332,0.2579843997955322,0.1913104951381683,0.9382144808769226
0.0,0.0,0.8229336738586426,0.0994790345430374,-0.0551937147974967,0.847922682762146,0.1551827490329742,0.0651180446147918,0.4357126653194427,0.1442199647426605,-0.0189063549041748,0.0166056156158447,-0.0994728133082389,0.0552107095718383,0.7979511022567749,-0.0705924928188324,0.0782625079154968,0.4045994877815246,-0.0775003582239151,0.0106713771820068,0.0,0.0767593532800674,0.0905095189809799,0.9772876501083374,0.0843244194984436,0.2181092500686645,1.031341552734375,0.1057990118861198,0.2614768445491791,1.0387649536132812,0.1936273425817489,0.2301402390003204,1.1085317134857178,0.0003868117928504,0.214666411280632,0.9671202301979064,-0.0941264927387237,0.2599868178367615,1.043960690498352,-0.1068260967731475,0.3682163953781128,0.9760178327560424,0.1768695563077926,0.1711417138576507,1.0777685642242432,0.2907532155513763,0.0574569106101989,1.1182446479797363,0.2471790015697479,0.1852975785732269,0.9205378293991088
0.0,0.0,0.8123961687088013,0.0965042263269424,-0.0518161915242672,0.8365175127983093,0.146467700600624,0.0706704556941986,0.4321409463882446,0.1353867352008819,-0.0177648663520813,0.0148678421974182,-0.096498429775238,0.0518331378698349,0.7882808446884155,-0.0674163699150085,0.0744286775588989,0.4006811082363128,-0.0699383020401001,0.019499123096466,0.0,0.0726672559976577,0.079542189836502,0.9633139371871948,0.0795020163059234,0.1931296288967132,1.0168248414993286,0.1025998666882515,0.2366786897182464,1.0280334949493408,0.1689388155937194,0.2095454335212707,1.1072475910186768,-0.0054132938385009,0.1914520114660263,0.9556183218955994,-0.0982977151870727,0.2348809689283371,1.026872992515564,-0.0972058773040771,0.3598294854164123,0.9586288928985596,0.1729414463043213,0.1561224162578582,1.057215690612793,0.276600033044815,0.0497046411037445,1.0978562831878662,0.2294860929250717,0.1801364123821258,0.8990578651428223
0.0,0.0,0.7976872324943542,0.0933421999216079,-0.0500757023692131,0.8206956386566162,0.143308624625206,0.073050856590271,0.425062745809555,0.1308573633432388,-0.0287318229675292,0.0087976455688476,-0.0933373346924781,0.0500923730432987,0.7746838331222534,-0.0671849995851516,0.0764716267585754,0.3968276083469391,-0.0728884413838386,0.0310924053192138,0.0,0.0623737797141075,0.06140898168087,0.949478268623352,0.0685382187366485,0.1671049892902374,1.010741114616394,0.0919066742062568,0.203817069530487,1.0279839038848877,0.1706389933824539,0.1718946695327758,1.10431170463562,-0.0151947885751724,0.1647778451442718,0.9453181624412536,-0.1043179482221603,0.2138263881206512,1.0092105865478516,-0.0982623398303985,0.3546324372291565,0.9449422955513,0.1624334007501602,0.1380042433738708,1.0441349744796753,0.2668300271034241,0.0407133400440216,1.0809540748596191,0.2210237681865692,0.1616024672985077,0.873736560344696
0.0,0.0,0.7861934900283813,0.0929816588759422,-0.0478683561086654,0.8072691559791565,0.1348836869001388,0.0846318006515502,0.4195598363876343,0.1219153106212616,-0.0234071612358093,0.0129490494728088,-0.0929765254259109,0.0478843823075294,0.7651230692863464,-0.0687134265899658,0.0783745646476745,0.3911566734313965,-0.0704431161284446,0.0365146398544311,0.0,0.0524844229221344,0.0445793867111206,0.9377289414405824,0.0575324669480323,0.1453112661838531,1.0060635805130005,0.0850605964660644,0.1788933128118515,1.020308256149292,0.1458885222673416,0.1499621868133545,1.1085261106491089,-0.027612954378128,0.1474217027425766,0.9412931203842164,-0.1081633567810058,0.1947631686925888,0.9907314777374268,-0.0967321991920471,0.3415121734142303,0.9266993403434752,0.1497853100299835,0.1220758855342865,1.0301060676574707,0.2568458020687103,0.0378965139389038,1.0633856058120728,0.2081642150878906,0.1512822657823562,0.862703263759613
0.0,0.0,0.7756204009056091,0.0936908274888992,-0.0478143170475959,0.7971758246421814,0.128775417804718,0.0896049439907074,0.4132826626300812,0.113503098487854,-0.0192717909812927,0.0183466672897338,-0.0936861634254455,0.0478293448686599,0.7540705800056458,-0.0737929865717887,0.0806939899921417,0.3840637803077698,-0.0729541778564453,0.0407978296279907,0.0,0.0447026416659355,0.0340738445520401,0.9283770322799684,0.0523343235254287,0.1342862844467163,1.004404067993164,0.0806664451956749,0.1752384901046753,1.0134871006011963,0.1558805853128433,0.1396864652633667,1.1028945446014404,-0.0309227108955383,0.1392640471458435,0.9432223439216614,-0.1117305010557174,0.1882429420948028,0.97525954246521,-0.1019250005483627,0.3275491893291473,0.9072667360305786,0.1428796797990799,0.1113975942134857,1.0246684551239014,0.2566215693950653,0.0390498638153076,1.0515546798706057,0.2049636393785476,0.148524671792984,0.8574877977371216
0.0,0.0,0.759827196598053,0.095593973994255,-0.0469883680343627,0.7812179923057556,0.126789391040802,0.0974987149238586,0.4004199504852295,0.1084228083491325,-0.0124730467796325,0.0178344845771789,-0.0955896973609924,0.0470024123787879,0.7384423613548279,-0.0751094967126846,0.086089551448822,0.3761371374130249,-0.0733951032161712,0.0467668175697326,0.0,0.0377175845205783,0.0261497050523757,0.9166523218154908,0.0539242401719093,0.1183152794837951,0.9992259740829468,0.0952016338706016,0.1659930199384689,0.9977580308914183,0.1547686010599136,0.1406899392604828,1.0979634523391724,-0.0291439592838287,0.1280121505260467,0.9464662075042723,-0.1207352429628372,0.1663938015699386,0.9548914432525636,-0.1118840277194976,0.2918848991394043,0.8854407072067261,0.1394679099321365,0.0966796875,1.0107409954071045,0.2612091898918152,0.0307978689670562,1.0283015966415403,0.1967610865831375,0.130420833826065,0.8385804891586304
0.0,0.0,0.7400152683258057,0.0976598337292671,-0.0458431169390678,0.7617900967597961,0.1243388056755065,0.0990317463874816,0.3816953003406524,0.1036413460969924,-0.0062155723571777,0.0107917785644531,-0.0976565778255462,0.0458566509187221,0.7182468175888062,-0.0843625217676162,0.0869469344615936,0.3686407804489136,-0.086120381951332,0.0390599966049194,0.0,0.0383974686264991,0.0244193375110626,0.9034926891326904,0.061402503401041,0.1190495789051055,0.988892674446106,0.1040871515870094,0.1750507354736328,0.9888893365859984,0.1809735298156738,0.1498013138771057,1.0803147554397583,-0.0206542313098907,0.1281784474849701,0.9437771439552308,-0.1267871856689453,0.1502198725938797,0.9364811182022096,-0.1159211099147796,0.258899986743927,0.867590069770813,0.1466269344091415,0.0943149775266647,0.9945501685142516,0.2700003087520599,0.028285413980484,1.0027320384979248,0.1944259703159332,0.1170656457543373,0.8116320371627808
0.0,0.0,0.732344925403595,0.0982174500823021,-0.0450943633913993,0.7544218897819519,0.119108110666275,0.1011817455291748,0.3731288015842438,0.0925722941756248,0.0040499567985534,0.0069888234138488,-0.0982142090797424,0.0451076403260231,0.7102747559547424,-0.0875252336263656,0.091832548379898,0.3654005527496338,-0.0997338742017746,0.0252962112426757,0.0,0.0347152948379516,0.0281735062599182,0.8967961668968201,0.0694636479020118,0.1215998828411102,0.9784783720970154,0.1307596713304519,0.1710646003484726,0.9777694940567015,0.1743209362030029,0.1577617824077606,1.0821661949157717,-0.01633932441473,0.1347799599170684,0.9371577501296996,-0.1327851414680481,0.1445007175207138,0.925096869468689,-0.1224265098571777,0.2417343556880951,0.8603494763374329,0.1487108469009399,0.0955621302127838,0.9815043807029724,0.2813358604907989,0.0309198945760726,0.985564351081848,0.1901489943265915,0.1154440194368362,0.8031458258628845
0.0,0.0,0.736694872379303,0.101083405315876,-0.0413706228137016,0.7572601437568665,0.1090425997972488,0.0976022779941558,0.3707590401172638,0.0809711813926696,-0.0036806464195251,0.0024283528327941,-0.1010800749063491,0.0413844957947731,0.7161360383033752,-0.099467933177948,0.093910813331604,0.3710380494594574,-0.1206566393375396,0.0262558460235595,0.0,0.0221755504608154,0.0320549756288528,0.9079400897026062,0.0597645379602909,0.1220203042030334,1.000079870223999,0.1241516470909118,0.1562099605798721,0.9931756258010864,0.1749998927116394,0.1456840634346008,1.0807768106460571,-0.0264358296990394,0.140450969338417,0.9692858457565308,-0.1470366269350052,0.1551613211631775,0.9421101808547974,-0.1401001811027526,0.2589517831802368,0.8673456907272339,0.142145499587059,0.0936516523361206,0.9883190393447876,0.2861431539058685,0.0274927914142608,0.9875598549842834,0.1864938735961914,0.1132840514183044,0.8018597364425659
0.0,0.0,0.7611208558082581,0.1059927195310592,-0.0375397428870201,0.7819051742553711,0.1035796552896499,0.0946742594242096,0.3810839354991913,0.0713799893856048,-0.0063650012016296,0.0012552142143249,-0.105987824499607,0.0375541895627975,0.7403431534767151,-0.1174232363700866,0.0924679040908813,0.3857547640800476,-0.1445327550172805,0.0361284613609313,0.0,0.0131986597552895,0.0433855354785919,0.9395521879196168,0.0560345761477947,0.1306225806474685,1.0357913970947266,0.125967264175415,0.1513767838478088,1.019234299659729,0.155120775103569,0.1496111750602722,1.1069557666778564,-0.0386795252561569,0.1525869369506836,1.0112180709838867,-0.1660680919885635,0.1575040370225906,0.9850378036499025,-0.1544775962829589,0.2840076088905334,0.9101463556289672,0.1389581263065338,0.0974198579788208,1.0151349306106567,0.2795674204826355,0.0188084840774536,1.011013746261597,0.1742967069149017,0.1173162758350372,0.8261862993240356
0.0,0.0,0.7844597697257996,0.1096949130296707,-0.0318087935447692,0.8020533919334412,0.1014051437377929,0.0913443863391876,0.3907023072242737,0.0688565671443939,-0.0111526846885681,0.0,-0.109688714146614,0.0318238474428653,0.7668723464012146,-0.135858803987503,0.0835313498973846,0.3985951840877533,-0.1676186919212341,0.0272643566131591,0.0003013014793395,0.0089315362274646,0.0611785501241683,0.9736772179603576,0.058585301041603,0.1588276624679565,1.0676292181015017,0.1322509199380874,0.1586411148309707,1.0458062887191772,0.1643458753824234,0.1702508628368377,1.1141421794891355,-0.0405781120061874,0.1757425218820572,1.053021788597107,-0.1727770864963531,0.1665776073932647,1.0285773277282717,-0.1656711101531982,0.3022992014884949,0.9422311782836914,0.1430142521858215,0.1207107156515121,1.0416553020477295,0.2825501263141632,0.0300496220588684,1.0413930416107178,0.1736215054988861,0.1247795969247818,0.8420113325119019
0.0,0.0,0.8022676706314087,0.1134467646479606,-0.0298280958086252,0.8159875273704529,0.1038594394922256,0.0933513045310974,0.4006528258323669,0.0704039335250854,-0.012109100818634,0.002399206161499,-0.1134394705295562,0.0298433825373649,0.7885537147521973,-0.1396636217832565,0.0834616422653198,0.4102900922298431,-0.1763297021389007,0.0243863463401794,0.0,0.0057343021035194,0.0790855586528778,1.0030584335327148,0.0707764998078346,0.1846560537815094,1.090079426765442,0.1512197852134704,0.1602156907320022,1.059152126312256,0.1619747132062912,0.1973607540130615,1.1251580715179443,-0.0330806672573089,0.2011651992797851,1.083977222442627,-0.1698517799377441,0.1829931735992431,1.065746545791626,-0.1676444113254547,0.311321884393692,0.9651315212249756,0.1483708620071411,0.1385376453399658,1.0640380382537842,0.2815293967723846,0.0341866612434387,1.0707929134368896,0.1697955131530761,0.1142905354499816,0.8585935235023499
0.0,0.0,0.8151969313621521,0.1160820424556732,-0.0308264624327421,0.8277095556259155,0.1137349903583526,0.1003017723560333,0.4103312492370605,0.0762378945946693,-0.0119084119796752,0.0100472569465637,-0.1160753443837165,0.0308420956134796,0.8026896715164185,-0.1413072496652603,0.082677811384201,0.4190556108951568,-0.1756017208099365,0.0118991136550903,0.0,0.0069781430065631,0.0897603929042816,1.022480607032776,0.0821924656629562,0.2044659852981567,1.1041409969329834,0.1624485403299331,0.1623971909284591,1.0715290307998655,0.1792647242546081,0.2159521579742431,1.1136027574539185,-0.0213332995772361,0.2222124636173248,1.1014201641082764,-0.1649417281150818,0.2049833685159683,1.0901336669921875,-0.1660411059856414,0.3247795104980469,0.9820756316184998,0.1574792563915252,0.148400992155075,1.0763715505599976,0.2807573974132538,0.0325251817703247,1.0858709812164309,0.1612811833620071,0.0879444852471351,0.8636858463287354
0.0,0.0,0.8205358982086182,0.115131102502346,-0.0336378440260887,0.8331504464149475,0.1126984730362892,0.0928884446620941,0.4112089276313782,0.0746035873889923,-0.0154103636741638,0.007880687713623,-0.1151250153779983,0.0336525961756706,0.8079264760017395,-0.1336020827293396,0.0691449642181396,0.4194939732551574,-0.173272043466568,-0.0062785744667053,0.0,0.0055610015988349,0.0905364006757736,1.0284247398376465,0.0920539796352386,0.2017869502305984,1.1069308519363403,0.1791068613529205,0.1531010121107101,1.0668582916259766,0.1790869235992431,0.2218502461910247,1.122868299484253,-0.0124577432870864,0.2272447049617767,1.1071655750274658,-0.1552684009075164,0.2225379347801208,1.0966883897781372,-0.1552013158798217,0.3469833135604858,0.9824671745300292,0.159887433052063,0.1396376490592956,1.0805827379226685,0.2724117338657379,0.0156102776527404,1.085602641105652,0.1500661075115203,0.0711257308721542,0.8671774864196777
0.0,0.0,0.8239601850509644,0.1112971454858779,-0.0399083271622657,0.8355816006660461,0.1149352863430976,0.0856421589851379,0.4146581888198852,0.0865397527813911,-0.0105141997337341,0.0077719092369079,-0.1112911328673362,0.0399216972291469,0.812344491481781,-0.1240183413028717,0.0690577924251556,0.4232952892780304,-0.1660446375608444,-0.0032665133476257,0.0,0.003699105232954,0.0921739786863327,1.033493161201477,0.0950207263231277,0.1951607763767242,1.116847276687622,0.1810570061206817,0.1488833725452423,1.0734286308288574,0.1835822612047195,0.2222465872764587,1.1094934940338137,-0.0040877908468246,0.2257670760154724,1.121705412864685,-0.1509948521852493,0.2246931791305542,1.1150025129318235,-0.1452081799507141,0.3554354310035705,0.9914695024490356,0.1566861569881439,0.1281099319458007,1.0882422924041748,0.2641504108905792,-0.0032057166099548,1.1022014617919922,0.1456651985645294,0.065838985145092,0.8776958584785461
0.0,0.0,0.8281379342079163,0.1083957701921463,-0.0462259203195571,0.8398146033287048,0.1189317032694816,0.0815348029136657,0.416619062423706,0.1006499975919723,-0.0003644227981567,0.004759669303894,-0.108389988541603,0.0462380573153495,0.8164681196212769,-0.1149983257055282,0.0684970319271087,0.4229800701141357,-0.1622457057237625,0.0017203092575073,0.0,0.0036007314920425,0.0909186601638794,1.039242148399353,0.0993014574050903,0.1845402121543884,1.1261557340621948,0.1814757287502288,0.1384333074092865,1.0875904560089111,0.1713587343692779,0.2101003229618072,1.125349044799805,-0.0025096461176872,0.2210462391376495,1.1277071237564087,-0.1530295610427856,0.2310540378093719,1.1309863328933716,-0.1384671628475189,0.3610880970954895,1.0062968730926514,0.1548133492469787,0.1146588772535324,1.0988668203353882,0.2599432468414306,-0.0111047029495239,1.1218366622924805,0.1464944779872894,0.0616189427673816,0.8890055418014526
0.0,0.0,0.8210609555244446,0.108052983880043,-0.0473290607333183,0.8325721025466919,0.1165702939033508,0.0756160020828247,0.4112366139888763,0.107251800596714,-0.0065271854400634,0.0,-0.1080472841858863,0.0473398640751838,0.8095566630363464,-0.1102667152881622,0.0674062967300415,0.4171735048294067,-0.1591656804084777,-0.0031752586364746,0.0002632737159729,-0.0003867521882057,0.0921783447265625,1.0330321788787842,0.099121369421482,0.1807075142860412,1.1192702054977417,0.1823248267173767,0.1351088285446167,1.0801218748092651,0.1715613901615142,0.2022641897201538,1.1112126111984253,-0.0021655559539794,0.2166017591953277,1.1281495094299316,-0.1495644748210907,0.2364609241485595,1.128406286239624,-0.1301845610141754,0.3567631244659424,1.003612399101257,0.1551162302494049,0.1136530339717865,1.0899237394332886,0.2676857113838196,0.0037454068660736,1.1135742664337158,0.1600404679775238,0.0728939622640609,0.8848609924316406
0.0,0.0,0.822629451751709,0.1094314157962799,-0.0466361530125141,0.8327497243881226,0.1157522201538086,0.0760396420955658,0.4137322306632995,0.0988930538296699,-0.0087983608245849,0.0,-0.1094249039888382,0.0466462597250938,0.812515914440155,-0.1115921288728714,0.0618764758110046,0.4235769510269165,-0.1614122837781906,-0.0122437477111816,0.0100229978561401,-0.0001803785562515,0.0897171050310134,1.0350565910339355,0.1000619456171989,0.173545092344284,1.1230989694595337,0.1802261024713516,0.1302851438522339,1.0893434286117554,0.1621590554714203,0.1929448544979095,1.113674283027649,-0.0046584233641624,0.2100294530391693,1.1290123462677002,-0.1457554697990417,0.2320627272129058,1.1302744150161743,-0.1208293139934539,0.3407506942749023,1.009652614593506,0.1595820039510727,0.1105630844831466,1.0947744846343994,0.2731319367885589,0.012478768825531,1.1154835224151611,0.1685763299465179,0.0786209478974342,0.901100218296051
0.0,0.0,0.8289133310317993,0.1074493527412414,-0.0452179014682769,0.8364289402961731,0.1090538501739502,0.0678264498710632,0.4180818200111389,0.0890908390283584,-0.0208614468574523,0.0,-0.1074425801634788,0.045227937400341,0.8214039206504822,-0.1139824986457824,0.0478804409503936,0.4303973317146301,-0.1640631705522537,-0.0217162370681762,0.0168403983116149,-0.0024370625615119,0.0910642743110656,1.0450249910354614,0.1019832715392112,0.1753970682621002,1.1324412822723389,0.1848897486925125,0.1274344027042389,1.1043624877929688,0.1549587845802307,0.1745980978012085,1.130551815032959,0.0011795684695243,0.2088486552238464,1.1393399238586426,-0.1436491757631302,0.2321049273014068,1.1344877481460571,-0.1167900264263153,0.3263482749462127,1.0150166749954224,0.164851427078247,0.1154630482196807,1.107507586479187,0.2837432324886322,0.0249586701393127,1.119997501373291,0.1736922562122345,0.0833950266242027,0.9122076034545898
0.0,0.0,0.8403769135475159,0.1085450947284698,-0.0461335107684135,0.8469682335853577,0.105597048997879,0.0696774125099182,0.4264869391918182,0.0819378793239593,-0.0245614051818847,0.0,-0.1085380390286445,0.0461449474096298,0.8337915539741516,-0.1146844625473022,0.0417814254760742,0.4366514682769775,-0.1716402769088745,-0.0263853073120117,0.021000325679779,-0.0015894435346126,0.0912382900714874,1.0512843132019043,0.1045608222484588,0.172402411699295,1.135845184326172,0.1892269998788833,0.1262069791555404,1.1124539375305176,0.1451253294944763,0.1690556406974792,1.1438775062561035,0.0005144774913787,0.2063662409782409,1.1368627548217771,-0.1428742706775665,0.2366645634174347,1.1302926540374756,-0.1105342209339141,0.3123958110809326,1.014617085456848,0.1694129556417465,0.1128458380699157,1.1151303052902222,0.2877061069011688,0.0266554653644561,1.126288890838623,0.1786599457263946,0.0822229534387588,0.9295490980148317
0.0,0.0,0.8445706963539124,0.1101708710193634,-0.0455031506717205,0.8506425619125366,0.105762630701065,0.07944256067276,0.4283204078674316,0.0839334428310394,-0.0183951258659362,0.0,-0.11016496270895,0.0455152094364166,0.8385043144226074,-0.118081010878086,0.0360904037952423,0.4390806555747986,-0.179749459028244,-0.0300948023796081,0.021989107131958,-0.0088523812592029,0.0856376886367797,1.0569313764572144,0.0975754261016845,0.1556470990180969,1.1474058628082275,0.1838162690401077,0.1111198365688324,1.126349925994873,0.1392331421375274,0.138710469007492,1.1497843265533447,-0.0039059892296791,0.1920941770076751,1.141307353973389,-0.156201034784317,0.2243648469448089,1.118913173675537,-0.1135210394859314,0.2969338297843933,1.0115816593170166,0.1660486012697219,0.098381906747818,1.1252516508102417,0.2835886180400848,0.0090759992599487,1.1319377422332764,0.1682307571172714,0.0496497526764869,0.9377342462539672
0.0,0.0,0.8486687541007996,0.112294852733612,-0.0483363606035709,0.8532052636146545,0.103918470442295,0.0892165005207061,0.4288924038410187,0.0907176285982132,-0.002470314502716,0.0,-0.1122895702719688,0.0483491122722625,0.8441383242607117,-0.1192095428705215,0.0446215569972991,0.4429572224617004,-0.1843262761831283,-0.0202999711036682,0.0240771770477294,-0.0081703551113605,0.0761579871177673,1.060049533843994,0.0969021171331405,0.1386082768440246,1.154393196105957,0.1808359175920486,0.1054880917072296,1.1485145092010498,0.1270264089107513,0.1297648549079895,1.1702381372451782,-0.0094856694340705,0.183856576681137,1.1448049545288086,-0.157597005367279,0.2306940555572509,1.1110084056854248,-0.1076943129301071,0.3041461706161499,0.9998762011528016,0.1680785417556762,0.0801518559455871,1.1282975673675537,0.2786034643650055,-0.0187049508094787,1.1376867294311523,0.1553126871585846,0.0050496757030487,0.9347500205039978
0.0,0.0,0.8446505665779114,0.113212451338768,-0.0473757535219192,0.8486912846565247,0.0999628379940986,0.0881756842136383,0.4255299568176269,0.091081403195858,0.0182867646217346,0.0,-0.1132081598043441,0.0473877526819705,0.840616762638092,-0.1319610327482223,0.0551921129226684,0.4464865326881408,-0.1917951107025146,-0.0171905755996704,0.032642662525177,-0.0119190476834774,0.0627694278955459,1.0558843612670898,0.0828352123498916,0.1178473234176635,1.159449338912964,0.1642338335514068,0.0884490609169006,1.1676923036575315,0.1107231304049491,0.1040591895580291,1.180933952331543,-0.0172751322388649,0.1652019023895263,1.1488384008407593,-0.1598718762397766,0.216336041688919,1.1043944358825684,-0.1151774525642395,0.2890015244483948,0.989633560180664,0.159133568406105,0.0642154216766357,1.1241708993911743,0.2695070207118988,-0.0372426360845565,1.1339482069015503,0.1387024223804474,-0.0254237689077854,0.913129448890686
0.0,0.0,0.8358991146087646,0.1132376790046691,-0.0474914759397506,0.8413907885551453,0.0895183980464935,0.0786555707454681,0.4220084547996521,0.0769637376070022,0.0200749039649963,0.0,-0.1132328361272811,0.0475031770765781,0.8304150700569153,-0.1434641480445861,0.0511427521705627,0.4410674571990967,-0.2058555334806442,-0.017774224281311,0.0363063812255859,-0.009903434664011,0.0543705523014068,1.051062822341919,0.0756633058190345,0.1013092994689941,1.162426233291626,0.1529023200273513,0.0750336050987243,1.1840074062347412,0.0932640358805656,0.0845752656459808,1.1896284818649292,-0.0228316411375999,0.1558425426483154,1.150412917137146,-0.1493011564016342,0.2090282142162323,1.0960135459899902,-0.1171226203441619,0.2797806560993194,0.9706873297691344,0.153889313340187,0.0505693554878234,1.1203848123550415,0.2622642517089844,-0.0436125099658966,1.122233271598816,0.1206157207489013,-0.0243628732860088,0.8984562158584595
0.0,0.0,0.8227490782737732,0.1130118444561958,-0.046235866844654,0.8299099802970886,0.0743918120861053,0.0637279450893402,0.4133864343166351,0.0571076944470405,0.010744571685791,0.0,-0.1130067110061645,0.0462468303740024,0.8155962824821472,-0.1457631886005401,0.0502192974090576,0.427908718585968,-0.2060425281524658,-0.0133036971092224,0.0323026776313781,-0.0108386315405368,0.0496743768453598,1.0392580032348633,0.066327229142189,0.0934461653232574,1.1560847759246826,0.1442360877990722,0.0607114732265472,1.1868321895599363,0.0806846246123313,0.0607046782970428,1.1960198879241943,-0.0310659185051918,0.1500975489616394,1.1442909240722656,-0.1426134556531906,0.2063034176826477,1.0813384056091309,-0.1204124391078949,0.2778594493865967,0.947514533996582,0.145451158285141,0.0419323742389678,1.1103696823120115,0.2488925606012344,-0.051541268825531,1.1097891330718994,0.1051339283585548,-0.0243468843400478,0.8797831535339355
0.0,0.0,0.8087979555130005,0.1100220829248428,-0.0475169047713279,0.8146506547927856,0.0728895515203476,0.0691646039485931,0.4039744436740875,0.043623462319374,0.0130307674407958,0.0,-0.1100168898701667,0.0475278869271278,0.8029538989067078,-0.1411661505699157,0.0621169209480285,0.4156466722488403,-0.2035931050777435,0.001912772655487,0.030643880367279,-0.0042894706130027,0.0437304824590683,1.025727152824402,0.0702774450182914,0.0832602381706237,1.1443644762039185,0.1413469314575195,0.0524422228336334,1.1834769248962402,0.0707347244024276,0.0529899597167968,1.199986457824707,-0.0238496959209442,0.1435359418392181,1.1345444917678833,-0.1299568563699722,0.2118362486362457,1.06746244430542,-0.1169826239347457,0.2886016070842743,0.9246987104415894,0.1437210440635681,0.0300977826118469,1.0949602127075195,0.2358013242483139,-0.0643521547317504,1.0887749195098877,0.1028960943222045,-0.0265969298779964,0.8660402894020081
0.0,0.0,0.797279417514801,0.1057969033718109,-0.0498457886278629,0.8026894330978394,0.0726916193962097,0.0786066353321075,0.4006940424442291,0.0396335609257221,0.0281006097793579,0.0,-0.1057924032211303,0.0498562268912792,0.7918782234191895,-0.133850485086441,0.069704383611679,0.4088515937328338,-0.1958153247833252,0.0069709420204162,0.0320454239845275,-0.0007774662226438,0.0365806519985199,1.0150487422943115,0.0714577287435531,0.0749875009059906,1.131143569946289,0.1450474709272384,0.0347827076911926,1.1716482639312744,0.0690979063510894,0.0320106744766235,1.1804426908493042,-0.0202466174960136,0.1409175395965576,1.1184958219528198,-0.1195026636123657,0.195187896490097,1.0511502027511597,-0.1172600537538528,0.2781596183776855,0.9151450991630554,0.1433599591255188,0.0249996781349182,1.0797827243804932,0.2374400496482849,-0.0791282206773758,1.0633865594863892,0.1089845895767211,-0.0328356586396694,0.853755533695221
0.0,0.0,0.7977979183197021,0.1078800559043884,-0.0518964640796184,0.8050982356071472,0.0769444182515144,0.0913841724395752,0.4039480984210968,0.0428212955594062,0.04704350233078,0.0,-0.1078747808933258,0.0519078373908996,0.7905064225196838,-0.1292589157819748,0.0737912952899932,0.4007734060287475,-0.1921962201595306,0.0108586549758911,0.0243732929229736,0.0039177648723125,0.0303583741188049,1.0209667682647705,0.0793935060501098,0.0825539231300354,1.1344060897827148,0.1382616460323333,0.0424918234348297,1.1793510913848877,0.0642555803060531,0.0325545072555542,1.190601825714111,-0.0172019302845001,0.1489533483982086,1.1228039264678955,-0.1246868669986724,0.1813030540943145,1.0516297817230225,-0.12852343916893,0.2727218270301819,0.9125590920448304,0.1528771221637725,0.0287922024726867,1.0789806842803955,0.2412956655025482,-0.0939845442771911,1.054992437362671,0.1113497912883758,-0.0239299666136503,0.8534402847290039
0.0,0.0,0.7864571809768677,0.1095725670456886,-0.0480923801660537,0.7947165966033936,0.083006739616394,0.1154607832431793,0.4013213515281677,0.0481169335544109,0.0728289484977722,0.0,-0.1095663905143737,0.0481035597622394,0.7782059907913208,-0.126394510269165,0.0912506878376007,0.3916198909282684,-0.1863101720809936,0.0414172410964965,0.0153592824935913,-0.0031061898916959,0.0341869592666626,1.012627363204956,0.0757720544934272,0.0947917699813842,1.1230289936065674,0.1341089457273483,0.0515961647033691,1.159621000289917,0.0585230737924575,0.0368630290031433,1.1556156873703003,-0.0193075165152549,0.1593496799468994,1.1180719137191772,-0.1360808610916137,0.1651675403118133,1.0468095541000366,-0.1379103362560272,0.2696427404880523,0.9052162766456604,0.1485562622547149,0.0428144931793212,1.067529559135437,0.2387995421886444,-0.100856676697731,1.0445775985717771,0.1071187853813171,-0.0163972787559032,0.845066249370575
0.0,0.0,0.784734845161438,0.1141116619110107,-0.0475574061274528,0.7942326068878174,0.0971644967794418,0.1408590972423553,0.399804949760437,0.0643447339534759,0.1066170930862426,0.0,-0.1141044199466705,0.0475689508020877,0.7752450108528137,-0.1254463791847229,0.0987308919429779,0.3857510983943939,-0.1853399574756622,0.0662137269973754,0.0086213946342468,-0.0011566951870918,0.034211054444313,1.0135663747787476,0.0784122347831726,0.1019230186939239,1.1258049011230469,0.1259610652923584,0.0609582960605621,1.168929934501648,0.0514802038669586,0.0383733510971069,1.160803198814392,-0.0261255949735641,0.1633128523826599,1.1178278923034668,-0.1564573943614959,0.1454523801803589,1.0524427890777588,-0.1449420154094696,0.2632104754447937,0.9142940640449524,0.1561606228351593,0.04566490650177,1.076870083808899,0.2445690035820007,-0.121006891131401,1.044995903968811,0.1038600727915763,-0.0299675390124321,0.8440136909484863
0.0,0.0,0.7900934219360352,0.1168141216039657,-0.0457254163920879,0.8007749319076538,0.1080003008246421,0.1622928977012634,0.4067353010177612,0.0831511840224266,0.1437123417854309,0.0,-0.1168067753314971,0.0457369312644004,0.7794201374053955,-0.1244024485349655,0.1011962592601776,0.3926293849945068,-0.1786648631095886,0.0908204317092895,0.0114713907241821,-0.007708016782999,0.0373251289129257,1.021837592124939,0.0798999890685081,0.1014730930328369,1.1326045989990234,0.134273424744606,0.0654816329479217,1.1770652532577517,0.0539091527462005,0.044530302286148,1.1732289791107178,-0.0255831703543663,0.1637515425682068,1.1361916065216064,-0.1786253154277801,0.1264062523841858,1.07647442817688,-0.155806690454483,0.2421988695859909,0.9399141669273376,0.1554822027683258,0.0413914918899536,1.087357997894287,0.2496149539947509,-0.1339654922485351,1.0586297512054443,0.1037061661481857,-0.0418077260255813,0.8564321398735046
0.0,0.0,0.7978006601333618,0.1169536858797073,-0.047000914812088,0.8101058602333069,0.1185506582260131,0.1696118265390396,0.4118550419807434,0.0993050783872604,0.1552282571792602,0.0,-0.1169465780258178,0.0470125302672386,0.7855042815208435,-0.1184913516044616,0.1052716076374054,0.4000610113143921,-0.1686211824417114,0.1000922322273254,0.0181856155395507,-0.0005309432744979,0.025261715054512,1.030931830406189,0.0853387489914894,0.0852210521697998,1.142968773841858,0.1329654604196548,0.0597738325595855,1.2007451057434082,0.057326853275299,0.0462059378623962,1.1925241947174072,-0.0208513960242271,0.146412968635559,1.146508812904358,-0.200696587562561,0.1050483882427215,1.1034353971481323,-0.1671940684318542,0.2210418581962585,0.9595012664794922,0.1600533872842788,0.0210055708885192,1.1052680015563965,0.2513882517814636,-0.1578592956066131,1.0780737400054932,0.1096632778644561,-0.04960847645998,0.8714410066604614
0.0,0.0,0.8074376583099365,0.114746943116188,-0.047785859555006,0.8232153654098511,0.1146228164434433,0.1564109921455383,0.4182677268981933,0.1064563691616058,0.1542035341262817,0.0,-0.1147396117448806,0.0477981343865394,0.7916691303253174,-0.1084988266229629,0.11185023188591,0.4091333150863647,-0.1520354449748993,0.1237121820449829,0.0290671586990356,-0.0053986646234989,0.0121638178825378,1.0377110242843628,0.075259543955326,0.0681677162647247,1.1528704166412354,0.1244731545448303,0.0412177145481109,1.2146096229553225,0.0613919757306575,0.0367401838302612,1.19582200050354,-0.0302918031811714,0.1274841129779815,1.153646469116211,-0.2202046513557434,0.0846896767616272,1.1348161697387695,-0.1774728596210479,0.2020838260650634,0.9817991256713868,0.1488587409257888,0.009082019329071,1.1220662593841553,0.2424605786800384,-0.1692219823598861,1.1072850227355957,0.1220085322856903,-0.0420135967433452,0.9034894704818726
0.0,0.0,0.8266425132751465,0.1129621341824531,-0.0489704310894012,0.8389729857444763,0.1144251376390457,0.144756019115448,0.4243153929710388,0.1046784520149231,0.1323492527008056,0.0,-0.1129543110728263,0.0489823222160339,0.8143210411071777,-0.0975922644138336,0.1248999834060669,0.4208760261535644,-0.1422410905361175,0.1370885968208313,0.0347945094108581,-0.0033996310085058,0.0059100836515426,1.059433937072754,0.0746314153075218,0.0601013302803039,1.174614429473877,0.1138315722346305,0.0360271036624908,1.2333776950836182,0.0680467188358306,0.0430094599723815,1.2044918537139893,-0.0334777534008026,0.1155722439289093,1.1831507682800293,-0.2421484589576721,0.0630538463592529,1.1731550693511963,-0.1909214854240417,0.1743781268596649,0.9893069267272948,0.1487542539834976,0.0037013292312622,1.1453691720962524,0.2351899743080139,-0.1772387474775314,1.1307839155197144,0.1251760721206665,-0.0257075503468513,0.928130269050598
0.0,0.0,0.8428303599357605,0.1094424575567245,-0.049349557608366,0.8525804877281189,0.1261932253837585,0.1395617723464965,0.4335505366325378,0.1095026731491088,0.116060197353363,0.0,-0.1094349920749664,0.0493606701493263,0.8330893516540527,-0.0754571557044982,0.1405233144760131,0.4267551004886627,-0.1128341555595398,0.1427851319313049,0.0344740748405456,-0.0013332813978195,0.0127471685409545,1.082184910774231,0.0756565779447555,0.0718545615673065,1.200610876083374,0.1159922778606414,0.0551781058311462,1.2528220415115356,0.0879373550415039,0.0756224989891052,1.2109206914901731,-0.0273012667894363,0.1187777519226074,1.2115726470947266,-0.2515790462493896,0.0423853695392608,1.2085598707199097,-0.1972868293523788,0.1585493087768554,1.004023194313049,0.1424124836921692,0.018375813961029,1.174740195274353,0.2325636148452758,-0.166066288948059,1.1623011827468872,0.13233283162117,-0.0071979090571403,0.9532325267791748
0.0,0.0,0.8499757051467896,0.1061286628246307,-0.054186787456274,0.8585677742958069,0.1406717896461486,0.1251081228256225,0.4361017644405365,0.1226506829261779,0.1026256084442138,0.0,-0.1061222925782203,0.054197359830141,0.8413919806480408,-0.0597908496856689,0.1423704028129577,0.4226319789886474,-0.0880340114235878,0.1504762172698974,0.0307787656784057,0.0086078671738505,0.017646238207817,1.0946730375289917,0.0812476873397827,0.077760636806488,1.2245253324508667,0.11644147336483,0.0776156187057495,1.2707395553588867,0.099547803401947,0.1067679226398468,1.246981143951416,-0.0202927961945533,0.1232994198799133,1.2308518886566162,-0.2539100646972656,0.0481230914592742,1.2212958335876465,-0.1946878731250763,0.1609689444303512,1.0119973421096802,0.14644555747509,0.0204149782657623,1.204013705253601,0.2329734563827514,-0.1617892831563949,1.1744402647018433,0.1388119757175445,-0.0084141418337821,0.9560086131095886
0.0,0.0,0.8486515879631042,0.1055681332945823,-0.0512365847826004,0.8568843007087708,0.1444418132305145,0.1252467930316925,0.435920387506485,0.1315716505050659,0.0980768799781799,0.0,-0.1055629253387451,0.0512465834617614,0.8404269218444824,-0.0498083084821701,0.1409749388694763,0.4171247780323028,-0.0682449042797088,0.1443021297454834,0.0266184210777282,0.0150715438649058,0.0305534303188323,1.090999722480774,0.0785678103566169,0.0931258499622345,1.2257740497589111,0.1155374720692634,0.1098422408103942,1.27202308177948,0.1243786066770553,0.1393582820892334,1.2504130601882937,-0.0250466018915176,0.1275673806667328,1.2277846336364746,-0.2523999214172363,0.0350564420223236,1.2218247652053833,-0.1983185410499572,0.1438145935535431,1.016250491142273,0.1466580033302307,0.0380817949771881,1.2101800441741943,0.2301878929138183,-0.1348856091499328,1.1767104864120483,0.1498901546001434,0.0110415071249008,0.9580212831497192
0.0,0.0,0.8355552554130554,0.1016529500484466,-0.0488369353115558,0.8433835506439209,0.1458594352006912,0.1238027215003967,0.4313612282276153,0.1412350684404373,0.0976513624191284,0.0,-0.1016484200954437,0.0488463528454303,0.8277337551116943,-0.0410556942224502,0.1432236731052398,0.4106425642967224,-0.0517388060688972,0.1367531418800354,0.0262465476989746,0.0226012282073497,0.0308065116405487,1.077654480934143,0.0827701389789581,0.0868727266788482,1.2218021154403689,0.10712181776762,0.1212438344955444,1.2616140842437744,0.1297695636749267,0.1514272391796112,1.252551794052124,-0.0175770223140716,0.1136685311794281,1.226300597190857,-0.2516488432884216,0.0135585069656372,1.209477186203003,-0.1963192224502563,0.1133688390254974,0.9938392639160156,0.1533772200345993,0.0334658920764923,1.20277202129364,0.2281262874603271,-0.1272063553333282,1.1618624925613403,0.1487628519535064,0.0113456323742866,0.94158536195755
0.0,0.0,0.8326736688613892,0.0954987555742263,-0.0489919707179069,0.8432279825210571,0.1441982537508011,0.114319235086441,0.440564215183258,0.1556287407875061,0.0992376804351806,0.0,-0.0954949855804443,0.0490017794072628,0.8221257328987122,-0.031535655260086,0.1390958428382873,0.411477118730545,-0.0399268567562103,0.1340456008911132,0.0232173204421997,0.0217946618795394,0.023617148399353,1.0689517259597778,0.0802247822284698,0.0744694769382476,1.2206214666366575,0.1088699027895927,0.1251918077468872,1.2530019283294678,0.141600877046585,0.146569162607193,1.2511754035949707,-0.0201496705412864,0.1026721596717834,1.2230920791625977,-0.242959439754486,0.001776099205017,1.2171649932861328,-0.1821494400501251,0.0959569066762924,1.005115032196045,0.1559104770421981,0.0263541042804718,1.2051119804382324,0.2267985492944717,-0.1220477670431137,1.1700626611709597,0.1517419219017028,0.0097040459513664,0.952109158039093
0.0,0.0,0.8225165605545044,0.0925596058368682,-0.0487976670265197,0.833951473236084,0.137520283460617,0.1033499836921691,0.4406691789627075,0.1594761908054351,0.0779014229774475,0.0,-0.092557281255722,0.048806507140398,0.8110871911048889,-0.0303563997149467,0.1305878758430481,0.4087207913398742,-0.0466623678803443,0.1247101426124572,0.0244746208190917,0.0167783293873071,0.0092978030443191,1.0577290058135986,0.0769163593649864,0.0565221309661865,1.217759609222412,0.0957709699869155,0.1277967691421508,1.2453157901763916,0.1354515850543975,0.1375384032726287,1.2639672756195068,-0.0247792303562164,0.0828925371170044,1.2175846099853516,-0.2467234432697296,-0.0156663060188293,1.1955506801605225,-0.1781400740146637,0.0716928094625473,0.9839816689491272,0.1570169031620025,0.009218007326126,1.1979291439056396,0.217237576842308,-0.1363808810710907,1.1497418880462646,0.1533420383930206,-0.0120641663670539,0.9322299957275392
0.0,0.0,0.8026317358016968,0.0926499962806701,-0.0455848947167396,0.8134032487869263,0.1293129026889801,0.1077632904052734,0.4357844591140747,0.153557002544403,0.0636440515518188,0.0,-0.0926480442285537,0.0455928295850753,0.7918657660484314,-0.032106839120388,0.1191512048244476,0.4036842882633209,-0.0430031195282936,0.126352846622467,0.0226487517356872,0.0062509509734809,-0.0025074034929275,1.035342812538147,0.0621200390160083,0.0364691913127899,1.207144021987915,0.0820371955633163,0.1196573972702026,1.2341763973236084,0.1254082769155502,0.129115879535675,1.250915765762329,-0.0398425236344337,0.0646402835845947,1.2032543420791626,-0.2467671632766723,-0.0297619998455047,1.166763424873352,-0.1770360171794891,0.046351134777069,0.954240620136261,0.148068219423294,-0.0019719302654266,1.1835896968841553,0.2098941504955291,-0.1362729221582412,1.128690242767334,0.1680262088775634,-0.0219235271215438,0.9165272116661072
0.0,0.0,0.7533533573150635,0.0922392234206199,-0.0436352603137493,0.7632941603660583,0.1218254119157791,0.1025488078594207,0.4109202027320862,0.1318245083093643,0.0463475584983825,0.0,-0.0922379195690155,0.0436407662928104,0.7434170246124268,-0.0305029153823852,0.1019319593906402,0.383851021528244,-0.0281452313065528,0.1251361966133117,0.025390625,-0.0015324451960623,-0.012709155678749,0.9877124428749084,0.0540238469839096,0.0178980231285095,1.1730307340621948,0.0590946301817894,0.108910858631134,1.2046520709991455,0.1022787690162658,0.1179106831550598,1.239111065864563,-0.052057072520256,0.0441871285438537,1.1625049114227295,-0.2461698055267334,-0.0505086481571197,1.0885778665542605,-0.1771213859319687,0.0181664675474166,0.8801186680793762,0.1493538618087768,-0.0139407217502594,1.1411542892456057,0.2075407803058624,-0.1263008564710617,1.0547643899917605,0.1854653358459472,-0.0218270272016525,0.8522336483001709
0.0,0.0,0.7321763038635254,0.0895902812480926,-0.044124998152256,0.7426605820655823,0.1199130490422248,0.1174191832542419,0.4080595970153808,0.1160948574542999,0.0444680452346801,0.0,-0.0895881950855255,0.0441299006342887,0.7216951847076416,-0.0221133530139923,0.1007182896137237,0.3794285953044891,-0.0102189034223556,0.127385675907135,0.0256919264793396,-0.0097973421216011,-0.0245961844921112,0.9664441347122192,0.0451449304819107,-0.0035516619682312,1.16082763671875,0.0492516979575157,0.0894180536270141,1.193358302116394,0.090424858033657,0.102452278137207,1.2351257801055908,-0.0584158897399902,0.0266743004322052,1.1472117900848389,-0.2348814904689788,-0.067644864320755,1.0453636646270752,-0.1832845509052276,0.0061053782701492,0.8419269323348999,0.1430189162492752,-0.0290720760822296,1.122524619102478,0.2045771777629852,-0.1253620386123657,1.016660213470459,0.2055194675922393,-0.021955594420433,0.8193130493164062
0.0,0.0,0.7071652412414551,0.0871769189834594,-0.0463113933801651,0.7185001969337463,0.1233704760670661,0.132105141878128,0.3992280662059784,0.1015734300017356,0.0541940927505493,0.0,-0.087174616754055,0.046314962208271,0.6958320140838623,-0.0120646208524703,0.1253154724836349,0.372609943151474,0.0021355859935283,0.1442557573318481,0.0230958461761474,-0.0169972479343414,-0.0410360842943191,0.9398354291915894,0.031155452132225,-0.0228890180587768,1.1434006690979004,0.0302567556500434,0.0693394839763641,1.1773269176483154,0.0687699764966964,0.0753090679645538,1.2281886339187622,-0.0704666972160339,0.0079780519008636,1.1238924264907837,-0.2355684041976928,-0.0883175134658813,0.9878169298171996,-0.1971807777881622,-0.0030543506145477,0.7815158367156982,0.1298736929893493,-0.0476798415184021,1.0981067419052124,0.1885724663734436,-0.139454185962677,0.9615581035614014,0.1994648873805999,-0.0341103039681911,0.7676573395729065
0.0,0.0,0.6920782327651978,0.0854973345994949,-0.0466785132884979,0.7031615972518921,0.1251103281974792,0.1328268498182296,0.390405535697937,0.0999383181333541,0.0645435452461242,0.0,-0.0854952782392501,0.0466832667589187,0.6809965372085571,-0.0027779191732406,0.138334110379219,0.3713413774967193,-0.0008399821817874,0.1460064053535461,0.0180520415306091,-0.0204987339675426,-0.0446908622980117,0.9216514825820924,0.0208737142384052,-0.0311172902584075,1.1357641220092771,0.0215854812413454,0.0567844212055206,1.1742022037506104,0.0556916147470474,0.0512369871139526,1.2269420623779297,-0.0816902220249176,0.0038484334945678,1.1164448261260986,-0.2249543666839599,-0.0994015336036682,0.9540246725082396,-0.1963777244091034,-0.0024479404091835,0.7492873072624207,0.1219884604215622,-0.0552158057689666,1.0820910930633545,0.1712840795516967,-0.1546947360038757,0.9251466393470764,0.1929070651531219,-0.0430817604064941,0.7317752242088318
0.0,0.0,0.6659666895866394,0.0870786011219024,-0.0469535402953624,0.6774059534072876,0.1248556226491928,0.132300317287445,0.3762558102607727,0.0907478779554367,0.0479057431221008,0.0,-0.0870774611830711,0.0469576939940452,0.6545287370681763,0.0014372654259204,0.148961454629898,0.3668546080589294,-0.0028036832809448,0.1405920982360839,0.0135756134986877,-0.0246619023382663,-0.0575687736272811,0.8946723341941833,0.0102680101990699,-0.0499884486198425,1.116058349609375,0.0072503183037042,0.0327592492103576,1.1552907228469849,0.0401248484849929,0.0314937829971313,1.209700584411621,-0.0942630618810653,-0.0105983912944793,1.1003462076187134,-0.2217772454023361,-0.1085415184497833,0.9097331166267396,-0.1866779327392578,0.0082837082445621,0.7083345055580139,0.1155951023101806,-0.076887160539627,1.0536248683929443,0.1554227173328399,-0.1793348342180252,0.8741976022720337,0.1795387864112854,-0.0641071647405624,0.6795620322227478
